id,source,url,type_transaction,type_bien,titre,gouvernorat,ville,prix_dt,surface_m2,nb_pieces,nb_chambres,nb_salles_bain,etage,ascenseur,parking,piscine,climatisation,chauffage_central,meuble,description_brute,date_scraping
tayara_6a96a59233f4b02206bdfcdc,tayara,https://www.tayara.tn/item/appartements/ariana/la-soukra/al-s1-sokra-parc-vide-1000dt/6a96a59233f4b02206bdfcdc/,location,appartement,AL S+1 sokra parc vide 1000dt,Tunis,La Soukra,1000.0,,1,1,60,2ème étage,False,True,False,True,False,False,"AL S+1 sokra parc vide 1000dt | Tayara Publicité Contactez-nous : +216 95 256 096 Explorer Nos boutiques ImmoNeuf Promoteurs Offres et services Votre récente recheche: Pas de recheches récentes Filtre avancé Publier une annonce Se connecter Boutiques ImmoNeuf Annonce Messages Profil Retour Accueil appartements ariana la-soukra al-s1-sokra-parc-vide-1000dt ❯ ❮ ❯ ❮ ❯ ❮ Accueil Appartements Ariana La soukra Al s1 sokra parc vide 1000dt Boutique agence acs immo 23 annonce(s) bureau C210-Ariana centre 2080 Tunis, Tunisie Chat avec le vendeur Discuter sur WhatsApp Afficher le numéro Simulez votre crédit Nous Contacter Partager l ' annonce Signaler AL S+1 sokra parc vide 1000dt 1 000 DT immobilier Ariana , an hour ago Entregitrer Signaler Description la soukra parc : à louer S1 vide au 2ème étage composé d'un salon 1 chambre clim chauffage dressing place parking avec abri residence sécurisée loyer 1000dt pour rdv et visite Afficher le numéro Lire plus Critères Type de transaction À Louer Superficie 60 Salles de bains 1 Chambres 2 Vous trouverez aussi chez agence acs immo n'a pas d'autres annonces actives Boutique agence acs immo Chat avec le vendeur Acheter et vendre gratuitement près de chez vous Immo-Expert Aide Contactez-nous Professionnels Conditions d'utilisation Politiques relatives aux cookies Raccourcis Publier une annonce Visiter une boutique Filtres avancés Rechercher sur tayara Offres et services Bons plans Contactez-nous Vous avez une question? appelez ce numéro +216 95 256 096 Retrouvez-nous sur • صوّر بيع • لوّج إشري",2026-09-03T12:50:50
tayara_6a943ec833f4b02206bd011b,tayara,https://www.tayara.tn/item/appartements/tunis/l-aouina/appartement-62-m-jardins-laouina/6a943ec833f4b02206bd011b/,vente,appartement,Appartement 62 m² à Jardins l'Aouina.,Tunis,L Aouina,185000.0,62.0,,1,62,,True,False,False,False,False,False,"Appartement 62 m² à Jardins l'Aouina. | Tayara Publicité Contactez-nous : +216 95 256 096 Explorer Nos boutiques ImmoNeuf Promoteurs Offres et services Votre récente recheche: Pas de recheches récentes Filtre avancé Publier une annonce Se connecter Boutiques ImmoNeuf Annonce Messages Profil Retour Accueil appartements tunis l-aouina appartement-62-m-jardins-laouina ❯ ❮ ❯ ❮ ❯ ❮ ❯ ❮ ❯ ❮ Accueil Appartements Tunis L aouina Appartement 62 m jardins laouina ben khedher jamil 1 annonce(s) Chat avec le vendeur Discuter sur WhatsApp Afficher le numéro Simulez votre crédit Partager l ' annonce Signaler Appartement 62 m² à Jardins l'Aouina. 185 000 DT immobilier Tunis , 2 days ago Entregitrer Signaler Description Appartement haut standing au deuxieme etage avec ascenseur et vue degagée des 3 cotés sur les jardins de la résidence , très bien positionné ensoleillé des 3 cotés , l'emplacement ideal pour le lifestyle de l'Aouina , meilleurs cafés resto patisseries de haute qualité et supermarchés tous à 1 min de marche ( Rue Sidi Zid ) ,tout les papiers sont en regle. (AI utilisé pour enlever surplus d'objets ). Lire plus Critères Type de transaction À Vendre Superficie 62 Salles de bains 1 Chambres 1 ben khedher jamil Chat avec le vendeur Acheter et vendre gratuitement près de chez vous Immo-Expert Aide Contactez-nous Professionnels Conditions d'utilisation Politiques relatives aux cookies Raccourcis Publier une annonce Visiter une boutique Filtres avancés Rechercher sur tayara Offres et services Bons plans Contactez-nous Vous avez une question? appelez ce numéro +216 95 256 096 Retrouvez-nous sur • صوّر بيع • لوّج إشري",2026-09-03T12:50:52
tayara_6a80220a86fe4424fc310112,tayara,https://www.tayara.tn/item/appartements/tunis/autres-villes/a-louer-appartement-beb-el-khadra/6a80220a86fe4424fc310112/,location,appartement,A louer appartement beb el khadra,Tunis,Autres Villes,,,,1,,,False,False,False,False,False,False,"A louer appartement beb el khadra | Tayara Publicité Contactez-nous : +216 95 256 096 Explorer Nos boutiques ImmoNeuf Promoteurs Offres et services Votre récente recheche: Pas de recheches récentes Filtre avancé Publier une annonce Se connecter Boutiques ImmoNeuf Annonce Messages Profil Retour Accueil appartements tunis autres-villes a-louer-appartement-beb-el-khadra ❯ ❮ ❯ ❮ ❯ ❮ ❯ ❮ ❯ ❮ ❯ ❮ ❯ ❮ ❯ ❮ Accueil Appartements Tunis Autres villes A louer appartement beb el khadra faten ben khemis 2 annonce(s) Chat avec le vendeur Discuter sur WhatsApp Afficher le numéro Simulez votre crédit Partager l ' annonce Signaler A louer appartement beb el khadra immobilier Tunis , 6 days ago Entregitrer Signaler Description Appartement lumineux au troisième étage sis à bab el khadhra rue Sidi abdelhak a 2min de marche de l arrêt de bab el khadhra composé de deux pièces un salon et cuisine ouverte un balcon et un séchoir partagé 
Pour deux personnes max
شقة في الطابق الثالث من العمارة الكائنة بنهج سيدي عبد الحق  باب الخضراء تونس تبعد 2دقيقتين مشيا عن محطة الحافلات بباب الخضراء متكونة من غرفتين و صالة مع مطبخ و شرفة مطلة على الشارع
لشخصين فقط
Contact Afficher le numéro Lire plus Critères Type de transaction À Louer Salles de bains 1 Chambres 2 faten ben khemis Chat avec le vendeur Acheter et vendre gratuitement près de chez vous Immo-Expert Aide Contactez-nous Professionnels Conditions d'utilisation Politiques relatives aux cookies Raccourcis Publier une annonce Visiter une boutique Filtres avancés Rechercher sur tayara Offres et services Bons plans Contactez-nous Vous avez une question? appelez ce numéro +216 95 256 096 Retrouvez-nous sur • صوّر بيع • لوّج إشري",2026-09-03T12:50:54
tayara_6a9955a833f4b02206bf6255,tayara,https://www.tayara.tn/item/appartements/tunis/el-manar-1/manar-1-des-appartements-s2-louer/6a9955a833f4b02206bf6255/,location,appartement,📍MANAR 1  : DES APPARTEMENTS S+2 À LOUER,Tunis,El Manar 1,,,2,1,0,2ème étage,False,False,False,False,False,False,"📍MANAR 1  : DES APPARTEMENTS S+2 À LOUER | Tayara Publicité Contactez-nous : +216 95 256 096 Explorer Nos boutiques ImmoNeuf Promoteurs Offres et services Votre récente recheche: Pas de recheches récentes Filtre avancé Publier une annonce Se connecter Boutiques ImmoNeuf Annonce Messages Profil Retour Accueil appartements tunis el-manar-1 manar-1-des-appartements-s2-louer ❯ ❮ ❯ ❮ ❯ ❮ ❯ ❮ ❯ ❮ ❯ ❮ ❯ ❮ ❯ ❮ ❯ ❮ Accueil Appartements Tunis El manar 1 Manar 1 des appartements s2 louer anonym användare 1 annonce(s) Chat avec le vendeur Discuter sur WhatsApp Afficher le numéro Simulez votre crédit Partager l ' annonce Signaler 📍MANAR 1  : DES APPARTEMENTS S+2 À LOUER 850 DT immobilier Tunis , 40 minutes ago Entregitrer Signaler Description L’agence #MON_RÉSEAU met à la location des appartements S+2 au 1er et 2ème étage dans une résidence privée étage proche de toutes commodités.

Il se compose de :

- Un salon 
- Une cuisine
- Une salle de bain 
- deux chambres à coucher 

Prix de location : 850 dinars 

Pour de plus amples informations veuillez contacter nos conseillères en immobilier : 

☎️Téléphone  : Afficher le numéro 📭WhatsApp : ⁨⁨ Afficher le numéro 📧E-mail : [email protected] Lire plus Critères Type de transaction À Louer Superficie 0 Salles de bains 1 Chambres 2 anonym användare Chat avec le vendeur Acheter et vendre gratuitement près de chez vous Immo-Expert Aide Contactez-nous Professionnels Conditions d'utilisation Politiques relatives aux cookies Raccourcis Publier une annonce Visiter une boutique Filtres avancés Rechercher sur tayara Offres et services Bons plans Contactez-nous Vous avez une question? appelez ce numéro +216 95 256 096 Retrouvez-nous sur • صوّر بيع • لوّج إشري",2026-09-03T12:50:58
tayara_6a99597833f4b02206bf64ca,tayara,https://www.tayara.tn/item/appartements/ariana/cit-ennasr-2/ennasr-2-lgance-confort-espace-vert-appartement-s2-avec-jardin-privatif-a-louer/6a99597833f4b02206bf64ca/,location,appartement,"ENNASR 2 | ÉLÉGANCE, CONFORT & ESPACE VERT – APPARTEMENT S+2 AVEC JARDIN PRIVATIF A LOUER",Ariana,Cit Ennasr 2,1650.0,55.0,2,1,100,rez-de-chaussée,False,True,False,True,True,False,"ENNASR 2 | ÉLÉGANCE, CONFORT & ESPACE VERT – APPARTEMENT S+2 AVEC JARDIN PRIVATIF A LOUER  | Tayara Publicité Contactez-nous : +216 95 256 096 Explorer Nos boutiques ImmoNeuf Promoteurs Offres et services Votre récente recheche: Pas de recheches récentes Filtre avancé Publier une annonce Se connecter Boutiques ImmoNeuf Annonce Messages Profil Retour Accueil appartements ariana cit-ennasr-2 ennasr-2-lgance-confort-espace-vert-appartement-s2-avec-jardin-privatif-a-louer ❯ ❮ ❯ ❮ ❯ ❮ ❯ ❮ ❯ ❮ Accueil Appartements Ariana Cit ennasr 2 Ennasr 2 lgance confort espace vert appartement s2 avec jardin privatif a louer sarra 1 annonce(s) Chat avec le vendeur Discuter sur WhatsApp Afficher le numéro Simulez votre crédit Partager l ' annonce Signaler ENNASR 2 | ÉLÉGANCE, CONFORT & ESPACE VERT – APPARTEMENT S+2 AVEC JARDIN PRIVATIF A LOUER 1 650 DT immobilier Ariana , 19 minutes ago Entregitrer Signaler Description 📍 ENNASR 2 | ÉLÉGANCE, CONFORT & ESPACE VERT – APPARTEMENT S+2 AVEC JARDIN PRIVATIF A LOUER 

Mon Réseau Immobilier a le plaisir de vous présenter une adresse d’exception au cœur d’Ennasr 2, l’un des quartiers les plus prisés de la capitale.
Situé en rez-de-chaussée d’une résidence calme et sécurisée, ce magnifique appartement S+2 allie confort, fonctionnalité et qualité de vie. Son jardin privatif de 55 m², véritable prolongement de l’espace de vie, offre un cadre idéal pour des moments de détente en famille ou entre amis.

Caractéristiques :
- Chauffage central 
- Climatisation 
- Place de Parking sous sol
- Jardin
- Espaces lumineux et parfaitement agencés

📍 Emplacement privilégié, à proximité immédiate de Slim School, des commerces, des établissements scolaires et de toutes les commodités.

💰 Loyer : 1650 dinars inclus syndic

Offrez-vous une adresse où élégance, sérénité et qualité de vie se rencontrent.

📞 Mon Réseau Immobilier – Votre partenaire de confiance.

 ☎️ Afficher le numéro 38 / Afficher le numéro / Afficher le numéro Lire plus Critères Type de transaction À Vendre Superficie 100 Salles de bains 1 Chambres 2 sarra Chat avec le vendeur Acheter et vendre gratuitement près de chez vous Immo-Expert Aide Contactez-nous Professionnels Conditions d'utilisation Politiques relatives aux cookies Raccourcis Publier une annonce Visiter une boutique Filtres avancés Rechercher sur tayara Offres et services Bons plans Contactez-nous Vous avez une question? appelez ce numéro +216 95 256 096 Retrouvez-nous sur • صوّر بيع • لوّج إشري",2026-09-03T12:51:01
tayara_6a97f99e33f4b02206beb740,tayara,https://www.tayara.tn/item/appartements/ariana/la-soukra/location-grand-s4-au-rue-du-parc-soukra-rsidence-azize/6a97f99e33f4b02206beb740/,location,appartement,Location grand S+4 au rue du parc Soukra Résidence Azize,Ariana,La Soukra,1400.0,,4,2,140,1er étage,False,False,False,True,True,False,"Location grand S+4 au rue du parc Soukra Résidence Azize  | Tayara Publicité Contactez-nous : +216 95 256 096 Explorer Nos boutiques ImmoNeuf Promoteurs Offres et services Votre récente recheche: Pas de recheches récentes Filtre avancé Publier une annonce Se connecter Boutiques ImmoNeuf Annonce Messages Profil Retour Accueil appartements ariana la-soukra location-grand-s4-au-rue-du-parc-soukra-rsidence-azize ❯ ❮ ❯ ❮ ❯ ❮ ❯ ❮ ❯ ❮ ❯ ❮ ❯ ❮ ❯ ❮ ❯ ❮ Accueil Appartements Ariana La soukra Location grand s4 au rue du parc soukra rsidence azize Boutique cabinet immo 11 annonce(s) L'Aouina, 10 Avenue Mongi Slim، 2046 Chat avec le vendeur Discuter sur WhatsApp Afficher le numéro Simulez votre crédit Nous Contacter Partager l ' annonce Signaler Location grand S+4 au rue du parc Soukra Résidence Azize 1 400 DT immobilier Ariana , a day ago Entregitrer Signaler Description Votre agence Cabinet Immo vous propose à la location un grand appartement S+4 au 1er étage à la Résidence Azize (R+1) au rue du parc Soukra.
L'appartement se compose comme suit:
- un grand salon
- une grande cuisine aménagée 
- une salle d'eau invités 
- une salle de bains 
- deux chambres à coucher avec dressing
- une grande chambre parentale 
- chauffage central et climatisation en Split
Pour plus d'informations ou réservation de votre visite gratuite contactez nous aux Afficher le numéro ou Afficher le numéro ( WhatsApp aussi) Lire plus Critères Type de transaction À Louer Superficie 140 Salles de bains 2 Chambres 3 Vous trouverez aussi chez cabinet immo n'a pas d'autres annonces actives Boutique cabinet immo Chat avec le vendeur Acheter et vendre gratuitement près de chez vous Immo-Expert Aide Contactez-nous Professionnels Conditions d'utilisation Politiques relatives aux cookies Raccourcis Publier une annonce Visiter une boutique Filtres avancés Rechercher sur tayara Offres et services Bons plans Contactez-nous Vous avez une question? appelez ce numéro +216 95 256 096 Retrouvez-nous sur • صوّر بيع • لوّج إشري",2026-09-03T12:51:03
tayara_6a8d251e509ae3528dce8ed1,tayara,https://www.tayara.tn/item/appartements/tunis/jardins-de-carthage/a-louer-s1-haut-standing-aux-jardins-de-carthage/6a8d251e509ae3528dce8ed1/,location,appartement,a louer s+1 haut standing aux jardins de Carthage,Tunis,Jardins De Carthage,1150.0,,1,1,70,,True,False,False,False,True,False,"a louer s+1 haut standing aux jardins de Carthage | Tayara Publicité Contactez-nous : +216 95 256 096 Explorer Nos boutiques ImmoNeuf Promoteurs Offres et services Votre récente recheche: Pas de recheches récentes Filtre avancé Publier une annonce Se connecter Boutiques ImmoNeuf Annonce Messages Profil Retour Accueil appartements tunis jardins-de-carthage a-louer-s1-haut-standing-aux-jardins-de-carthage ❯ ❮ ❯ ❮ ❯ ❮ ❯ ❮ ❯ ❮ Accueil Appartements Tunis Jardins de carthage A louer s1 haut standing aux jardins de carthage Boutique kchaou immobiliere 33 annonce(s) Chat avec le vendeur Discuter sur WhatsApp Afficher le numéro Simulez votre crédit Nous Contacter Partager l ' annonce Signaler a louer s+1 haut standing aux jardins de Carthage 1 150 DT immobilier Tunis , 6 hours ago Entregitrer Signaler Description Agence immobilière KCHAOU propose à la location un joli appartement s+1 dans une résidence bien sécurisée et avec double ascenseur, l appartement est composé d un salon avec balcon 
une chambre à coucher 
Cuisine équipée 
sdb 
2climatiseurs 
chauffage central 
Loyer 1150d +50d frais syndic 
pour plus d informations veuillez nous contacter au Afficher le numéro Lire plus Critères Type de transaction À Louer Superficie 70 Salles de bains 1 Chambres 1 Vous trouverez aussi chez kchaou immobiliere n'a pas d'autres annonces actives Boutique kchaou immobiliere Chat avec le vendeur Acheter et vendre gratuitement près de chez vous Immo-Expert Aide Contactez-nous Professionnels Conditions d'utilisation Politiques relatives aux cookies Raccourcis Publier une annonce Visiter une boutique Filtres avancés Rechercher sur tayara Offres et services Bons plans Contactez-nous Vous avez une question? appelez ce numéro +216 95 256 096 Retrouvez-nous sur • صوّر بيع • لوّج إشري",2026-09-03T12:51:05
tayara_6a478d664956ba003a384616,tayara,https://www.tayara.tn/item/appartements/nabeul/hammam-ghezze/appartement-deuieme-position-a-hamem-leghzez-kelibia/6a478d664956ba003a384616/,vente,appartement,appartement deuieme position a hamem leghzez kelibia,Nabeul,Hammam Ghezze,210000.0,,,1,100,,False,False,False,False,False,False,"appartement deuieme position a hamem leghzez kelibia | Tayara Publicité Contactez-nous : +216 95 256 096 Explorer Nos boutiques ImmoNeuf Promoteurs Offres et services Votre récente recheche: Pas de recheches récentes Filtre avancé Publier une annonce Se connecter Boutiques ImmoNeuf Annonce Messages Profil Retour Accueil appartements nabeul hammam-ghezze appartement-deuieme-position-a-hamem-leghzez-kelibia ❯ ❮ ❯ ❮ ❯ ❮ ❯ ❮ ❯ ❮ ❯ ❮ ❯ ❮ ❯ ❮ Accueil Appartements Nabeul Hammam ghezze Appartement deuieme position a hamem leghzez kelibia Boutique immo plus kelibia 73 annonce(s) Avenu Ali bachhamba, Kélibia 8090 Chat avec le vendeur Discuter sur WhatsApp Afficher le numéro Simulez votre crédit Nous Contacter Partager l ' annonce Signaler appartement deuieme position a hamem leghzez kelibia 210 000 DT immobilier Nabeul , a day ago Entregitrer Signaler Description 🔥فرصة فرصة فرصة اخلط على اخر برطمان  في بحر حمام الغزاز
ثواني  تكون في الشط🌊🏡
 بلاصة ممتازة جدا (مطاعم-مقاهي-maison d'hotes)
2تراسات كبار يعملو الكيف
صالة كبيرة كوجينة كل بيت فيهاdressing+دوش
📐 المساحة: 𝟏𝟎𝟎 متر مربع
📜 شهادة ملكية  متوفرة
📞 للاستفسار والزيارة: Afficher le numéro /
📲 Afficher le numéro واتساب Voir moins Voir moins Lire plus Critères Type de transaction À Vendre Superficie 100 Salles de bains 1 Chambres 2 Vous trouverez aussi chez immo plus kelibia n'a pas d'autres annonces actives Boutique immo plus kelibia Chat avec le vendeur Acheter et vendre gratuitement près de chez vous Immo-Expert Aide Contactez-nous Professionnels Conditions d'utilisation Politiques relatives aux cookies Raccourcis Publier une annonce Visiter une boutique Filtres avancés Rechercher sur tayara Offres et services Bons plans Contactez-nous Vous avez une question? appelez ce numéro +216 95 256 096 Retrouvez-nous sur • صوّر بيع • لوّج إشري",2026-09-03T12:51:07
tayara_6a995b8bb6ae14216f5e7fd4,tayara,https://www.tayara.tn/item/appartements/tunis/tunis/studio-louer-la-gazelle-essahafa-ariana/6a995b8bb6ae14216f5e7fd4/,location,appartement,Studio à louer à la Gazelle essahafa Ariana,Tunis,Tunis,,,,1,70,,False,False,False,True,False,False,"Studio à louer à la Gazelle essahafa Ariana  | Tayara Publicité Contactez-nous : +216 95 256 096 Explorer Nos boutiques ImmoNeuf Promoteurs Offres et services Votre récente recheche: Pas de recheches récentes Filtre avancé Publier une annonce Se connecter Boutiques ImmoNeuf Annonce Messages Profil Retour Accueil appartements tunis tunis studio-louer-la-gazelle-essahafa-ariana ❯ ❮ ❯ ❮ ❯ ❮ ❯ ❮ ❯ ❮ ❯ ❮ ❯ ❮ ❯ ❮ ❯ ❮ ❯ ❮ Accueil Appartements Tunis Tunis Studio louer la gazelle essahafa ariana studio à louer 1 annonce(s) Chat avec le vendeur Discuter sur WhatsApp Afficher le numéro Simulez votre crédit Partager l ' annonce Signaler Studio à louer à la Gazelle essahafa Ariana 600 DT immobilier , a few seconds ago Entregitrer Signaler Description A louer studio à la Gazelle essahafa Ariana prés terminus bus 527 situé dans une résidence calme composé de deux chambres une cuisine salle d'eau avec douche équipé d'un climatiseur gaz naturel Lire plus Critères Type de transaction À Louer Superficie 70 Salles de bains 1 Chambres 2 studio à louer Chat avec le vendeur Acheter et vendre gratuitement près de chez vous Immo-Expert Aide Contactez-nous Professionnels Conditions d'utilisation Politiques relatives aux cookies Raccourcis Publier une annonce Visiter une boutique Filtres avancés Rechercher sur tayara Offres et services Bons plans Contactez-nous Vous avez une question? appelez ce numéro +216 95 256 096 Retrouvez-nous sur • صوّر بيع • لوّج إشري",2026-09-03T12:51:10
tayara_6a3aaca6b2b93a99b976a456,tayara,https://www.tayara.tn/item/appartements/tunis/sidi-daoud/a-louer-s2-meubl-avec-jardin-sidi-daoud/6a3aaca6b2b93a99b976a456/,location,appartement,A Louer S2 Meublé avec Jardin à Sidi Daoud,Tunis,Sidi Daoud,2300.0,,2,1,100,,False,True,False,False,False,True,"A Louer S2 Meublé avec Jardin à Sidi Daoud | Tayara Publicité Contactez-nous : +216 95 256 096 Explorer Nos boutiques ImmoNeuf Promoteurs Offres et services Votre récente recheche: Pas de recheches récentes Filtre avancé Publier une annonce Se connecter Boutiques ImmoNeuf Annonce Messages Profil Retour Accueil appartements tunis sidi-daoud a-louer-s2-meubl-avec-jardin-sidi-daoud ❯ ❮ ❯ ❮ ❯ ❮ ❯ ❮ ❯ ❮ ❯ ❮ ❯ ❮ ❯ ❮ ❯ ❮ ❯ ❮ ❯ ❮ Accueil Appartements Tunis Sidi daoud A louer s2 meubl avec jardin sidi daoud Boutique good life 39 annonce(s) 106 bis Avenue de Carthage Aïn Zaghouan 2045 Tunis, Tunisie Chat avec le vendeur Discuter sur WhatsApp Afficher le numéro Simulez votre crédit Nous Contacter Partager l ' annonce Signaler A Louer S2 Meublé avec Jardin à Sidi Daoud 2 300 DT immobilier Tunis , a day ago Entregitrer Signaler Description L'agence immobilière Good Life vous propose à la location un appartement S2 meublé, avec Jardin situé dans une résidence calme à Sidi Daoud.
Il est composé d'un Salon avec baie vitrée ouvrant sur le jardin, d'une cuisine entièrement équipée et avec séchoir., d'une salle d'eau, de deux chambres et d'une salle de bain.
Une Place de parking est à disposition au sous-sol.
Pour une visite ou plus de renseignements, merci de nous contacter par téléphone ou via WhatsApp au Afficher le numéro . Lire plus Critères Type de transaction À Louer Superficie 100 Salles de bains 1 Chambres 2 Vous trouverez aussi chez good life n'a pas d'autres annonces actives Boutique good life Chat avec le vendeur Acheter et vendre gratuitement près de chez vous Immo-Expert Aide Contactez-nous Professionnels Conditions d'utilisation Politiques relatives aux cookies Raccourcis Publier une annonce Visiter une boutique Filtres avancés Rechercher sur tayara Offres et services Bons plans Contactez-nous Vous avez une question? appelez ce numéro +216 95 256 096 Retrouvez-nous sur • صوّر بيع • لوّج إشري",2026-09-03T12:51:13
tayara_6a7c3c2a9b2a9eb2caa10ddf,tayara,https://www.tayara.tn/item/appartements/tunis/l-aouina/-louer-un-spacieux-appartement-s3-idalement-situ-dans-un-emplacement-stratgique-au-lac-2/6a7c3c2a9b2a9eb2caa10ddf/,location,appartement,"À LOUER : Un spacieux appartement S+3, idéalement situé dans un emplacement stratégique au Lac 2.",Tunis,L Aouina,2600.0,,3,3,,,False,True,False,False,False,False,"À LOUER : Un spacieux appartement S+3, idéalement situé dans un emplacement stratégique au Lac 2. | Tayara Publicité Contactez-nous : +216 95 256 096 Explorer Nos boutiques ImmoNeuf Promoteurs Offres et services Votre récente recheche: Pas de recheches récentes Filtre avancé Publier une annonce Se connecter Boutiques ImmoNeuf Annonce Messages Profil Retour Accueil appartements tunis l-aouina -louer-un-spacieux-appartement-s3-idalement-situ-dans-un-emplacement-stratgique-au-lac-2 ❯ ❮ ❯ ❮ ❯ ❮ ❯ ❮ ❯ ❮ ❯ ❮ ❯ ❮ ❯ ❮ ❯ ❮ Accueil Appartements Tunis L aouina louer un spacieux appartement s3 idalement situ dans un emplacement stratgique au lac 2 Boutique reo-immobilier 67 annonce(s) Chat avec le vendeur Discuter sur WhatsApp Afficher le numéro Simulez votre crédit Nous Contacter Partager l ' annonce Signaler À LOUER : Un spacieux appartement S+3, idéalement situé dans un emplacement stratégique au Lac 2. 2 600 DT immobilier Tunis , 2 days ago Entregitrer Signaler Description 🏡 REO Immobilier vous propose à la location un spacieux appartement S+3, idéalement situé dans un emplacement stratégique au Lac 2.

✨ Il se compose de :
✅ Un vaste salon lumineux et climatisé
✅ Une suite parentale avec dressing
✅ Deux chambres à coucher climatisées, dont une avec dressing
✅ Une cuisine moderne, entièrement équipée avec séchoir
✅ Une salle de bain avec baignoire
✅ Un point d’eau pour les invités
✅ Une place de parking au sous-sol

💰 Prix de location : 2 600 DT / mois

📞 Pour plus d’informations ou pour organiser une visite, contactez-nous :
📲 Afficher le numéro / Afficher le numéro / Afficher le numéro Lire plus Critères Type de transaction À Vendre Salles de bains 3 Chambres 3 Vous trouverez aussi chez reo-immobilier n'a pas d'autres annonces actives Boutique reo-immobilier Chat avec le vendeur Acheter et vendre gratuitement près de chez vous Immo-Expert Aide Contactez-nous Professionnels Conditions d'utilisation Politiques relatives aux cookies Raccourcis Publier une annonce Visiter une boutique Filtres avancés Rechercher sur tayara Offres et services Bons plans Contactez-nous Vous avez une question? appelez ce numéro +216 95 256 096 Retrouvez-nous sur • صوّر بيع • لوّج إشري",2026-09-03T12:51:16
tayara_6a92fad6b6ae14216f5b9d43,tayara,https://www.tayara.tn/item/appartements/ben-arous/boumhel/apparemment-s2/6a92fad6b6ae14216f5b9d43/,vente,appartement,Apparemment s2,Ben Arous,Boumhel,2125000.0,,2,1,70,,True,False,False,False,False,False,"Apparemment s2  | Tayara Publicité Contactez-nous : +216 95 256 096 Explorer Nos boutiques ImmoNeuf Promoteurs Offres et services Votre récente recheche: Pas de recheches récentes Filtre avancé Publier une annonce Se connecter Boutiques ImmoNeuf Annonce Messages Profil Retour Accueil appartements ben-arous boumhel apparemment-s2 ❯ ❮ Accueil Appartements Ben arous Boumhel Apparemment s2 Boutique soltane immobilier 18 annonce(s) Nouvelle Médina, Ben Arous Chat avec le vendeur Discuter sur WhatsApp Afficher le numéro Simulez votre crédit Nous Contacter Partager l ' annonce Signaler Apparemment s2 125 000 DT immobilier Ben Arous , 5 days ago Entregitrer Signaler Description A vendre un appartement dans un emplacement stratégique au 3eme étage sans ascenseur,  l'appartement nécessite des travaux Lire plus Critères Type de transaction À Vendre Superficie 70 Salles de bains 1 Chambres 2 Vous trouverez aussi chez soltane immobilier n'a pas d'autres annonces actives Boutique soltane immobilier Chat avec le vendeur Acheter et vendre gratuitement près de chez vous Immo-Expert Aide Contactez-nous Professionnels Conditions d'utilisation Politiques relatives aux cookies Raccourcis Publier une annonce Visiter une boutique Filtres avancés Rechercher sur tayara Offres et services Bons plans Contactez-nous Vous avez une question? appelez ce numéro +216 95 256 096 Retrouvez-nous sur • صوّر بيع • لوّج إشري",2026-09-03T12:51:19
tayara_6a995af233f4b02206bf65ca,tayara,https://www.tayara.tn/item/appartements/ariana/cite-ennkhilet/a-louer-s1-a-ennkhilet/6a995af233f4b02206bf65ca/,location,appartement,A louer S+1 a ennkhilet,Ariana,Cite Ennkhilet,,,1,1,0,,True,False,False,False,False,False,"A louer S+1 a ennkhilet | Tayara Publicité Contactez-nous : +216 95 256 096 Explorer Nos boutiques ImmoNeuf Promoteurs Offres et services Votre récente recheche: Pas de recheches récentes Filtre avancé Publier une annonce Se connecter Boutiques ImmoNeuf Annonce Messages Profil Retour Accueil appartements ariana cite-ennkhilet a-louer-s1-a-ennkhilet ❯ ❮ ❯ ❮ ❯ ❮ ❯ ❮ ❯ ❮ Accueil Appartements Ariana Cite ennkhilet A louer s1 a ennkhilet Boutique agence immobilière bestimmo 32 annonce(s) Chat avec le vendeur Discuter sur WhatsApp Afficher le numéro Simulez votre crédit Nous Contacter Partager l ' annonce Signaler A louer S+1 a ennkhilet 900 DT immobilier Ariana , 18 minutes ago Entregitrer Signaler Description a louer au premier étage avec ascenseur un s+1 a ennikhilet sur l'avenue principale fethir zouhir composé d'un salon une chambre a coucher une salle de bain avec douche et une kitchenette
chauffage centrale ,2 climatiseurs
tél & WhatsApp Afficher le numéro Lire plus Critères Type de transaction À Louer Superficie 0 Salles de bains 0 Chambres 0 Vous trouverez aussi chez agence immobilière bestimmo n'a pas d'autres annonces actives Boutique agence immobilière bestimmo Chat avec le vendeur Acheter et vendre gratuitement près de chez vous Immo-Expert Aide Contactez-nous Professionnels Conditions d'utilisation Politiques relatives aux cookies Raccourcis Publier une annonce Visiter une boutique Filtres avancés Rechercher sur tayara Offres et services Bons plans Contactez-nous Vous avez une question? appelez ce numéro +216 95 256 096 Retrouvez-nous sur • صوّر بيع • لوّج إشري",2026-09-03T12:51:22
tayara_69f36b516488a0d74743e073,tayara,https://www.tayara.tn/item/appartements/ariana/ghazela/a-vendre-duplex-s3-ghazela-direct-promoteur/69f36b516488a0d74743e073/,vente,appartement,"A vendre  Duplex S+3 Ghazela 
Direct Promoteur",Ariana,Ghazela,508000.0,,3,3,171,,False,False,False,False,False,False,"A vendre  Duplex S+3 Ghazela 
Direct Promoteur  | Tayara Publicité Contactez-nous : +216 95 256 096 Explorer Nos boutiques ImmoNeuf Promoteurs Offres et services Votre récente recheche: Pas de recheches récentes Filtre avancé Publier une annonce Se connecter Boutiques ImmoNeuf Annonce Messages Profil Retour Accueil appartements ariana ghazela a-vendre-duplex-s3-ghazela-direct-promoteur ❯ ❮ ❯ ❮ ❯ ❮ ❯ ❮ ❯ ❮ ❯ ❮ ❯ ❮ ❯ ❮ ❯ ❮ Accueil Appartements Ariana Ghazela A vendre duplex s3 ghazela direct promoteur Boutique palmarès immobilière 15 annonce(s) Rue de la feuille d'érable, Résidence Omega lac 2، Chat avec le vendeur Discuter sur WhatsApp Afficher le numéro Simulez votre crédit Nous Contacter Partager l ' annonce Signaler A vendre  Duplex S+3 Ghazela 
Direct Promoteur 508 000 DT immobilier Ariana , 4 days ago Entregitrer Signaler Description Palmarès immobilier met en vente un duplex   (( S+3  ))  plus chambre de service  dans une résidence bien située  et sécurisée  très belle emplacement près  toute commodités 
pour plus d'informations contactez Afficher le numéro Afficher le numéro Lire plus Critères Type de transaction À Vendre Superficie 171 Salles de bains 3 Chambres 4 Vous trouverez aussi chez palmarès immobilière n'a pas d'autres annonces actives Boutique palmarès immobilière Chat avec le vendeur Acheter et vendre gratuitement près de chez vous Immo-Expert Aide Contactez-nous Professionnels Conditions d'utilisation Politiques relatives aux cookies Raccourcis Publier une annonce Visiter une boutique Filtres avancés Rechercher sur tayara Offres et services Bons plans Contactez-nous Vous avez une question? appelez ce numéro +216 95 256 096 Retrouvez-nous sur • صوّر بيع • لوّج إشري",2026-09-03T12:51:25
tayara_6a99591633f4b02206bf647f,tayara,https://www.tayara.tn/item/appartements/tunis/menzah/menzah-7-bis-appartement-s3-a-louer/6a99591633f4b02206bf647f/,location,appartement,MENZAH 7 BIS : APPARTEMENT S+3 A LOUER,Tunis,Menzah,1550.0,,3,2,130,,False,True,False,True,True,False,"MENZAH 7 BIS : APPARTEMENT S+3 A LOUER | Tayara Publicité Contactez-nous : +216 95 256 096 Explorer Nos boutiques ImmoNeuf Promoteurs Offres et services Votre récente recheche: Pas de recheches récentes Filtre avancé Publier une annonce Se connecter Boutiques ImmoNeuf Annonce Messages Profil Retour Accueil appartements tunis menzah menzah-7-bis-appartement-s3-a-louer ❯ ❮ ❯ ❮ ❯ ❮ ❯ ❮ ❯ ❮ ❯ ❮ Accueil Appartements Tunis Menzah Menzah 7 bis appartement s3 a louer malek 1 annonce(s) Chat avec le vendeur Discuter sur WhatsApp Afficher le numéro Simulez votre crédit Partager l ' annonce Signaler MENZAH 7 BIS : APPARTEMENT S+3 A LOUER 1 550 DT immobilier Tunis , 26 minutes ago Entregitrer Signaler Description 📍MENZAH 7 BIS : APPARTEMENT S+3 A LOUER

L’agence #MON_RÈSEAU met la location d'un appartement s+3 au  3eme étage  dans une résidence gardée et sécurisée proches de toutes commodités.

Il se compose d’: 
-Un salon  salle à manger avec balcon 
-Une cuisine  équipée avec séchoir 
- trois chambres à coucher 
- salle d’eau 
- salle de bain
- Un chauffage central
- climatisation 
- Une place parking sous sol
- Gardiennage et syndic 

Prix de location: 1550 TND  inclus syndic 

Pour de plus amples informations veuillez contacter notre conseillère en immobilier :

☎️Téléphone  : Afficher le numéro / Afficher le numéro / Afficher le numéro 📭WhatsApp : ⁨⁨ Afficher le numéro 📧E-mail : [email protected] Lire plus Critères Type de transaction À Louer Superficie 130 Salles de bains 2 Chambres 3 malek Chat avec le vendeur Acheter et vendre gratuitement près de chez vous Immo-Expert Aide Contactez-nous Professionnels Conditions d'utilisation Politiques relatives aux cookies Raccourcis Publier une annonce Visiter une boutique Filtres avancés Rechercher sur tayara Offres et services Bons plans Contactez-nous Vous avez une question? appelez ce numéro +216 95 256 096 Retrouvez-nous sur • صوّر بيع • لوّج إشري",2026-09-03T12:51:29
tayara_69f366109ab1fd1e1095019f,tayara,https://www.tayara.tn/item/appartements/ariana/ghazela/-vendre-appartements-s2-ghazela-direct-promoteur/69f366109ab1fd1e1095019f/,vente,appartement,"À vendre Appartements  S+2           Ghazela 
  direct Promoteur",Ariana,Ghazela,350000.0,,2,2,128,,False,True,False,False,False,False,"À vendre Appartements  S+2           Ghazela 
  direct Promoteur 
          | Tayara Publicité Contactez-nous : +216 95 256 096 Explorer Nos boutiques ImmoNeuf Promoteurs Offres et services Votre récente recheche: Pas de recheches récentes Filtre avancé Publier une annonce Se connecter Boutiques ImmoNeuf Annonce Messages Profil Retour Accueil appartements ariana ghazela -vendre-appartements-s2-ghazela-direct-promoteur ❯ ❮ ❯ ❮ ❯ ❮ ❯ ❮ ❯ ❮ ❯ ❮ ❯ ❮ Accueil Appartements Ariana Ghazela vendre appartements s2 ghazela direct promoteur Boutique palmarès immobilière 15 annonce(s) Rue de la feuille d'érable, Résidence Omega lac 2، Chat avec le vendeur Discuter sur WhatsApp Afficher le numéro Simulez votre crédit Nous Contacter Partager l ' annonce Signaler À vendre Appartements  S+2           Ghazela 
  direct Promoteur 350 000 DT immobilier Ariana , 4 days ago Entregitrer Signaler Description Palmarès immobilier met en vente un appartement S+2 dans une résidence bien située et sécurisée  près toute commodités avec place parking sous sol.
pour plus d'informations contactez Afficher le numéro Lire plus Critères Type de transaction À Vendre Superficie 128 Salles de bains 2 Chambres 3 Vous trouverez aussi chez palmarès immobilière n'a pas d'autres annonces actives Boutique palmarès immobilière Chat avec le vendeur Acheter et vendre gratuitement près de chez vous Immo-Expert Aide Contactez-nous Professionnels Conditions d'utilisation Politiques relatives aux cookies Raccourcis Publier une annonce Visiter une boutique Filtres avancés Rechercher sur tayara Offres et services Bons plans Contactez-nous Vous avez une question? appelez ce numéro +216 95 256 096 Retrouvez-nous sur • صوّر بيع • لوّج إشري",2026-09-03T12:51:31
tayara_6a69df5e04ad344114639799,tayara,https://www.tayara.tn/item/appartements/tunis/tunis/al-jardin-laouina-grand-s1-meubl-1400dt/6a69df5e04ad344114639799/,location,appartement,AL Jardin l'aouina  Grand S1 meublé 1400dt,Tunis,Tunis,1400.0,80.0,1,1,80,,True,True,False,False,True,True,"AL Jardin l'aouina  Grand S1 meublé 1400dt | Tayara Publicité Contactez-nous : +216 95 256 096 Explorer Nos boutiques ImmoNeuf Promoteurs Offres et services Votre récente recheche: Pas de recheches récentes Filtre avancé Publier une annonce Se connecter Boutiques ImmoNeuf Annonce Messages Profil Retour Accueil appartements tunis tunis al-jardin-laouina-grand-s1-meubl-1400dt ❯ ❮ ❯ ❮ ❯ ❮ ❯ ❮ ❯ ❮ ❯ ❮ Accueil Appartements Tunis Tunis Al jardin laouina grand s1 meubl 1400dt Boutique agence acs immo 23 annonce(s) bureau C210-Ariana centre 2080 Tunis, Tunisie Chat avec le vendeur Discuter sur WhatsApp Afficher le numéro Simulez votre crédit Nous Contacter Partager l ' annonce Signaler AL Jardin l'aouina  Grand S1 meublé 1400dt 1 400 DT immobilier , an hour ago Entregitrer Signaler Description A louer pour couple ou 1 fonctionnaire : à Jardin d'El Aouina très bon emplacement près de toutes commodités un Bel et vaste S+1 luxueusement meublé 80 m² composé d'un salon 2 dressings 1 chambre grand dressing SDB cuisine équipée, séchoir chauffage central et  split Résidence sécurisée
Ascenseur parking sous sol 1400 dt pour rdv et visite Afficher le numéro Lire plus Critères Type de transaction À Louer Superficie 80 Salles de bains 1 Chambres 2 Vous trouverez aussi chez agence acs immo n'a pas d'autres annonces actives Boutique agence acs immo Chat avec le vendeur Acheter et vendre gratuitement près de chez vous Immo-Expert Aide Contactez-nous Professionnels Conditions d'utilisation Politiques relatives aux cookies Raccourcis Publier une annonce Visiter une boutique Filtres avancés Rechercher sur tayara Offres et services Bons plans Contactez-nous Vous avez une question? appelez ce numéro +216 95 256 096 Retrouvez-nous sur • صوّر بيع • لوّج إشري",2026-09-03T12:51:34
tayara_6a7c389b9b2a9eb2caa10b6a,tayara,https://www.tayara.tn/item/appartements/tunis/l-aouina/-vendre-des-appartements-s1-s2-s3-direct-promoteur-dans-une-rsidence-de-trs-haut-standing-la-nouvelle-soukra/6a7c389b9b2a9eb2caa10b6a/,vente,appartement,"À VENDRE : Des Appartements  S+1, S+2 & S+3, DIRECT PROMOTEUR, dans une résidence de très haut standing à La Nouvelle Soukra",Tunis,L Aouina,235200.0,,1,1,,,False,False,False,False,False,False,"À VENDRE : Des Appartements  S+1, S+2 & S+3, DIRECT PROMOTEUR, dans une résidence de très haut standing à La Nouvelle Soukra  | Tayara Publicité Contactez-nous : +216 95 256 096 Explorer Nos boutiques ImmoNeuf Promoteurs Offres et services Votre récente recheche: Pas de recheches récentes Filtre avancé Publier une annonce Se connecter Boutiques ImmoNeuf Annonce Messages Profil Retour Accueil appartements tunis l-aouina -vendre-des-appartements-s1-s2-s3-direct-promoteur-dans-une-rsidence-de-trs-haut-standing-la-nouvelle-soukra ❯ ❮ ❯ ❮ ❯ ❮ ❯ ❮ Accueil Appartements Tunis L aouina vendre des appartements s1 s2 s3 direct promoteur dans une rsidence de trs haut standing la nouvelle soukra Boutique reo-immobilier 67 annonce(s) Chat avec le vendeur Discuter sur WhatsApp Afficher le numéro Simulez votre crédit Nous Contacter Partager l ' annonce Signaler À VENDRE : Des Appartements  S+1, S+2 & S+3, DIRECT PROMOTEUR, dans une résidence de très haut standing à La Nouvelle Soukra 235 200 DT immobilier Tunis , 2 days ago Entregitrer Signaler Description 🏡REO IMMOBILIER VOUS PROPOSE À LA VENTE – RÉSIDENCE DE TRÈS HAUT STANDING À LA NOUVELLE SOUKRA   

🔑 PROJET SUR PLAN – DIRECT PROMOTEUR

📅 Remise des clés : Décembre 2028

Vous recherchez un appartement moderne, bien situé et pensé pour votre confort ? Découvrez notre nouvelle résidence à La Nouvelle Soukra, idéale pour y vivre ou investir. 🌿🏢
Découvrez une résidence moderne R+5 de très haut standing, idéalement située à La Nouvelle Soukra, pensée pour offrir confort, élégance et qualité de vie.   

✨ APPARTEMENTS S+1, S+2 & S+3   DISPONIBLES : 

🏠 S+1 à partir de 56 M² Jusqu' à 65M²
 Prix à partir de 235 200 DT 
🏠 S+2 à partir de 77 M² Jusqu' à 114 M²
Prix à partir de 300 300 DT 
🏠 S+3 à partir de 116 M² + 17 M² Terrasse  
Prix à partir de 473 100 DT 

🌟 Les atouts du projet :
✅ Architecture contemporaine et élégante

✅ Finitions haut de gamme

✅ Plans intelligemment agencés

✅ Résidence moderne et sécurisée

✅ Environnement calme et agréable

✅ Emplacement stratégique à La Nouvelle Soukra

✅ Proximité des commerces, écoles, transports et commodités

💰 CONDITIONS DIRECT PROMOTEUR :
🔸 Avance de 50 %
🔸 Possibilité de bénéficier d’un avantage de 1 % avec une bonne orientation
🔸 Une belle opportunité d’anticiper votre acquisition dans un projet neuf

📅 Livraison prévue : DÉCEMBRE 2028

🔥 Profitez du lancement du projet et choisissez dès maintenant votre appartement, votre étage et votre orientation !

📞 Pour les plans, disponibilités, conditions de paiement ou pour programmer une visite :

📱 Afficher le numéro / Afficher le numéro / Afficher le numéro Lire plus Critères Type de transaction À Vendre Salles de bains 1 Chambres 1 Vous trouverez aussi chez reo-immobilier n'a pas d'autres annonces actives Boutique reo-immobilier Chat avec le vendeur Acheter et vendre gratuitement près de chez vous Immo-Expert Aide Contactez-nous Professionnels Conditions d'utilisation Politiques relatives aux cookies Raccourcis Publie",2026-09-03T12:51:37
tayara_6a98250a33f4b02206bed762,tayara,https://www.tayara.tn/item/appartements/tunis/el-menzah-9/location-appartement-luxueux-s3-au-menzah-9/6a98250a33f4b02206bed762/,location,appartement,Location appartement luxueux S+3 au Menzah 9,Tunis,El Menzah 9,1700.0,,3,3,165,,True,False,True,True,True,False,"Location appartement luxueux S+3 au Menzah 9 | Tayara Publicité Contactez-nous : +216 95 256 096 Explorer Nos boutiques ImmoNeuf Promoteurs Offres et services Votre récente recheche: Pas de recheches récentes Filtre avancé Publier une annonce Se connecter Boutiques ImmoNeuf Annonce Messages Profil Retour Accueil appartements tunis el-menzah-9 location-appartement-luxueux-s3-au-menzah-9 ❯ ❮ ❯ ❮ ❯ ❮ ❯ ❮ ❯ ❮ Accueil Appartements Tunis El menzah 9 Location appartement luxueux s3 au menzah 9 habib 1 annonce(s) Chat avec le vendeur Discuter sur WhatsApp Afficher le numéro Simulez votre crédit Partager l ' annonce Signaler Location appartement luxueux S+3 au Menzah 9 1 700 DT immobilier Tunis , a day ago Entregitrer Signaler Description Je suis le propriétaire auquel je loue d'un appartement magnifique très haut standing s+3 tout neuf à menzah 9 c, située dans une belle résidence calme sécurisée via des caméras près de l'école italienne dotée d'un double ascenseur, composée dans sa partie jour d'un salon avec chauffage centrale et d'un climatiseur et d'un balcon, une cuisine très bien équipée (plaque de cuisson, hotte, placard, etc.) avec séchoir et d'une salle d'eau des invités.

Pour sa partie nuit, il existe 3 chambres à coucher avec chauffage central chacune dont 1 climatiseur dans la chambre parentale, une salle de bain commune aux 3 chambres avec une suite parentale, placards dans deux chambres, le couloir de l'appartement est muni d'un chauffage central.

De plus, il existe d'un interphone digital caméra couleur, d'un système d'alarme et d'un chauffage centrale guidé automatique.
Notons que cette résidence est dotée d'une piscine pour les enfants et d'une salle du sport.

N.b: - les visites sont gratuites.
- cet appartement est disponible immédiatement.
- Prix: 1700 dt hors syndic / Syndic = 70dt

- Contact: Afficher le numéro (propriétaire)
- Numéro de concierge : Afficher le numéro / Afficher le numéro Modalité de paiement :
- 2 mois de cautionnement qui seront remis en totalité à la fin de contrat ;
- Paiement par trimestre;

Location destinée pour : Famille, Jeune couple ou étranger Lire plus Critères Type de transaction À Louer Superficie 165 Salles de bains 3 Chambres 3 habib Chat avec le vendeur Acheter et vendre gratuitement près de chez vous Immo-Expert Aide Contactez-nous Professionnels Conditions d'utilisation Politiques relatives aux cookies Raccourcis Publier une annonce Visiter une boutique Filtres avancés Rechercher sur tayara Offres et services Bons plans Contactez-nous Vous avez une question? appelez ce numéro +216 95 256 096 Retrouvez-nous sur • صوّر بيع • لوّج إشري",2026-09-03T12:51:40
tayara_6a7d86ff303f47f0a02c69b3,tayara,https://www.tayara.tn/item/appartements/tunis/l-aouina/-vendre-un-appartement-s1-situ-cit-wahat/6a7d86ff303f47f0a02c69b3/,vente,appartement,À VENDRE : Un appartement S+1 situé à Cité Wahat,Tunis,L Aouina,196000.0,60.0,1,1,,,False,False,False,False,False,False,"À VENDRE : Un appartement S+1 situé à Cité Wahat | Tayara Publicité Contactez-nous : +216 95 256 096 Explorer Nos boutiques ImmoNeuf Promoteurs Offres et services Votre récente recheche: Pas de recheches récentes Filtre avancé Publier une annonce Se connecter Boutiques ImmoNeuf Annonce Messages Profil Retour Accueil appartements tunis l-aouina -vendre-un-appartement-s1-situ-cit-wahat ❯ ❮ ❯ ❮ ❯ ❮ ❯ ❮ ❯ ❮ ❯ ❮ Accueil Appartements Tunis L aouina vendre un appartement s1 situ cit wahat Boutique reo-immobilier 67 annonce(s) Chat avec le vendeur Discuter sur WhatsApp Afficher le numéro Simulez votre crédit Nous Contacter Partager l ' annonce Signaler À VENDRE : Un appartement S+1 situé à Cité Wahat 196 000 DT immobilier Tunis , 5 days ago Entregitrer Signaler Description REO Immobilier vous propose à la vente un appartement S+1 situé à Cité Wahat

Caractéristiques de l'appartement :

✅ Un salon lumineux
✅ Une cuisine moderne équipée avec un séchoir 
✅ Une chambre à coucher spacieuse
✅ Un dressing dans le couloir
✅ Une salle d'eau avec une douche à l'italienne 

💰 LE PRIX DE VENTE : 196 000 MDT💰 
LA SUPERFICIE : 60 m2 

Ne laissez pas passer cette occasion unique d’investir dans un bien de qualité à des conditions avantageuses !

📞  Pour plus d'informations veuillez nous contacter aux : Afficher le numéro / Afficher le numéro / Afficher le numéro Lire plus Critères Type de transaction À Vendre Salles de bains 1 Chambres 1 Vous trouverez aussi chez reo-immobilier n'a pas d'autres annonces actives Boutique reo-immobilier Chat avec le vendeur Acheter et vendre gratuitement près de chez vous Immo-Expert Aide Contactez-nous Professionnels Conditions d'utilisation Politiques relatives aux cookies Raccourcis Publier une annonce Visiter une boutique Filtres avancés Rechercher sur tayara Offres et services Bons plans Contactez-nous Vous avez une question? appelez ce numéro +216 95 256 096 Retrouvez-nous sur • صوّر بيع • لوّج إشري",2026-09-03T12:51:43
tayara_6a2d6026ec535ff6e15570ff,tayara,https://www.tayara.tn/item/appartements/sousse/hammam-sousse/un-appartement-s2-hammam-sousse/6a2d6026ec535ff6e15570ff/,vente,appartement,un appartement s+2 à hammam sousse,Sousse,Hammam Sousse,370000.0,141.0,2,141,,4ème étage,False,False,False,False,True,False,"un appartement s+2 à hammam sousse | Tayara Publicité Contactez-nous : +216 95 256 096 Explorer Nos boutiques ImmoNeuf Promoteurs Offres et services Votre récente recheche: Pas de recheches récentes Filtre avancé Publier une annonce Se connecter Boutiques ImmoNeuf Annonce Messages Profil Retour Accueil appartements sousse hammam-sousse un-appartement-s2-hammam-sousse ❯ ❮ ❯ ❮ ❯ ❮ ❯ ❮ ❯ ❮ ❯ ❮ ❯ ❮ ❯ ❮ ❯ ❮ ❯ ❮ ❯ ❮ Accueil Appartements Sousse Hammam sousse Un appartement s2 hammam sousse Boutique bili immo 255 annonce(s) Chat avec le vendeur Discuter sur WhatsApp Afficher le numéro Simulez votre crédit Nous Contacter Partager l ' annonce Signaler un appartement s+2 à hammam sousse 370 000 DT immobilier Sousse , 20 minutes ago Entregitrer Signaler Description Agence Immobilière bili met à vendre un spacieux appartement s+2 haut gamme haut standing de superficie avec espace commune 141m²
Référence: 1919
__________________
Un appartement s+2 est composé de:
🔷️un salon
🔷️une Cuisine bien équipée 
🔷deux chambres à coucher
🔷une ️Salle de bain
🔷une ️Toilette
🔷un balcon
🔷️un Séchoir 
Cet appartement est bien équipé : gaz de ville , chauffage central et deux climatiseurs
Situé au 4ème étage d'un immeuble calme sécurisé à hammam sousse 
__________________
Prix : 370 000 dt
pour plus d'informations n'hésitez pas à visiter notre agence rue alexendrie à hammam sousse ou de contacter nous au: Afficher le numéro ou ☎📞 Afficher le numéro ou Afficher le numéro Whatsapp Afficher le numéro ou Afficher le numéro Lire plus Critères Type de transaction À Vendre Salles de bains 2 Superficie 141 Chambres 2 Vous trouverez aussi chez bili immo n'a pas d'autres annonces actives Boutique bili immo Chat avec le vendeur Acheter et vendre gratuitement près de chez vous Immo-Expert Aide Contactez-nous Professionnels Conditions d'utilisation Politiques relatives aux cookies Raccourcis Publier une annonce Visiter une boutique Filtres avancés Rechercher sur tayara Offres et services Bons plans Contactez-nous Vous avez une question? appelez ce numéro +216 95 256 096 Retrouvez-nous sur • صوّر بيع • لوّج إشري",2026-09-03T12:51:45
tayara_6a99599133f4b02206bf64e3,tayara,https://www.tayara.tn/item/appartements/ariana/cit-ennasr-2/ennasr-2-opportunit-rare-vendre-superbe-appartement-s3-de-haut-standing/6a99599133f4b02206bf64e3/,location,appartement,ENNASR 2 - OPPORTUNITÉ RARE À VENDRE – SUPERBE APPARTEMENT S+3 DE HAUT STANDING,Ariana,Cit Ennasr 2,530000.0,144.0,3,2,144,1er étage,False,True,False,True,True,False,"ENNASR 2 - OPPORTUNITÉ RARE À VENDRE – SUPERBE APPARTEMENT S+3 DE HAUT STANDING  | Tayara Publicité Contactez-nous : +216 95 256 096 Explorer Nos boutiques ImmoNeuf Promoteurs Offres et services Votre récente recheche: Pas de recheches récentes Filtre avancé Publier une annonce Se connecter Boutiques ImmoNeuf Annonce Messages Profil Retour Accueil appartements ariana cit-ennasr-2 ennasr-2-opportunit-rare-vendre-superbe-appartement-s3-de-haut-standing ❯ ❮ ❯ ❮ ❯ ❮ ❯ ❮ ❯ ❮ ❯ ❮ ❯ ❮ ❯ ❮ Accueil Appartements Ariana Cit ennasr 2 Ennasr 2 opportunit rare vendre superbe appartement s3 de haut standing hayet 1 annonce(s) Chat avec le vendeur Discuter sur WhatsApp Afficher le numéro Simulez votre crédit Partager l ' annonce Signaler ENNASR 2 - OPPORTUNITÉ RARE À VENDRE – SUPERBE APPARTEMENT S+3 DE HAUT STANDING 530 000 DT immobilier Ariana , 25 minutes ago Entregitrer Signaler Description 📍ENNASR 2 - OPPORTUNITÉ RARE À VENDRE – SUPERBE APPARTEMENT S+3 DE HAUT STANDING 

L’Agence Mon Réseau Immobilier vous propose a la vente cet  élégant appartement S+3 de 144 m² offre un cadre de vie confortable, fonctionnel et raffiné, pour une famille recherchant confort, sécurité dans l’un des quartiers les plus recherchés et proximité de toutes les commodités

✨ Caractéristiques principales :

* Superficie : 144 m²
* 1er étage
* Titre foncier individuel
* Place de parking au sous-sol
* Cellier au sous-sol
* Double ascenseurs

🏡 Composition :

* Spacieux salon lumineux avec balcon
* Cuisine entièrement équipée
* Salle d’eau invités
* Suite parentale avec dressing et salle d’eau privative
* Deux chambres à coucher
* Salle de bain familiale
* Couloir de distribution

⚙️ Équipements & Finitions :

* Climatisation
* Chauffage central
* Menuiserie en bois noble
* Fenêtres en aluminium avec volets roulants électriques
* Résidence sécurisée et bien entretenue

Un appartement idéal pour une famille recherchant confort, sécurité et proximité de toutes les commodités à Cité Ennasr.

PRIX DE VENTE : 530 MD 

Pour de plus amples informations veuillez contacter nos  conseillères en immobilier :

☎️Téléphone  : Afficher le numéro 📭WhatsApp : ⁨⁨ Afficher le numéro 📧E-mail : [email protected] Lire plus Critères Type de transaction À Louer Superficie 144 Salles de bains 2 Chambres 3 Type de transaction À Vendre Superficie 144 Salles de bains 2 Chambres 3 hayet Chat avec le vendeur Acheter et vendre gratuitement près de chez vous Immo-Expert Aide Contactez-nous Professionnels Conditions d'utilisation Politiques relatives aux cookies Raccourcis Publier une annonce Visiter une boutique Filtres avancés Rechercher sur tayara Offres et services Bons plans Contactez-nous Vous avez une question? appelez ce numéro +216 95 256 096 Retrouvez-nous sur • صوّر بيع • لوّج إشري",2026-09-03T12:51:48
tayara_6a99588db6ae14216f5e7dc1,tayara,https://www.tayara.tn/item/appartements/tunis/mutuelleville/nord-hilton-mutuelle-ville-appartement-s2-meuble-a-louer/6a99588db6ae14216f5e7dc1/,location,appartement,NORD HILTON  - MUTUELLE VILLE : APPARTEMENT S+2   MEUBLE A LOUER,Tunis,Mutuelleville,1500.0,,2,1,120,,False,False,False,True,True,True,"NORD HILTON  - MUTUELLE VILLE : APPARTEMENT S+2   MEUBLE A LOUER | Tayara Publicité Contactez-nous : +216 95 256 096 Explorer Nos boutiques ImmoNeuf Promoteurs Offres et services Votre récente recheche: Pas de recheches récentes Filtre avancé Publier une annonce Se connecter Boutiques ImmoNeuf Annonce Messages Profil Retour Accueil appartements tunis mutuelleville nord-hilton-mutuelle-ville-appartement-s2-meuble-a-louer ❯ ❮ ❯ ❮ ❯ ❮ ❯ ❮ Accueil Appartements Tunis Mutuelleville Nord hilton mutuelle ville appartement s2 meuble a louer chaima 1 annonce(s) Chat avec le vendeur Discuter sur WhatsApp Afficher le numéro Simulez votre crédit Partager l ' annonce Signaler NORD HILTON  - MUTUELLE VILLE : APPARTEMENT S+2   MEUBLE A LOUER 1 500 DT immobilier Tunis , 29 minutes ago Entregitrer Signaler Description 📍 NORD HILTON  - MUTUELLE VILLE : APPARTEMENT S+2   MEUBLE A LOUER

L’agence #MON_RESEAU met la location d'un appartement s+3 richement meuble au rez-de-jardin d'une villa dans un quartier résidentiel sécurité proches de toutes commodités.

Il se compose d’:
- Un salon 
- Une cuisine équipée avec séchoir  
- Une salle de bain 
- deux chambres à coucher 
- chauffage central
- Climatisation   

Prix de location: 1500   TND 

Pour de plus amples informations veuillez contacter notre conseillère en immobilier :

☎️Téléphone  : Afficher le numéro / Afficher le numéro / Afficher le numéro 📭WhatsApp : ⁨⁨ Afficher le numéro 📧E-mail : [email protected] Lire plus Critères Type de transaction À Louer Superficie 120 Salles de bains 1 Chambres 2 chaima Chat avec le vendeur Acheter et vendre gratuitement près de chez vous Immo-Expert Aide Contactez-nous Professionnels Conditions d'utilisation Politiques relatives aux cookies Raccourcis Publier une annonce Visiter une boutique Filtres avancés Rechercher sur tayara Offres et services Bons plans Contactez-nous Vous avez une question? appelez ce numéro +216 95 256 096 Retrouvez-nous sur • صوّر بيع • لوّج إشري",2026-09-03T12:51:51
tayara_68e62e0ee7035d31a412099b,tayara,https://www.tayara.tn/item/appartements/tunis/tunis/trs-chic-app-s1-vue-sur-merprs-dhotel-royal-kenz/68e62e0ee7035d31a412099b/,vente,appartement,TRÈS CHIC APP S+1 VUE SUR MER💗PRÈS D'HOTEL ROYAL KENZ,Tunis,Tunis,275000.0,130.0,1,1,130,,False,False,False,False,True,False,"TRÈS CHIC APP S+1 VUE SUR MER💗PRÈS D'HOTEL ROYAL KENZ | Tayara Publicité Contactez-nous : +216 95 256 096 Explorer Nos boutiques ImmoNeuf Promoteurs Offres et services Votre récente recheche: Pas de recheches récentes Filtre avancé Publier une annonce Se connecter Boutiques ImmoNeuf Annonce Messages Profil Retour Accueil appartements tunis tunis trs-chic-app-s1-vue-sur-merprs-dhotel-royal-kenz ❯ ❮ ❯ ❮ ❯ ❮ ❯ ❮ ❯ ❮ ❯ ❮ Accueil Appartements Tunis Tunis Trs chic app s1 vue sur merprs dhotel royal kenz Boutique la perle du sahel 88 annonce(s) Rue Abdelhamid Ibn Badis, Sousse Chat avec le vendeur Discuter sur WhatsApp Afficher le numéro Simulez votre crédit Nous Contacter Partager l ' annonce Signaler TRÈS CHIC APP S+1 VUE SUR MER💗PRÈS D'HOTEL ROYAL KENZ 275 000 DT immobilier , 29 minutes ago Entregitrer Signaler Description L'agence #IMMOBILIÈRE #LA #PERLE #DU #SAHEL met en #VENTE Un très chic #APPARTEMENT S+1 A #TANTANA #CHATT #MARIEM Prés d'hôtel ROYAL KENZ💎équipement : ✅Salon lumineux baigné de lumière et vue sur mer ✅Cuisine bien équipée ✅Chambre à coucher ✅Salle de bain ✅ Grand Terrasse vue sur mer ✅Superficie total 130 m2 ✴Les prestations de l’appartement : ✅Menuiserie en aluminium ✅Volets roulants électriques ✅Chauffage central ✅Climatiseurs ✅Situé à 100 m de la plage dans un quartier chic, calme et sécurisé , et à proximité de toutes les commodités . Prix , 💰💲 275 000 DT 💰💲

🚩 Soyez les bienvenus à Notre AGENCE IMMOBILIÈRE LA PERLE DU SAHEL ou bien contacté :
☎️ Fix : Afficher le numéro ☎️ Afficher le numéro ☎️ Mr. HABIB : Afficher le numéro / Afficher le numéro / Afficher le numéro / Afficher le numéro 🌐 Localisation De L’agence : maps.app.goo.gl/3oJqw6oHsTg3krMP8

🎵 TikTok : https://www.tiktok.com/@la.perle.du.sahel

 Page Facebook Professionnelle : https://www.facebook.com/immobilierelaperledusahel Lire plus Critères Type de transaction À Vendre Superficie 130 Salles de bains 1 Chambres 1 Vous trouverez aussi chez la perle du sahel n'a pas d'autres annonces actives Boutique la perle du sahel Chat avec le vendeur Acheter et vendre gratuitement près de chez vous Immo-Expert Aide Contactez-nous Professionnels Conditions d'utilisation Politiques relatives aux cookies Raccourcis Publier une annonce Visiter une boutique Filtres avancés Rechercher sur tayara Offres et services Bons plans Contactez-nous Vous avez une question? appelez ce numéro +216 95 256 096 Retrouvez-nous sur • صوّر بيع • لوّج إشري",2026-09-03T12:51:54
tayara_6a9958e2b6ae14216f5e7e00,tayara,https://www.tayara.tn/item/appartements/ariana/el-menzah-7/menzah-7-bis-appartement-s3-a-louer/6a9958e2b6ae14216f5e7e00/,location,appartement,MENZAH 7 BIS : APPARTEMENT S+3 A LOUER,Ariana,El Menzah 7,1550.0,,3,2,140,,False,True,False,True,True,False,"MENZAH 7 BIS : APPARTEMENT S+3 A LOUER
 | Tayara Publicité Contactez-nous : +216 95 256 096 Explorer Nos boutiques ImmoNeuf Promoteurs Offres et services Votre récente recheche: Pas de recheches récentes Filtre avancé Publier une annonce Se connecter Boutiques ImmoNeuf Annonce Messages Profil Retour Accueil appartements ariana el-menzah-7 menzah-7-bis-appartement-s3-a-louer ❯ ❮ ❯ ❮ ❯ ❮ ❯ ❮ ❯ ❮ ❯ ❮ Accueil Appartements Ariana El menzah 7 Menzah 7 bis appartement s3 a louer chacha 1 annonce(s) Chat avec le vendeur Discuter sur WhatsApp Afficher le numéro Simulez votre crédit Partager l ' annonce Signaler MENZAH 7 BIS : APPARTEMENT S+3 A LOUER 1 550 DT immobilier Ariana , 28 minutes ago Entregitrer Signaler Description 📍MENZAH 7 BIS : APPARTEMENT S+3 A LOUER

L’agence #MON_RÈSEAU met la location d'un appartement s+3 au  3eme étage  dans une résidence gardée et sécurisée proches de toutes commodités.

Il se compose d’: 
-Un salon  salle à manger avec balcon 
-Une cuisine  équipée avec séchoir 
- trois chambres à coucher 
- salle d’eau 
- salle de bain
- Un chauffage central
- climatisation 
- Une place parking sous sol
- Gardiennage et syndic 

Prix de location: 1550 TND  inclus syndic 

Pour de plus amples informations veuillez contacter notre conseillère en immobilier :

☎️Téléphone  : Afficher le numéro / Afficher le numéro / Afficher le numéro 📭WhatsApp : ⁨⁨ Afficher le numéro 📧E-mail : [email protected] Lire plus Critères Type de transaction À Louer Superficie 140 Salles de bains 2 Chambres 3 chacha Chat avec le vendeur Acheter et vendre gratuitement près de chez vous Immo-Expert Aide Contactez-nous Professionnels Conditions d'utilisation Politiques relatives aux cookies Raccourcis Publier une annonce Visiter une boutique Filtres avancés Rechercher sur tayara Offres et services Bons plans Contactez-nous Vous avez une question? appelez ce numéro +216 95 256 096 Retrouvez-nous sur • صوّر بيع • لوّج إشري",2026-09-03T12:51:58
tayara_6a99560f33f4b02206bf6292,tayara,https://www.tayara.tn/item/appartements/ariana/nouvelle-ariana/-ariana-centre-bureau-2h6-louer/6a99560f33f4b02206bf6292/,location,appartement,📍 ARIANA CENTRE – BUREAU 2H+6 À LOUER,Ariana,Nouvelle Ariana,3200.0,,,2,0,,False,False,False,True,False,False,"📍 ARIANA CENTRE – BUREAU 2H+6 À LOUER | Tayara Publicité Contactez-nous : +216 95 256 096 Explorer Nos boutiques ImmoNeuf Promoteurs Offres et services Votre récente recheche: Pas de recheches récentes Filtre avancé Publier une annonce Se connecter Boutiques ImmoNeuf Annonce Messages Profil Retour Accueil appartements ariana nouvelle-ariana -ariana-centre-bureau-2h6-louer ❯ ❮ ❯ ❮ ❯ ❮ ❯ ❮ ❯ ❮ ❯ ❮ ❯ ❮ ❯ ❮ ❯ ❮ Accueil Appartements Ariana Nouvelle ariana ariana centre bureau 2h6 louer meriem 1 annonce(s) Chat avec le vendeur Discuter sur WhatsApp Afficher le numéro Simulez votre crédit Partager l ' annonce Signaler 📍 ARIANA CENTRE – BUREAU 2H+6 À LOUER 3 200 DT immobilier Ariana , 40 minutes ago Entregitrer Signaler Description L’agence MON RÉSEAU Immobilier vous propose à la location un bureau 2H+6 situé dans un immeuble exclusivement bureautique, au cœur d’Ariana Centre, sur une artère principale, offrant une excellente visibilité et un accès facile.

Composition :

* 6 pièces
* 2 halls
* 2 points d’eau
* Climatisation centrale 

🏢 Immeuble exclusivement bureautique

💰 Loyer : 3 200 DT HTVA / mois

Ce bureau est idéal pour une société, un cabinet, une agence ou toute activité professionnelle recherchant un emplacement stratégique.

📞 GSM : Afficher le numéro Lire plus Critères Type de transaction À Louer Superficie 0 Salles de bains 2 Chambres 6 meriem Chat avec le vendeur Acheter et vendre gratuitement près de chez vous Immo-Expert Aide Contactez-nous Professionnels Conditions d'utilisation Politiques relatives aux cookies Raccourcis Publier une annonce Visiter une boutique Filtres avancés Rechercher sur tayara Offres et services Bons plans Contactez-nous Vous avez une question? appelez ce numéro +216 95 256 096 Retrouvez-nous sur • صوّر بيع • لوّج إشري",2026-09-03T12:52:00
tayara_6a8d25d2763dd571facb3229,tayara,https://www.tayara.tn/item/appartements/tunis/lac-2/a-louer-s1-haut-standing-aux-jardins-de-carthage/6a8d25d2763dd571facb3229/,location,appartement,a louer s+1 haut standing aux jardins de Carthage,Tunis,Lac 2,1150.0,,1,1,70,,True,False,False,False,True,False,"a louer s+1 haut standing aux jardins de Carthage | Tayara Publicité Contactez-nous : +216 95 256 096 Explorer Nos boutiques ImmoNeuf Promoteurs Offres et services Votre récente recheche: Pas de recheches récentes Filtre avancé Publier une annonce Se connecter Boutiques ImmoNeuf Annonce Messages Profil Retour Accueil appartements tunis lac-2 a-louer-s1-haut-standing-aux-jardins-de-carthage ❯ ❮ ❯ ❮ ❯ ❮ ❯ ❮ ❯ ❮ Accueil Appartements Tunis Lac 2 A louer s1 haut standing aux jardins de carthage Boutique kchaou immobiliere 33 annonce(s) Chat avec le vendeur Discuter sur WhatsApp Afficher le numéro Simulez votre crédit Nous Contacter Partager l ' annonce Signaler a louer s+1 haut standing aux jardins de Carthage 1 150 DT immobilier Tunis , 6 hours ago Entregitrer Signaler Description Agence immobilière KCHAOU propose à la location un joli appartement s+1 dans une résidence bien sécurisée et avec double ascenseur, l appartement est composé d un salon avec balcon 
une chambre à coucher 
Cuisine équipée 
sdb 
2climatiseurs 
chauffage central 
Loyer 1150d +50d frais syndic 
pour plus d informations veuillez nous contacter au Afficher le numéro Lire plus Critères Type de transaction À Louer Superficie 70 Salles de bains 1 Chambres 1 Vous trouverez aussi chez kchaou immobiliere n'a pas d'autres annonces actives Boutique kchaou immobiliere Chat avec le vendeur Acheter et vendre gratuitement près de chez vous Immo-Expert Aide Contactez-nous Professionnels Conditions d'utilisation Politiques relatives aux cookies Raccourcis Publier une annonce Visiter une boutique Filtres avancés Rechercher sur tayara Offres et services Bons plans Contactez-nous Vous avez une question? appelez ce numéro +216 95 256 096 Retrouvez-nous sur • صوّر بيع • لوّج إشري",2026-09-03T12:52:02
tayara_6a438f93c59ab3cb25a30175,tayara,https://www.tayara.tn/item/appartements/tunis/tunis/appartement-a-vendre-a-sidi-salem-bizerte/6a438f93c59ab3cb25a30175/,vente,appartement,Appartement a  Vendre a Sidi Salem Bizerte,Tunis,Tunis,197000.0,84.0,3,1,84,,False,False,False,False,False,False,"Appartement a  Vendre a Sidi Salem Bizerte | Tayara Publicité Contactez-nous : +216 95 256 096 Explorer Nos boutiques ImmoNeuf Promoteurs Offres et services Votre récente recheche: Pas de recheches récentes Filtre avancé Publier une annonce Se connecter Boutiques ImmoNeuf Annonce Messages Profil Retour Accueil appartements tunis tunis appartement-a-vendre-a-sidi-salem-bizerte ❯ ❮ ❯ ❮ ❯ ❮ ❯ ❮ ❯ ❮ ❯ ❮ Accueil Appartements Tunis Tunis Appartement a vendre a sidi salem bizerte Boutique edf immobilière 99 annonce(s) Chat avec le vendeur Discuter sur WhatsApp Afficher le numéro Simulez votre crédit Nous Contacter Partager l ' annonce Signaler Appartement a  Vendre a Sidi Salem Bizerte 197 000 DT immobilier , a day ago Entregitrer Signaler Description Réf 2709 EDF Immobilière 
Appartement a Vendre a Sidi Salem Bizerte 
S+3 
Emplacement Parfait 
proximité de tout commodités
Superficie : 84 m² 
Prix de Vente : 197 000 DT
Pour plus d'informations ou pour organiser une visite, contactez-nous : 📞 Afficher le numéro 📱 Afficher le numéro Lire plus Critères Type de transaction À Vendre Superficie 84 Salles de bains 1 Chambres 3 Vous trouverez aussi chez edf immobilière n'a pas d'autres annonces actives Boutique edf immobilière Chat avec le vendeur Acheter et vendre gratuitement près de chez vous Immo-Expert Aide Contactez-nous Professionnels Conditions d'utilisation Politiques relatives aux cookies Raccourcis Publier une annonce Visiter une boutique Filtres avancés Rechercher sur tayara Offres et services Bons plans Contactez-nous Vous avez une question? appelez ce numéro +216 95 256 096 Retrouvez-nous sur • صوّر بيع • لوّج إشري",2026-09-03T12:52:04
tayara_6a92d28233f4b02206bc6991,tayara,https://www.tayara.tn/item/appartements/ariana/ghazela/a-louer-un-appartement-s3-ghazala-ariana/6a92d28233f4b02206bc6991/,location,appartement,"A louer un appartement S+3 
   Ghazala  ariana",Ariana,Ghazela,2000.0,,3,2,240,rez-de-chaussée,False,True,False,False,False,False,"A louer un appartement S+3 
   Ghazala  ariana  | Tayara Publicité Contactez-nous : +216 95 256 096 Explorer Nos boutiques ImmoNeuf Promoteurs Offres et services Votre récente recheche: Pas de recheches récentes Filtre avancé Publier une annonce Se connecter Boutiques ImmoNeuf Annonce Messages Profil Retour Accueil appartements ariana ghazela a-louer-un-appartement-s3-ghazala-ariana ❯ ❮ ❯ ❮ ❯ ❮ Accueil Appartements Ariana Ghazela A louer un appartement s3 ghazala ariana Boutique palmarès immobilière 15 annonce(s) Rue de la feuille d'érable, Résidence Omega lac 2، Chat avec le vendeur Discuter sur WhatsApp Afficher le numéro Simulez votre crédit Nous Contacter Partager l ' annonce Signaler A louer un appartement S+3 
   Ghazala  ariana 2 000 DT immobilier Ariana , 4 days ago Entregitrer Signaler Description Palmarès immobilier , met à la location un grand appartement S+3  haut standing , dans une résidence  neuve au rez-de-chaussée ,
 salon spacieux  salle à manger 
 trois  chambres à coucher 
 salle de bain et salle d'eau 
terrasse, garage  pour deux  voitures 
  ☎️ Afficher le numéro Lire plus Critères Type de transaction À Louer Superficie 240 Salles de bains 2 Chambres 4 Vous trouverez aussi chez palmarès immobilière n'a pas d'autres annonces actives Boutique palmarès immobilière Chat avec le vendeur Acheter et vendre gratuitement près de chez vous Immo-Expert Aide Contactez-nous Professionnels Conditions d'utilisation Politiques relatives aux cookies Raccourcis Publier une annonce Visiter une boutique Filtres avancés Rechercher sur tayara Offres et services Bons plans Contactez-nous Vous avez une question? appelez ce numéro +216 95 256 096 Retrouvez-nous sur • صوّر بيع • لوّج إشري",2026-09-03T12:52:07
tayara_6a856f60374b022e6dccc0c2,tayara,https://www.tayara.tn/item/appartements/tunis/tunis/appartement-s3-au-rdc-tantana-chatt-meriem/6a856f60374b022e6dccc0c2/,location,appartement,Appartement S+3 au RDC Tantana chatt Meriem,Tunis,Tunis,1200.0,,3,1,100,RDC,False,False,False,False,False,False,"Appartement S+3 au RDC Tantana chatt Meriem  | Tayara Publicité Contactez-nous : +216 95 256 096 Explorer Nos boutiques ImmoNeuf Promoteurs Offres et services Votre récente recheche: Pas de recheches récentes Filtre avancé Publier une annonce Se connecter Boutiques ImmoNeuf Annonce Messages Profil Retour Accueil appartements tunis tunis appartement-s3-au-rdc-tantana-chatt-meriem ❯ ❮ ❯ ❮ ❯ ❮ ❯ ❮ ❯ ❮ ❯ ❮ ❯ ❮ ❯ ❮ ❯ ❮ Accueil Appartements Tunis Tunis Appartement s3 au rdc tantana chatt meriem Boutique immobiliere du lac 59 annonce(s) Chat avec le vendeur Discuter sur WhatsApp Afficher le numéro Simulez votre crédit Nous Contacter Partager l ' annonce Signaler Appartement S+3 au RDC Tantana chatt Meriem 1 200 DT immobilier , 24 minutes ago Entregitrer Signaler Description A louer apprtement au Rez de chaussé  meublée à Tantana Extremité  Kantaoui  , trois chambres ,Salon,salle de douche ,cuisine agencée et equipée Le rez de chaussé est équipé de chauffage centrale et climatisations par split, un coin jardin, Terrasse une entrée indépendante . 
(Locations annuelle pour locataires sérieux ). Prix 1200DT/mois. Pour plus d’informations contacter tel et WhatsApp au Afficher le numéro . ou Afficher le numéro Lire plus Critères Type de transaction À Louer Superficie 100 Salles de bains 1 Chambres 3 Vous trouverez aussi chez immobiliere du lac n'a pas d'autres annonces actives Boutique immobiliere du lac Chat avec le vendeur Acheter et vendre gratuitement près de chez vous Immo-Expert Aide Contactez-nous Professionnels Conditions d'utilisation Politiques relatives aux cookies Raccourcis Publier une annonce Visiter une boutique Filtres avancés Rechercher sur tayara Offres et services Bons plans Contactez-nous Vous avez une question? appelez ce numéro +216 95 256 096 Retrouvez-nous sur • صوّر بيع • لوّج إشري",2026-09-03T12:52:10
tayara_6a9958c4b6ae14216f5e7de7,tayara,https://www.tayara.tn/item/appartements/ariana/cit-ennasr-2/ennasr-2-appartement-s1-meuble-a-louer/6a9958c4b6ae14216f5e7de7/,location,appartement,📍ENNASR 2 : APPARTEMENT S+1 MEUBLE A LOUER,Ariana,Cit Ennasr 2,1050.0,,1,1,0,,False,False,False,True,True,True,"📍ENNASR 2 : APPARTEMENT S+1 MEUBLE A LOUER | Tayara Publicité Contactez-nous : +216 95 256 096 Explorer Nos boutiques ImmoNeuf Promoteurs Offres et services Votre récente recheche: Pas de recheches récentes Filtre avancé Publier une annonce Se connecter Boutiques ImmoNeuf Annonce Messages Profil Retour Accueil appartements ariana cit-ennasr-2 ennasr-2-appartement-s1-meuble-a-louer ❯ ❮ ❯ ❮ ❯ ❮ ❯ ❮ ❯ ❮ ❯ ❮ ❯ ❮ ❯ ❮ Accueil Appartements Ariana Cit ennasr 2 Ennasr 2 appartement s1 meuble a louer yasmine 1 annonce(s) Chat avec le vendeur Discuter sur WhatsApp Afficher le numéro Simulez votre crédit Partager l ' annonce Signaler 📍ENNASR 2 : APPARTEMENT S+1 MEUBLE A LOUER 1 050 DT immobilier Ariana , 28 minutes ago Entregitrer Signaler Description L’agence #MON_RÈSEAU met la location d'un appartement s+1 richement meublé au 4  éme étage dans une résidence gardée et sécurisée proches de toutes commodités.

Il se compose d’: 
-Un salon a
-Une cuisine aménagée 
-Une chambre à coucher avec dressing 
-Une salle de bain  
- Un chauffage central
- Climatisation 
- Gardiennage et syndic 

Prix de location: 1050 TND 

Pour de plus amples informations veuillez contacter notre conseillère en immobilier :

☎️Téléphone  : Afficher le numéro / Afficher le numéro / Afficher le numéro 📭WhatsApp : ⁨⁨ Afficher le numéro 📧E-mail : [email protected] Lire plus Critères Type de transaction À Louer Superficie 0 Salles de bains 1 Chambres 1 yasmine Chat avec le vendeur Acheter et vendre gratuitement près de chez vous Immo-Expert Aide Contactez-nous Professionnels Conditions d'utilisation Politiques relatives aux cookies Raccourcis Publier une annonce Visiter une boutique Filtres avancés Rechercher sur tayara Offres et services Bons plans Contactez-nous Vous avez une question? appelez ce numéro +216 95 256 096 Retrouvez-nous sur • صوّر بيع • لوّج إشري",2026-09-03T12:52:12
tayara_6a43b86db3da6e91fdc0c7f2,tayara,https://www.tayara.tn/item/appartements/ben-arous/borj-cedria/appartement-s3-borj-cedria/6a43b86db3da6e91fdc0c7f2/,vente,appartement,Appartement S+3 à Borj Cedria,Ben Arous,Borj Cedria,158000.0,117.0,3,3,117,,True,False,False,False,False,False,"Appartement S+3 à Borj Cedria | Tayara Publicité Contactez-nous : +216 95 256 096 Explorer Nos boutiques ImmoNeuf Promoteurs Offres et services Votre récente recheche: Pas de recheches récentes Filtre avancé Publier une annonce Se connecter Boutiques ImmoNeuf Annonce Messages Profil Retour Accueil appartements ben-arous borj-cedria appartement-s3-borj-cedria ❯ ❮ ❯ ❮ ❯ ❮ ❯ ❮ ❯ ❮ ❯ ❮ Accueil Appartements Ben arous Borj cedria Appartement s3 borj cedria Boutique agence el borj 12 annonce(s) Local n 6 Résidence corail 3 Chat avec le vendeur Discuter sur WhatsApp Afficher le numéro Simulez votre crédit Nous Contacter Partager l ' annonce Signaler Appartement S+3 à Borj Cedria 158 000 DT immobilier Ben Arous , 2 hours ago Entregitrer Signaler Description 🏡 À VENDRE – Appartement S+3 de 117 m² – Cité AFH Borj Cédria – Direct Promoteur

Découvrez cet appartement S+3 de 117 m², situé au 4ᵉ étage d'une résidence sans ascenseur, au cœur de la très prisée cité AFH de Borj Cédria. Son emplacement privilégié, à proximité immédiate de la mosquée, du Magasin Général et de toutes les commodités, en fait une excellente opportunité d'acquisition.

Caractéristiques :
Superficie : 117 m²

Salon spacieux et lumineux

Cuisine entièrement équipée

Séchoir avec chauffe-eau

3 chambres à coucher

Salle de bain

4ᵉ étage (sans ascenseur)

Titre foncier individuel

Les atouts :
✅ Vente directe promoteur 
✅ Frais d'enregistrement réduits à 1 %
✅ Titre foncier individuel
✅ Emplacement stratégique au cœur d'un quartier résidentiel recherché
✅ À proximité immédiate des commerces, écoles, transports et lieux de culte

💰 Prix : 158 000 DT

Que vous recherchiez votre résidence principale ou un investissement rentable, cet appartement offre un excellent rapport qualité/prix dans l'un des secteurs les plus recherchés de Borj Cédria.

📞 Contactez-nous dès maintenant pour plus d'informations ou pour organiser une visite. Lire plus Critères Type de transaction À Vendre Superficie 117 Salles de bains 1 Chambres 3 Vous trouverez aussi chez agence el borj n'a pas d'autres annonces actives Boutique agence el borj Chat avec le vendeur Acheter et vendre gratuitement près de chez vous Immo-Expert Aide Contactez-nous Professionnels Conditions d'utilisation Politiques relatives aux cookies Raccourcis Publier une annonce Visiter une boutique Filtres avancés Rechercher sur tayara Offres et services Bons plans Contactez-nous Vous avez une question? appelez ce numéro +216 95 256 096 Retrouvez-nous sur • صوّر بيع • لوّج إشري",2026-09-03T12:52:15
tayara_696a64a0181355990922a749,tayara,https://www.tayara.tn/item/appartements/tunis/tunis/-vendre-des-appartements-s1-s2-s3-direct-promoteur-situ-la-nouvelle-soukra/696a64a0181355990922a749/,vente,appartement,"À VENDRE : Des appartements S+1, S+2 & S+3 , (Direct Promoteur) situé à La Nouvelle Soukra",Tunis,Tunis,245000.0,56.63,1,1,,,False,True,False,False,False,False,"À VENDRE : Des appartements S+1, S+2 & S+3 , (Direct Promoteur) situé à La Nouvelle Soukra | Tayara Publicité Contactez-nous : +216 95 256 096 Explorer Nos boutiques ImmoNeuf Promoteurs Offres et services Votre récente recheche: Pas de recheches récentes Filtre avancé Publier une annonce Se connecter Boutiques ImmoNeuf Annonce Messages Profil Retour Accueil appartements tunis tunis -vendre-des-appartements-s1-s2-s3-direct-promoteur-situ-la-nouvelle-soukra ❯ ❮ ❯ ❮ ❯ ❮ ❯ ❮ ❯ ❮ ❯ ❮ ❯ ❮ ❯ ❮ ❯ ❮ Accueil Appartements Tunis Tunis vendre des appartements s1 s2 s3 direct promoteur situ la nouvelle soukra Boutique reo-immobilier 67 annonce(s) Chat avec le vendeur Discuter sur WhatsApp Afficher le numéro Simulez votre crédit Nous Contacter Partager l ' annonce Signaler À VENDRE : Des appartements S+1, S+2 & S+3 , (Direct Promoteur) situé à La Nouvelle Soukra 245 000 DT immobilier , 5 days ago Entregitrer Signaler Description 🏡 REO Immobilier a le plaisir de vous présenter une opportunité immobilière rare à La Nouvelle Soukra – Direct Promoteur.

Découvrez des appartements au sein d’une résidence nouvelle génération, pensée pour allier luxe, confort et sérénité, dans l’un des quartiers les plus prisés du Grand Tunis.
✨ Un investissement sûr dans une adresse d’exception.

🌿 Un cadre de vie privilégié

Implantée dans un environnement résidentiel recherché, cette résidence R+5 haut standing séduit par son architecture contemporaine, son ambiance élégante et son haut niveau de sécurité.
Chaque détail a été soigneusement étudié pour offrir un confort optimal et un cadre de vie harmonieux.

Les appartements sont lumineux, fonctionnels et dotés de finitions premium :

🔹 S+1 : de 56,63 m² à 62,47 m²
🔹 S+2 : de 82,43 m² + 29,13 m² de terrasse jusqu’à 116,63 m²

🏗️ Des prestations haut de gamme qui font la différence

✔ Isolation phonique et thermique renforcée
✔ Menuiserie aluminium avec double vitrage
✔ Revêtements haut standing effet parquet bois
✔ Finitions raffinées et matériaux nobles
✔ Jardin paysager et espaces de détente
✔ Circulation fluide et conception moderne
✔ Place de parking privative au sous-sol
✔ Résidence calme, moderne et hautement sécurisée 🔐🌳

📍 Un emplacement stratégique

À proximité immédiate de toutes les commodités :
🛍 commerces • ☕ cafés • 🏫 écoles • 🏢 centres d’affaires • 🌳 espaces verts • 🚗 axes routiers principaux

Un emplacement idéal aussi bien pour une résidence principale que pour un investissement à forte valeur ajoutée, porté par le développement rapide de la zone.

💰 Prix attractifs (Direct Promoteur)
🔸 S+1 à partir de : 245 000 DT
🔸 S+2 à partir de : 390 000 DT

🗝️ Livraison prévue : Décembre 2026
💰 Réservation possible avec seulement 30 % d’avance

📈 Profitez des prix actuels avant la prochaine augmentation.

📞 Contact & visites
📱 Afficher le numéro • Afficher le numéro • Afficher le numéro 📩 REO Immobilier – Votre partenaire de confiance pour un investissement réussi. Lire plus Critères Type de transaction À Vendre Salles de bai",2026-09-03T12:52:17
tayara_6a54df374956ba003a3febf7,tayara,https://www.tayara.tn/item/appartements/ariana/riadh-andalous/-vendre-des-appartements-en-direct-promoteur/6a54df374956ba003a3febf7/,vente,appartement,À vendre des appartements en direct promoteur,Ariana,Riadh Andalous,3800.0,,1,1,60,,False,False,False,False,False,False,"À vendre des appartements en direct promoteur | Tayara Publicité Contactez-nous : +216 95 256 096 Explorer Nos boutiques ImmoNeuf Promoteurs Offres et services Votre récente recheche: Pas de recheches récentes Filtre avancé Publier une annonce Se connecter Boutiques ImmoNeuf Annonce Messages Profil Retour Accueil appartements ariana riadh-andalous -vendre-des-appartements-en-direct-promoteur Accueil Appartements Ariana Riadh andalous vendre des appartements en direct promoteur Boutique just on time 28 annonce(s) Chat avec le vendeur Discuter sur WhatsApp Afficher le numéro Simulez votre crédit Nous Contacter Partager l ' annonce Signaler À vendre des appartements en direct promoteur 3 800 DT immobilier Ariana , 2 days ago Entregitrer Signaler Description Opportunité immobilière : Appartements neufs à Riadh Landalous

Découvrez une sélection d’appartements neufs, disponibles en vente directe promoteur au cœur de Riadh Landalous. Ce programme immobilier propose des typologies variées allant du S+1 au S+4, adaptées à vos besoins en matière d’habitation. Les unités sont situées dans un immeuble de 4 étages, offrant un cadre de vie moderne et fonctionnel.

La remise des clés est prévue pour la fin du mois de février 2028. Ces biens représentent une opportunité idéale pour un investissement ou une acquisition en résidence principale dans un secteur en développement.


	Typologies disponibles : S+1, S+2, S+3 et S+4
	Vente directe promoteur
	Immeuble de 4 étages
	Livraison prévue : février 2028

Contactez-nous dès maintenant pour obtenir plus d’informations sur ces appartements et organiser votre projet d’achat Afficher le numéro / Afficher le numéro Lire plus Critères Type de transaction À Vendre Superficie 60 Salles de bains 0 Chambres 1 Vous trouverez aussi chez just on time n'a pas d'autres annonces actives Boutique just on time Chat avec le vendeur Acheter et vendre gratuitement près de chez vous Immo-Expert Aide Contactez-nous Professionnels Conditions d'utilisation Politiques relatives aux cookies Raccourcis Publier une annonce Visiter une boutique Filtres avancés Rechercher sur tayara Offres et services Bons plans Contactez-nous Vous avez une question? appelez ce numéro +216 95 256 096 Retrouvez-nous sur • صوّر بيع • لوّج إشري",2026-09-03T12:52:19
tayara_6957d9198914daae51a5478c,tayara,https://www.tayara.tn/item/appartements/tunis/tunis/a-louer-appartement-s2-meubl-au-centre-ville-tunis/6957d9198914daae51a5478c/,location,appartement,A louer appartement s2 meublé au centre ville Tunis,Tunis,Tunis,1750.0,,2,1,120,,False,False,False,False,True,True,"A louer appartement s2 meublé au centre ville Tunis | Tayara Publicité Contactez-nous : +216 95 256 096 Explorer Nos boutiques ImmoNeuf Promoteurs Offres et services Votre récente recheche: Pas de recheches récentes Filtre avancé Publier une annonce Se connecter Boutiques ImmoNeuf Annonce Messages Profil Retour Accueil appartements tunis tunis a-louer-appartement-s2-meubl-au-centre-ville-tunis ❯ ❮ ❯ ❮ ❯ ❮ ❯ ❮ ❯ ❮ ❯ ❮ ❯ ❮ ❯ ❮ Accueil Appartements Tunis Tunis A louer appartement s2 meubl au centre ville tunis Boutique la méditerranée immobilière tunis 35 annonce(s) Chat avec le vendeur Discuter sur WhatsApp Afficher le numéro Simulez votre crédit Nous Contacter Partager l ' annonce Signaler A louer appartement s2 meublé au centre ville Tunis 1 750 DT immobilier Tunis , 29 minutes ago Entregitrer Signaler Description La Méditerranée immobilière vous propose à la location un appartement s+2 luxueusement meublé situé dans un immeuble proche de toute les commodités , l’appartement est composé d’un grand salon, deux chambres à coucher , salle d'eau avec cabine de douche ,une cuisine aménagée et totalement équipée . chauffage central et climatiseurs sont disponibles . Lire plus Critères Type de transaction À Louer Superficie 120 Salles de bains 1 Chambres 2 Vous trouverez aussi chez la méditerranée immobilière tunis n'a pas d'autres annonces actives Boutique la méditerranée immobilière tunis Chat avec le vendeur Acheter et vendre gratuitement près de chez vous Immo-Expert Aide Contactez-nous Professionnels Conditions d'utilisation Politiques relatives aux cookies Raccourcis Publier une annonce Visiter une boutique Filtres avancés Rechercher sur tayara Offres et services Bons plans Contactez-nous Vous avez une question? appelez ce numéro +216 95 256 096 Retrouvez-nous sur • صوّر بيع • لوّج إشري",2026-09-03T12:52:22
tayara_6a69fae204ad34411463af48,tayara,https://www.tayara.tn/item/appartements/sousse/chatt-mariem/-vendre-appartement-s2-pieds-dans-leau-chott-meriem-/6a69fae204ad34411463af48/,vente,appartement,À Vendre – Appartement S+2 Pieds dans l’Eau à Chott Meriem .,Sousse,Chatt Mariem,450000.0,104.0,2,2,104,1er étage,False,True,False,False,False,False,"À Vendre – Appartement S+2 Pieds dans l’Eau à Chott Meriem . | Tayara Publicité Contactez-nous : +216 95 256 096 Explorer Nos boutiques ImmoNeuf Promoteurs Offres et services Votre récente recheche: Pas de recheches récentes Filtre avancé Publier une annonce Se connecter Boutiques ImmoNeuf Annonce Messages Profil Retour Accueil appartements sousse chatt-mariem -vendre-appartement-s2-pieds-dans-leau-chott-meriem- ❯ ❮ ❯ ❮ ❯ ❮ ❯ ❮ ❯ ❮ ❯ ❮ Accueil Appartements Sousse Chatt mariem vendre appartement s2 pieds dans leau chott meriem Boutique dahmen immobilier 40 annonce(s) Sousse Chat avec le vendeur Discuter sur WhatsApp Afficher le numéro Simulez votre crédit Nous Contacter Partager l ' annonce Signaler À Vendre – Appartement S+2 Pieds dans l’Eau à Chott Meriem . 450 000 DT immobilier Sousse , a day ago Entregitrer Signaler Description Découvrez ce magnifique appartement S+2 situé au 1er étage d’une résidence en bord de mer, offrant une vue panoramique directe sur la mer. Caractéristiques : * Superficie : 104 m² * Salon et salle à manger avec balcon vue mer directe * Cuisine moderne et bien aménagée * 2 chambres à coucher * Salle de bain * Place de parking * Titre bleu individuel Prix : 450 000 DT Lire plus Critères Type de transaction À Vendre Superficie 104 Salles de bains 1 Chambres 1 Vous trouverez aussi chez dahmen immobilier n'a pas d'autres annonces actives Boutique dahmen immobilier Chat avec le vendeur Acheter et vendre gratuitement près de chez vous Immo-Expert Aide Contactez-nous Professionnels Conditions d'utilisation Politiques relatives aux cookies Raccourcis Publier une annonce Visiter une boutique Filtres avancés Rechercher sur tayara Offres et services Bons plans Contactez-nous Vous avez une question? appelez ce numéro +216 95 256 096 Retrouvez-nous sur • صوّر بيع • لوّج إشري",2026-09-03T12:52:25
tayara_6a995dab33f4b02206bf6790,tayara,https://www.tayara.tn/item/appartements/ariana/cit-ennasr-2/appart-s1-haut-standing-richement-meubl-ennaser-2/6a995dab33f4b02206bf6790/,location,appartement,Appart S+1 haut standing richement meublé à Ennaser 2,Ariana,Cit Ennasr 2,1500.0,,1,1,100,,False,True,False,True,True,True,"Appart S+1 haut standing richement meublé à Ennaser 2 | Tayara Publicité Contactez-nous : +216 95 256 096 Explorer Nos boutiques ImmoNeuf Promoteurs Offres et services Votre récente recheche: Pas de recheches récentes Filtre avancé Publier une annonce Se connecter Boutiques ImmoNeuf Annonce Messages Profil Retour Accueil appartements ariana cit-ennasr-2 appart-s1-haut-standing-richement-meubl-ennaser-2 ❯ ❮ ❯ ❮ ❯ ❮ ❯ ❮ ❯ ❮ ❯ ❮ ❯ ❮ ❯ ❮ Accueil Appartements Ariana Cit ennasr 2 Appart s1 haut standing richement meubl ennaser 2 rahma 1 annonce(s) Chat avec le vendeur Discuter sur WhatsApp Afficher le numéro Simulez votre crédit Partager l ' annonce Signaler Appart S+1 haut standing richement meublé à Ennaser 2 1 500 DT immobilier Ariana , 8 minutes ago Entregitrer Signaler Description - On met à la location un appartement S+1 richement meublé haut standing jamais habité d'une superficie totale de 100m au 1ére étage situé dans une résidence calme et sécurisée à Ennasr 2 pour une longue durée. 

- Son orientation est optimale, il est très lumineux et ensoleillé.

- Le bloc jour se compose d'un salon lumineux , d'une cuisine bien équipée.

- Le bloc nuit se compose d' une chambre à coucher avec dressing et d'une salle de bain avec une douche moderne.
- Terrasse avec un jardin 
- Chauffage central et climatisation en split sont à la disposition.
- Place parking au sous-sol.

- Loyer 1500dt/m + 100dt/m les frais de syndic.

- Pour plus d'information veuillez contacter notre agent immobilier sur le Afficher le numéro / Afficher le numéro . Lire plus Critères Type de transaction À Louer Superficie 100 Salles de bains 1 Chambres 2 rahma Chat avec le vendeur Acheter et vendre gratuitement près de chez vous Immo-Expert Aide Contactez-nous Professionnels Conditions d'utilisation Politiques relatives aux cookies Raccourcis Publier une annonce Visiter une boutique Filtres avancés Rechercher sur tayara Offres et services Bons plans Contactez-nous Vous avez une question? appelez ce numéro +216 95 256 096 Retrouvez-nous sur • صوّر بيع • لوّج إشري",2026-09-03T12:52:27
tayara_6a92a7a533f4b02206bc4f57,tayara,https://www.tayara.tn/item/appartements/tunis/tunis/luxueux-tage-de-villa-hammem-sousse-/6a92a7a533f4b02206bc4f57/,location,appartement,Luxueux étage de villa à Hammem Sousse .,Tunis,Tunis,1800.0,,,2,2,,False,False,False,False,False,False,"Luxueux étage de villa à Hammem Sousse . | Tayara Publicité Contactez-nous : +216 95 256 096 Explorer Nos boutiques ImmoNeuf Promoteurs Offres et services Votre récente recheche: Pas de recheches récentes Filtre avancé Publier une annonce Se connecter Boutiques ImmoNeuf Annonce Messages Profil Retour Accueil appartements tunis tunis luxueux-tage-de-villa-hammem-sousse- ❯ ❮ ❯ ❮ ❯ ❮ ❯ ❮ ❯ ❮ ❯ ❮ ❯ ❮ ❯ ❮ Accueil Appartements Tunis Tunis Luxueux tage de villa hammem sousse Boutique dahmen immobilier 40 annonce(s) Sousse Chat avec le vendeur Discuter sur WhatsApp Afficher le numéro Simulez votre crédit Nous Contacter Partager l ' annonce Signaler Luxueux étage de villa à Hammem Sousse . 1 800 DT immobilier , 2 hours ago Entregitrer Signaler Description Dahmen Immobilier met pour une location annuelle , un luxueux étage de villa situé à Hammem Sousse. Il est de très haut standing , dispose d'un salon très bien lumineux , une Cuisine américaine chiquement équipée ( plaque , four , hotte ,  et un balcon . La partie nuit loge une grande suite parentale avec sa propre salle de bain et dressing , deux autre chambres à couchers avec une salle de bain commune , WC et placards . * Equipements : Chauffage centrale Cuisine bien aménagée Interphone 2 balcons WC 2 salles de bains Quartier résidentiel bien sécurisée Lire plus Critères Type de transaction À Louer Superficie 100 Salles de bains 2 Chambres 3 Vous trouverez aussi chez dahmen immobilier n'a pas d'autres annonces actives Boutique dahmen immobilier Chat avec le vendeur Acheter et vendre gratuitement près de chez vous Immo-Expert Aide Contactez-nous Professionnels Conditions d'utilisation Politiques relatives aux cookies Raccourcis Publier une annonce Visiter une boutique Filtres avancés Rechercher sur tayara Offres et services Bons plans Contactez-nous Vous avez une question? appelez ce numéro +216 95 256 096 Retrouvez-nous sur • صوّر بيع • لوّج إشري",2026-09-03T12:52:29
tayara_6a4653f8b3da6e91fdc247ae,tayara,https://www.tayara.tn/item/appartements/tunis/tunis/a-louer-s3-gammarth/6a4653f8b3da6e91fdc247ae/,location,appartement,A Louer S+3 à Gammarth,Tunis,Tunis,3600.0,200.0,3,2,200,rez-de-chaussée,False,True,False,False,False,False,"A Louer S+3 à Gammarth | Tayara Publicité Contactez-nous : +216 95 256 096 Explorer Nos boutiques ImmoNeuf Promoteurs Offres et services Votre récente recheche: Pas de recheches récentes Filtre avancé Publier une annonce Se connecter Boutiques ImmoNeuf Annonce Messages Profil Retour Accueil appartements tunis tunis a-louer-s3-gammarth ❯ ❮ ❯ ❮ ❯ ❮ ❯ ❮ Accueil Appartements Tunis Tunis A louer s3 gammarth Boutique good life 39 annonce(s) 106 bis Avenue de Carthage Aïn Zaghouan 2045 Tunis, Tunisie Chat avec le vendeur Discuter sur WhatsApp Afficher le numéro Simulez votre crédit Nous Contacter Partager l ' annonce Signaler A Louer S+3 à Gammarth 3 600 DT immobilier , 3 days ago Entregitrer Signaler Description L’agence immobilière Good Life vous propose à la location un spacieux appartement S+3 de 200 m², très lumineux, situé au rez-de-chaussée d’une résidence calme et sécurisée composée de seulement trois appartements.
L’appartement dispose d’un parking extérieur ainsi que d’une place de parking en sous-sol disponible à la location. Il constitue un bien rare, idéal pour une famille à la recherche de confort, de tranquillité et d’intimité.

Pour plus d’informations veuillez nous contacter au Afficher le numéro . Lire plus Critères Type de transaction À Louer Superficie 200 Salles de bains 2 Chambres 3 Vous trouverez aussi chez good life n'a pas d'autres annonces actives Boutique good life Chat avec le vendeur Acheter et vendre gratuitement près de chez vous Immo-Expert Aide Contactez-nous Professionnels Conditions d'utilisation Politiques relatives aux cookies Raccourcis Publier une annonce Visiter une boutique Filtres avancés Rechercher sur tayara Offres et services Bons plans Contactez-nous Vous avez une question? appelez ce numéro +216 95 256 096 Retrouvez-nous sur • صوّر بيع • لوّج إشري",2026-09-03T12:52:32
tayara_6980a81f15471d09ce12c994,tayara,https://www.tayara.tn/item/appartements/tunis/l-aouina/-vendre-des-appartements-s1-s2-s3-direct-promoteur-situ-cit-wahat/6980a81f15471d09ce12c994/,vente,appartement,"À VENDRE : Des appartements S+1, S+2 & S+3 , (Direct Promoteur) situé à Cité Wahat",Tunis,L Aouina,216000.0,57.0,1,1,,,False,True,False,False,False,False,"À VENDRE : Des appartements S+1, S+2 & S+3 , (Direct Promoteur) situé à Cité Wahat | Tayara Publicité Contactez-nous : +216 95 256 096 Explorer Nos boutiques ImmoNeuf Promoteurs Offres et services Votre récente recheche: Pas de recheches récentes Filtre avancé Publier une annonce Se connecter Boutiques ImmoNeuf Annonce Messages Profil Retour Accueil appartements tunis l-aouina -vendre-des-appartements-s1-s2-s3-direct-promoteur-situ-cit-wahat ❯ ❮ ❯ ❮ ❯ ❮ ❯ ❮ ❯ ❮ ❯ ❮ ❯ ❮ ❯ ❮ ❯ ❮ Accueil Appartements Tunis L aouina vendre des appartements s1 s2 s3 direct promoteur situ cit wahat Boutique reo-immobilier 67 annonce(s) Chat avec le vendeur Discuter sur WhatsApp Afficher le numéro Simulez votre crédit Nous Contacter Partager l ' annonce Signaler À VENDRE : Des appartements S+1, S+2 & S+3 , (Direct Promoteur) situé à Cité Wahat 216 000 DT immobilier Tunis , 5 days ago Entregitrer Signaler Description 🏡 REO Immobilier est ravi de vous proposer une opportunité rare à Cité Wahat : Des appartements (Direct Promoteur ) au sein d’une résidence nouvelle génération, conçue pour offrir luxe, confort et sérénité au quotidien.
✨ Un investissement sécurisé dans une adresse d’exception.

🌿 Un cadre de vie privilégié

Installée dans l’un des quartiers les plus recherchés du Grand Tunis, cette résidence R+7 haut standing séduit par son ambiance harmonieuse, sa sécurité renforcée et son architecture contemporaine où chaque détail a été imaginé pour votre bien-être.

Vous y découvrirez des appartements lumineux, intelligemment agencés et dotés de finitions premium :

S+1 : de 57 m² à 77 m²

S+2 : de 99 m² à 119 m²

S+3 : de 148 m² +28 m² jardin

🏗️ Des prestations haut de gamme qui font la différence

✔ Isolation phonique & thermique renforcée
✔ Menuiserie en double vitrage
✔ Revêtements haut standing effet parquet bois
✔ Finitions raffinées & matériaux nobles
✔ Jardin paysager, espaces de détente & circulation fluide
✔ Place de parking au sous-sol réservé
✔ Résidence calme, moderne et hautement sécurisée 🔐🌳

📍 Un emplacement stratégique

À proximité immédiate de toutes les commodités :
commerces, cafés, écoles, centres d’affaires, espaces verts et axes routiers principaux.
Un emplacement idéal pour une résidence principale… et un investissement à forte valeur ajoutée grâce au développement rapide de la zone.

💰 Le prix d'un appartement S+1 à partir de : 216 000 DT
💰Le prix d'un appartement S+2 à partir de : 366 000 DT
💰Le prix d'un appartement S+3 à partir de :565 000 MDT

🗝️ Livraison prévue : Fin 2028

💰 Réservation possible avec seulement 30 % d’avance.
Saisissez l’opportunité avant l’augmentation des prix.

📞 Contact & visites : Afficher le numéro • Afficher le numéro • Afficher le numéro Lire plus Critères Type de transaction À Vendre Salles de bains 1 Chambres 1 Vous trouverez aussi chez reo-immobilier n'a pas d'autres annonces actives Boutique reo-immobilier Chat avec le vendeur Acheter et vendre gratuitement près de chez vous Immo-Expert Aide Contactez-nous Prof",2026-09-03T12:52:35
tayara_6a901f8fb6ae14216f5a5cb8,tayara,https://www.tayara.tn/item/appartements/sousse/hammam-sousse/a-lou-lumineux-s2-menchia/6a901f8fb6ae14216f5a5cb8/,location,appartement,A loué lumineux S+2 à Menchia,Sousse,Hammam Sousse,1500.0,,2,2,120,,False,True,False,True,True,True,"A loué lumineux S+2 à Menchia | Tayara Publicité Contactez-nous : +216 95 256 096 Explorer Nos boutiques ImmoNeuf Promoteurs Offres et services Votre récente recheche: Pas de recheches récentes Filtre avancé Publier une annonce Se connecter Boutiques ImmoNeuf Annonce Messages Profil Retour Accueil appartements sousse hammam-sousse a-lou-lumineux-s2-menchia ❯ ❮ ❯ ❮ ❯ ❮ ❯ ❮ ❯ ❮ ❯ ❮ ❯ ❮ ❯ ❮ ❯ ❮ Accueil Appartements Sousse Hammam sousse A lou lumineux s2 menchia Boutique agence immobiliere el kantaoui 40 annonce(s) Agence Immobilière Kantaoui, Avenue 14 Janvier à coté de Hôtel Hana palace Chat avec le vendeur Discuter sur WhatsApp Afficher le numéro Simulez votre crédit Nous Contacter Partager l ' annonce Signaler A loué lumineux S+2 à Menchia 1 500 DT immobilier Sousse , 15 minutes ago Entregitrer Signaler Description Locacation annuelle S+2 non meublé à Menchia
L’Agence Immobilière Kantaoui Sonia vous propose pour location annuelle un spacieux et lumineux appartement type S+2 sans meuble àHammam Sousse El menchia dans un quartier résidentielle calme et prés de tous commodités
Ce bien est composé comme suit:
Un lumineux et spacieux salon
une cuisine équipée et agencé
(02) chambres à coucher dont une avec dressing
Une salle de bain avec baignoire
une salle d’eau
Equipements:
*climatisation
*chauffage central
*Balcon avec vue dégagée
*Séchoir
* siterne d’eau ( coupure d’eau imopossible )
* internet
*Place parking sous sol
* Résidence bien gardée et avec double asenceur
prix1500DT/ mois
-Pour plus de détails merci de nous contacter. Nos agents sont à votre disposition pour toutes informations et conseils nécessaires pour acquérir le bien immobilier qui vous cherchez. Merci d’appeler le Afficher le numéro / Afficher le numéro / Afficher le numéro . Email : [email protected] . site Web : www.kantaouiimmo.com
l’adresse de notre agence est: avenue 14 janvier sur la route principale sousse à coté de l’hôtel Hana palace prés du café arabesque kantaoui en face la pharmacie
#locationannuelle #studio #jamaishabité #hautstanding #hammamsousse #sousse #tunisie #kantaoui #vente #loue Lire plus Critères Type de transaction À Louer Superficie 120 Salles de bains 0 Chambres 2 Vous trouverez aussi chez agence immobiliere el kantaoui n'a pas d'autres annonces actives Boutique agence immobiliere el kantaoui Chat avec le vendeur Acheter et vendre gratuitement près de chez vous Immo-Expert Aide Contactez-nous Professionnels Conditions d'utilisation Politiques relatives aux cookies Raccourcis Publier une annonce Visiter une boutique Filtres avancés Rechercher sur tayara Offres et services Bons plans Contactez-nous Vous avez une question? appelez ce numéro +216 95 256 096 Retrouvez-nous sur • صوّر بيع • لوّج إشري",2026-09-03T12:52:37
tayara_6a9957fd33f4b02206bf63dc,tayara,https://www.tayara.tn/item/appartements/ariana/les-jardins-el-menzah-2/jardin-del-menzah-2-appartement-s2-richement-meubl-louer/6a9957fd33f4b02206bf63dc/,location,appartement,JARDIN D'EL MENZAH 2  : APPARTEMENT S+2 RICHEMENT MEUBLÉ À LOUER,Ariana,Les Jardins El Menzah 2,1900.0,,2,1,120,1er  étage,False,False,False,True,True,True,"JARDIN D'EL MENZAH 2  : APPARTEMENT S+2 RICHEMENT MEUBLÉ À LOUER
 | Tayara Publicité Contactez-nous : +216 95 256 096 Explorer Nos boutiques ImmoNeuf Promoteurs Offres et services Votre récente recheche: Pas de recheches récentes Filtre avancé Publier une annonce Se connecter Boutiques ImmoNeuf Annonce Messages Profil Retour Accueil appartements ariana les-jardins-el-menzah-2 jardin-del-menzah-2-appartement-s2-richement-meubl-louer ❯ ❮ ❯ ❮ ❯ ❮ ❯ ❮ ❯ ❮ ❯ ❮ ❯ ❮ Accueil Appartements Ariana Les jardins el menzah 2 Jardin del menzah 2 appartement s2 richement meubl louer chaina 1 annonce(s) Chat avec le vendeur Discuter sur WhatsApp Afficher le numéro Simulez votre crédit Partager l ' annonce Signaler JARDIN D'EL MENZAH 2  : APPARTEMENT S+2 RICHEMENT MEUBLÉ À LOUER 1 900 DT immobilier Ariana , 32 minutes ago Entregitrer Signaler Description 📍 JARDIN D'EL MENZAH 2  : APPARTEMENT S+2 RICHEMENT MEUBLÉ À LOUER

L’agence #MON_RÉSEAU met à la location un appartement S+2 richement meublé au 1er  étage dans une residence sécurisée et gardée  , situé à proximité de toutes commodités. 

Il se compose d’:

-Un salon salle à manger avec Balcon 
- Une cuisine équipée avec séchoir 
- Deux chambres à coucher  
- Dressing 
- Une salle de bain  
- Climatisation 
- Chauffage central 
  
- Gardiennage et syndic

Prix de location : 1900 TND inclus frais de syndic 

Pour de plus amples informations veuillez contacter nos conseillères en immobilier : 

☎️Téléphone  : Afficher le numéro / Afficher le numéro / Afficher le numéro 📭WhatsApp : ⁨⁨ Afficher le numéro 📧E-mail : [email protected] Lire plus Critères Type de transaction À Louer Superficie 120 Salles de bains 1 Chambres 2 chaina Chat avec le vendeur Acheter et vendre gratuitement près de chez vous Immo-Expert Aide Contactez-nous Professionnels Conditions d'utilisation Politiques relatives aux cookies Raccourcis Publier une annonce Visiter une boutique Filtres avancés Rechercher sur tayara Offres et services Bons plans Contactez-nous Vous avez une question? appelez ce numéro +216 95 256 096 Retrouvez-nous sur • صوّر بيع • لوّج إشري",2026-09-03T12:52:40
tayara_6a88109e509ae3528dcbfc12,tayara,https://www.tayara.tn/item/appartements/tunis/ain-zaghouan-nord/-louer-un-appartement-s4-au-rdc-ain-zaghouan-nord/6a88109e509ae3528dcbfc12/,location,appartement,À louer un appartement s+4 au rdc à ain zaghouan nord.,Tunis,Ain Zaghouan Nord,1550.0,,4,4,150,rdc,False,False,False,True,True,False,"À louer un appartement s+4 au rdc à ain zaghouan nord.
 | Tayara Publicité Contactez-nous : +216 95 256 096 Explorer Nos boutiques ImmoNeuf Promoteurs Offres et services Votre récente recheche: Pas de recheches récentes Filtre avancé Publier une annonce Se connecter Boutiques ImmoNeuf Annonce Messages Profil Retour Accueil appartements tunis ain-zaghouan-nord -louer-un-appartement-s4-au-rdc-ain-zaghouan-nord ❯ ❮ ❯ ❮ ❯ ❮ ❯ ❮ ❯ ❮ ❯ ❮ ❯ ❮ ❯ ❮ ❯ ❮ Accueil Appartements Tunis Ain zaghouan nord louer un appartement s4 au rdc ain zaghouan nord Boutique carthaginois 54 annonce(s) AINZAGHOUAN Chat avec le vendeur Discuter sur WhatsApp Afficher le numéro Simulez votre crédit Nous Contacter Partager l ' annonce Signaler À louer un appartement s+4 au rdc à ain zaghouan nord. 1 550 DT immobilier Tunis , 6 minutes ago Entregitrer Signaler Description À louer un appartement s+4 au rdc à ain zaghouan nord.

Carthaginois immobilière vous propose à la location un appartement de type s+4 à ain zaghouan nord.
Emplacement stratégique.
Résidence calme et propre.

Composition :

Un salon lumineux 

4 chambres à coucher l’une avec une grande terrasse 

Une cuisine équipée par plaque , hotte et four 

Salle de bain 

Salle d’eau pour les invités 

Dressing au couloir 

Chauffage central installé 
Climatiseur installé 

Loyer: 1600dt/mois

Pour plus d’informations n’hésitez pas de nous avoir contactés au Afficher le numéro WhatsApp : Afficher le numéro Lire plus Critères Type de transaction À Louer Superficie 150 Salles de bains 2 Chambres 4 Vous trouverez aussi chez carthaginois n'a pas d'autres annonces actives Boutique carthaginois Chat avec le vendeur Acheter et vendre gratuitement près de chez vous Immo-Expert Aide Contactez-nous Professionnels Conditions d'utilisation Politiques relatives aux cookies Raccourcis Publier une annonce Visiter une boutique Filtres avancés Rechercher sur tayara Offres et services Bons plans Contactez-nous Vous avez une question? appelez ce numéro +216 95 256 096 Retrouvez-nous sur • صوّر بيع • لوّج إشري",2026-09-03T12:52:42
tayara_6a69c94add4bfa6f3317b2e9,tayara,https://www.tayara.tn/item/appartements/sousse/sousse/magnifique-penthouse-vendre-au-cur-du-centre-ville-/6a69c94add4bfa6f3317b2e9/,vente,appartement,Magnifique Penthouse à vendre au cœur du centre ville .,Sousse,Sousse,1200000.0,260.0,,3,260,,False,True,False,True,False,False,"Magnifique Penthouse à vendre au cœur du centre ville . | Tayara Publicité Contactez-nous : +216 95 256 096 Explorer Nos boutiques ImmoNeuf Promoteurs Offres et services Votre récente recheche: Pas de recheches récentes Filtre avancé Publier une annonce Se connecter Boutiques ImmoNeuf Annonce Messages Profil Retour Accueil appartements sousse sousse magnifique-penthouse-vendre-au-cur-du-centre-ville- ❯ ❮ ❯ ❮ ❯ ❮ ❯ ❮ ❯ ❮ ❯ ❮ ❯ ❮ ❯ ❮ ❯ ❮ ❯ ❮ ❯ ❮ Accueil Appartements Sousse Sousse Magnifique penthouse vendre au cur du centre ville Boutique dahmen immobilier 40 annonce(s) Sousse Chat avec le vendeur Discuter sur WhatsApp Afficher le numéro Simulez votre crédit Nous Contacter Partager l ' annonce Signaler Magnifique Penthouse à vendre au cœur du centre ville . 1 200 000 DT immobilier Sousse , 5 days ago Entregitrer Signaler Description Un luxueux Penthouse à vendre : Dahmen Immobilier lance sur le marche , un un splendide penthouse de 260 m² couvert , sis dans un quartier calme et proche de toutes les commodités marchés, commerce, restaurant… A l’entrée, vous disposerez d’un chic salon avec une grande terrasse très bien ensoleillée grâce à sa bonne orientation et dotée d'une magnifique vue sur mer , une moderne cuisine parfaitement équipée et une salle d'eaux pour les invités . La partie nuit occupe une spacieuse suite parentale avec coin dressing , une salle de bain privée et dotée d'une magnifique vue sur mer . Deux (02) chambres à couchers avec dressing dans chaque chambre et une salle de bain commune . * Superficie : 260 m² couvert * Emplacement : Sousse * Caractéristiques : - Chauffage centrale - Climatisation centrale - Equipements de qualité pour les deux cuisine - Place parking sous-sol Lire plus Critères Type de transaction À Vendre Superficie 260 Salles de bains 3 Chambres 3 Vous trouverez aussi chez dahmen immobilier n'a pas d'autres annonces actives Boutique dahmen immobilier Chat avec le vendeur Acheter et vendre gratuitement près de chez vous Immo-Expert Aide Contactez-nous Professionnels Conditions d'utilisation Politiques relatives aux cookies Raccourcis Publier une annonce Visiter une boutique Filtres avancés Rechercher sur tayara Offres et services Bons plans Contactez-nous Vous avez une question? appelez ce numéro +216 95 256 096 Retrouvez-nous sur • صوّر بيع • لوّج إشري",2026-09-03T12:52:45
tayara_6a0c3803453ae0812f077cc5,tayara,https://www.tayara.tn/item/appartements/tunis/tunis/appartement-s1-en-vente/6a0c3803453ae0812f077cc5/,vente,appartement,Appartement s+1 en vente,Tunis,Tunis,230000.0,,1,1,76,1er étage,True,True,True,False,False,False,"Appartement s+1 en vente  | Tayara Publicité Contactez-nous : +216 95 256 096 Explorer Nos boutiques ImmoNeuf Promoteurs Offres et services Votre récente recheche: Pas de recheches récentes Filtre avancé Publier une annonce Se connecter Boutiques ImmoNeuf Annonce Messages Profil Retour Accueil appartements tunis tunis appartement-s1-en-vente ❯ ❮ ❯ ❮ ❯ ❮ ❯ ❮ ❯ ❮ Accueil Appartements Tunis Tunis Appartement s1 en vente Boutique tecnocasa hergla 29 annonce(s) Chat avec le vendeur Discuter sur WhatsApp Afficher le numéro Simulez votre crédit Nous Contacter Partager l ' annonce Signaler Appartement s+1 en vente 230 000 DT immobilier , 42 minutes ago Entregitrer Signaler Description Situé dans une résidence sécurisée avec piscine, cet appartement S+1 se trouve au 1er étage d’une résidence avec ascenseur, à seulement 7 minutes de la mer.

L’entrée donne sur un salon lumineux ouvrant sur un balcon.

La cuisine ouverte est entièrement équipée (plaque de cuisson, hotte, four et rangements) et bénéficie également d’un accès au balcon communiquant avec le salon.

La partie nuit comprend une chambre à coucher lumineuse et bien ventilée, avec dressing.

Une salle de bain moderne avec cabine de douche complète l’espace nuit.

Une place de parking est disponible au sous-sol de la résidence.

Livraison prévue : août 2026. Lire plus Critères Type de transaction À Vendre Superficie 76 Salles de bains 1 Chambres 1 Vous trouverez aussi chez tecnocasa hergla n'a pas d'autres annonces actives Boutique tecnocasa hergla Chat avec le vendeur Acheter et vendre gratuitement près de chez vous Immo-Expert Aide Contactez-nous Professionnels Conditions d'utilisation Politiques relatives aux cookies Raccourcis Publier une annonce Visiter une boutique Filtres avancés Rechercher sur tayara Offres et services Bons plans Contactez-nous Vous avez une question? appelez ce numéro +216 95 256 096 Retrouvez-nous sur • صوّر بيع • لوّج إشري",2026-09-03T12:52:47
tayara_6a86de77374b022e6dcda03c,tayara,https://www.tayara.tn/item/appartements/tunis/tunis/appartement-s3-louer-prs-du-parc-la-soukra/6a86de77374b022e6dcda03c/,location,appartement,Appartement S+3 à louer prés du parc La Soukra,Tunis,Tunis,1900.0,178.0,3,3,178,,False,True,False,False,False,False,"Appartement S+3 à louer prés du parc La Soukra | Tayara Publicité Contactez-nous : +216 95 256 096 Explorer Nos boutiques ImmoNeuf Promoteurs Offres et services Votre récente recheche: Pas de recheches récentes Filtre avancé Publier une annonce Se connecter Boutiques ImmoNeuf Annonce Messages Profil Retour Accueil appartements tunis tunis appartement-s3-louer-prs-du-parc-la-soukra ❯ ❮ ❯ ❮ ❯ ❮ Accueil Appartements Tunis Tunis Appartement s3 louer prs du parc la soukra Boutique newkey la soukra 47 annonce(s) LA SOUKRA Chat avec le vendeur Discuter sur WhatsApp Afficher le numéro Simulez votre crédit Nous Contacter Partager l ' annonce Signaler Appartement S+3 à louer prés du parc La Soukra 1 900 DT immobilier , 2 hours ago Entregitrer Signaler Description New Key La Soukra met à la location un appartement S+3 spacieux à La Soukra.
Découvrez cet appartement de 178 m² situé au premier étage d’une résidence à La Soukra. Ce bien offre un agencement fonctionnel composé d’un salon lumineux et de trois chambres confortables, idéal pour une installation familiale. L’espace nuit est complété par une salle de bain ainsi qu’une salle d’eau dédiée aux invités pour plus de praticité au quotidien.

Le logement bénéficie d’une place de parking en sous-sol, garantissant un stationnement sécurisé.


	Surface habitable de 178 m²
	3 chambres spacieuses
	Salon et salle d’eau invités
	Place de parking en sous-sol incluse

Contactez-nous dès maintenant pour organiser une visite et découvrir ce bien. Lire plus Critères Type de transaction À Louer Superficie 178 Salles de bains 0 Chambres 3 Vous trouverez aussi chez newkey la soukra n'a pas d'autres annonces actives Boutique newkey la soukra Chat avec le vendeur Acheter et vendre gratuitement près de chez vous Immo-Expert Aide Contactez-nous Professionnels Conditions d'utilisation Politiques relatives aux cookies Raccourcis Publier une annonce Visiter une boutique Filtres avancés Rechercher sur tayara Offres et services Bons plans Contactez-nous Vous avez une question? appelez ce numéro +216 95 256 096 Retrouvez-nous sur • صوّر بيع • لوّج إشري",2026-09-03T12:52:49
tayara_6a99583533f4b02206bf63f8,tayara,https://www.tayara.tn/item/appartements/ariana/cit-ennasr-2/-ennasr-appartement-s4-vendre/6a99583533f4b02206bf63f8/,vente,appartement,📍 ENNASR – APPARTEMENT S+4 À VENDRE,Ariana,Cit Ennasr 2,,156.0,4,2,230,,False,True,False,True,True,False,"📍 ENNASR – APPARTEMENT S+4 À VENDRE
 | Tayara Publicité Contactez-nous : +216 95 256 096 Explorer Nos boutiques ImmoNeuf Promoteurs Offres et services Votre récente recheche: Pas de recheches récentes Filtre avancé Publier une annonce Se connecter Boutiques ImmoNeuf Annonce Messages Profil Retour Accueil appartements ariana cit-ennasr-2 -ennasr-appartement-s4-vendre ❯ ❮ ❯ ❮ ❯ ❮ ❯ ❮ ❯ ❮ ❯ ❮ Accueil Appartements Ariana Cit ennasr 2 ennasr appartement s4 vendre mohamed 1 annonce(s) Chat avec le vendeur Discuter sur WhatsApp Afficher le numéro Simulez votre crédit Partager l ' annonce Signaler 📍 ENNASR – APPARTEMENT S+4 À VENDRE immobilier Ariana , 31 minutes ago Entregitrer Signaler Description 📍 ENNASR – APPARTEMENT S+4 À VENDRE

L’Agence Mon Réseau Immobilier vous propose à la vente un appartement S+4 situé au 9ᵉ étage d’une résidence sécurisée à Cité Ennasr. Bénéficiant d’une bonne distribution des espaces et d’un emplacement stratégique, ce bien convient parfaitement à une famille à la recherche de confort et de proximité des commodités.

✨ Caractéristiques principales :

* Surface utile : 156 m²
* Surface totale avec parties communes : 230 m²
* 9ᵉ étage
* Résidence construite en 2011
* Place de parking au sous-sol avec droit d’usage exclusif

🏡 Composition :

- Salon
- Cuisine équipée avec séchoir
- Suite parentale
- Trois chambres à coucher
- Salle de bain
- Salle d’eau invités
- Chauffage central 
- Climatisation central

Situé dans un quartier résidentiel recherché, à proximité des commerces, établissements scolaires et principaux axes routiers.

Prix de vente : 620 MD 

📞 Pour plus d’informations ou pour organiser une visite :

☎️ Téléphone : Afficher le numéro 📲 WhatsApp : Afficher le numéro 📧 E-mail : [email protected] Lire plus Critères Type de transaction À Vendre Superficie 230 Salles de bains 2 Chambres 4 mohamed Chat avec le vendeur Acheter et vendre gratuitement près de chez vous Immo-Expert Aide Contactez-nous Professionnels Conditions d'utilisation Politiques relatives aux cookies Raccourcis Publier une annonce Visiter une boutique Filtres avancés Rechercher sur tayara Offres et services Bons plans Contactez-nous Vous avez une question? appelez ce numéro +216 95 256 096 Retrouvez-nous sur • صوّر بيع • لوّج إشري",2026-09-03T12:52:52
tayara_6a4cf4c74956ba003a3b506c,tayara,https://www.tayara.tn/item/appartements/tunis/tunis/a-vendre-appartement-s2-au-centre-ville-tunis/6a4cf4c74956ba003a3b506c/,vente,appartement,a vendre appartement s2 au centre ville Tunis,Tunis,Tunis,150000.0,86.0,2,1,86,,False,False,False,False,False,False,"a vendre appartement s2 au centre ville Tunis | Tayara Publicité Contactez-nous : +216 95 256 096 Explorer Nos boutiques ImmoNeuf Promoteurs Offres et services Votre récente recheche: Pas de recheches récentes Filtre avancé Publier une annonce Se connecter Boutiques ImmoNeuf Annonce Messages Profil Retour Accueil appartements tunis tunis a-vendre-appartement-s2-au-centre-ville-tunis ❯ ❮ ❯ ❮ ❯ ❮ ❯ ❮ ❯ ❮ Accueil Appartements Tunis Tunis A vendre appartement s2 au centre ville tunis Boutique la méditerranée immobilière tunis 35 annonce(s) Chat avec le vendeur Discuter sur WhatsApp Afficher le numéro Simulez votre crédit Nous Contacter Partager l ' annonce Signaler a vendre appartement s2 au centre ville Tunis 150 000 DT immobilier Tunis , 30 minutes ago Entregitrer Signaler Description La Méditerranée immobilière vous propose à la vente un appartement s+2, dans un immeuble à proximité de toutes les commodités au plein de centre-ville avec une superficie de 86m², comprenant un couloir et un salon , une cuisine aménagée , deux chambres à coucher dont une avec placard elles se partagent une salle d'eau avec cabine de douche . Lire plus Critères Type de transaction À Vendre Superficie 86 Salles de bains 1 Chambres 3 Vous trouverez aussi chez la méditerranée immobilière tunis n'a pas d'autres annonces actives Boutique la méditerranée immobilière tunis Chat avec le vendeur Acheter et vendre gratuitement près de chez vous Immo-Expert Aide Contactez-nous Professionnels Conditions d'utilisation Politiques relatives aux cookies Raccourcis Publier une annonce Visiter une boutique Filtres avancés Rechercher sur tayara Offres et services Bons plans Contactez-nous Vous avez une question? appelez ce numéro +216 95 256 096 Retrouvez-nous sur • صوّر بيع • لوّج إشري",2026-09-03T12:52:55
tayara_6a60b88e4956ba003a45d822,tayara,https://www.tayara.tn/item/appartements/nabeul/klibia/appartement-haut-standing-kelibia-177md/6a60b88e4956ba003a45d822/,vente,appartement,appartement haut standing à kelibia 177md,Nabeul,Klibia,176998.0,,,1,150,,False,False,False,False,False,False,"appartement haut standing à kelibia 177md | Tayara Publicité Contactez-nous : +216 95 256 096 Explorer Nos boutiques ImmoNeuf Promoteurs Offres et services Votre récente recheche: Pas de recheches récentes Filtre avancé Publier une annonce Se connecter Boutiques ImmoNeuf Annonce Messages Profil Retour Accueil appartements nabeul klibia appartement-haut-standing-kelibia-177md ❯ ❮ ❯ ❮ ❯ ❮ ❯ ❮ ❯ ❮ ❯ ❮ Accueil Appartements Nabeul Klibia Appartement haut standing kelibia 177md Boutique immo plus kelibia 73 annonce(s) Avenu Ali bachhamba, Kélibia 8090 Chat avec le vendeur Discuter sur WhatsApp Afficher le numéro Simulez votre crédit Nous Contacter Partager l ' annonce Signaler appartement haut standing à kelibia 177md 176 998 DT immobilier Nabeul , 6 days ago Entregitrer Signaler Description 🔥فيسع اخلط على  برطمان haut standing بسوم فرصة
 بـ𝟏𝟕𝟕 مليون فقط! 🔥
🏡 موقع ممتاز بقليبية خطوة على البحر المنصورة 🌊
✅ المساحة: 𝟏𝟓𝟎 م² 
✅ 𝐃𝐞 𝐭𝐲𝐩𝐞 𝐒+𝟑 
✅ شهادة ملكية متوفرة
 🛋️ متفلتش الفرصة و كلمنا 
📞 للاستفسار : Afficher le numéro /
𝐖𝐡𝐚𝐭𝐬𝐀𝐩𝐩: Afficher le numéro Voir moins Voir moins Lire plus Critères Type de transaction À Vendre Superficie 150 Salles de bains 1 Chambres 2 Vous trouverez aussi chez immo plus kelibia n'a pas d'autres annonces actives Boutique immo plus kelibia Chat avec le vendeur Acheter et vendre gratuitement près de chez vous Immo-Expert Aide Contactez-nous Professionnels Conditions d'utilisation Politiques relatives aux cookies Raccourcis Publier une annonce Visiter une boutique Filtres avancés Rechercher sur tayara Offres et services Bons plans Contactez-nous Vous avez une question? appelez ce numéro +216 95 256 096 Retrouvez-nous sur • صوّر بيع • لوّج إشري",2026-09-03T12:52:58
tayara_6a992e1133f4b02206bf495e,tayara,https://www.tayara.tn/item/appartements/sousse/hergla/appartement-s2-en-location/6a992e1133f4b02206bf495e/,location,appartement,Appartement s+2 en location,Sousse,Hergla,1400.0,,2,2,115,,False,False,True,True,True,False,"Appartement s+2 en location  | Tayara Publicité Contactez-nous : +216 95 256 096 Explorer Nos boutiques ImmoNeuf Promoteurs Offres et services Votre récente recheche: Pas de recheches récentes Filtre avancé Publier une annonce Se connecter Boutiques ImmoNeuf Annonce Messages Profil Retour Accueil appartements sousse hergla appartement-s2-en-location ❯ ❮ ❯ ❮ ❯ ❮ ❯ ❮ ❯ ❮ ❯ ❮ ❯ ❮ ❯ ❮ ❯ ❮ ❯ ❮ Accueil Appartements Sousse Hergla Appartement s2 en location Boutique tecnocasa hergla 29 annonce(s) Chat avec le vendeur Discuter sur WhatsApp Afficher le numéro Simulez votre crédit Nous Contacter Partager l ' annonce Signaler Appartement s+2 en location 1 400 DT immobilier Sousse , 29 minutes ago Entregitrer Signaler Description Cet élégant appartement S+2, situé au sein d’une résidence privée à proximité immédiate de la mer, offre un cadre de vie paisible et agréable, agrémenté d’une piscine.

Il se compose d’un spacieux salon réunissant un espace séjour et une salle à manger, avec un accès direct au jardin. Une cuisine indépendante, entièrement équipée et fonctionnelle, complète l’espace de vie et bénéficie de nombreux rangements.

L’espace nuit comprend deux chambres à coucher ainsi qu’un point d’eau. Pour garantir un confort optimal en toute saison, l’appartement est doté du chauffage central et de la climatisation.

Un bien idéal pour profiter d’un environnement confortable, calme et proche de la mer. Lire plus Critères Type de transaction À Louer Superficie 115 Salles de bains 2 Chambres 2 Vous trouverez aussi chez tecnocasa hergla n'a pas d'autres annonces actives Boutique tecnocasa hergla Chat avec le vendeur Acheter et vendre gratuitement près de chez vous Immo-Expert Aide Contactez-nous Professionnels Conditions d'utilisation Politiques relatives aux cookies Raccourcis Publier une annonce Visiter une boutique Filtres avancés Rechercher sur tayara Offres et services Bons plans Contactez-nous Vous avez une question? appelez ce numéro +216 95 256 096 Retrouvez-nous sur • صوّر بيع • لوّج إشري",2026-09-03T12:53:01
tayara_6a9957e6b6ae14216f5e7d43,tayara,https://www.tayara.tn/item/appartements/ariana/les-jardins-el-menzah-2/jardin-del-menzah-2-appartement-s3-de-haut-standing-meuble-a-louer/6a9957e6b6ae14216f5e7d43/,location,appartement,JARDIN D'EL MENZAH 2 : APPARTEMENT S+3 DE HAUT STANDING MEUBLE A LOUER,Ariana,Les Jardins El Menzah 2,2700.0,,3,2,140,,False,True,False,True,True,True,"JARDIN D'EL MENZAH 2 : APPARTEMENT S+3 DE HAUT STANDING MEUBLE A LOUER | Tayara Publicité Contactez-nous : +216 95 256 096 Explorer Nos boutiques ImmoNeuf Promoteurs Offres et services Votre récente recheche: Pas de recheches récentes Filtre avancé Publier une annonce Se connecter Boutiques ImmoNeuf Annonce Messages Profil Retour Accueil appartements ariana les-jardins-el-menzah-2 jardin-del-menzah-2-appartement-s3-de-haut-standing-meuble-a-louer ❯ ❮ ❯ ❮ ❯ ❮ ❯ ❮ ❯ ❮ ❯ ❮ ❯ ❮ ❯ ❮ ❯ ❮ Accueil Appartements Ariana Les jardins el menzah 2 Jardin del menzah 2 appartement s3 de haut standing meuble a louer mon réseau 1 annonce(s) Chat avec le vendeur Discuter sur WhatsApp Afficher le numéro Simulez votre crédit Partager l ' annonce Signaler JARDIN D'EL MENZAH 2 : APPARTEMENT S+3 DE HAUT STANDING MEUBLE A LOUER 2 700 DT immobilier Ariana , 33 minutes ago Entregitrer Signaler Description 📍 JARDIN D'EL MENZAH 2 : APPARTEMENT S+3 DE HAUT STANDING MEUBLE A LOUER

L’agence #MON_RESEAU met la location d'un appartement s+3 richement meuble au 3 éme étage  avec doubles ascenseurs dans une résidence gardée et sécurisée proches de toutes commodités.

Il se compose d’:
- Un salon avec balcon
- Une cuisine équipée avec séchoir  
- Une salle de bain 
- deux chambres à coucher 
- Suite parentale avec dressing , salle d’eau 
- Dressing 
- chauffage central
- Climatisation  
- 2 Places de parking sous sol
- Gardiennage et syndic 

Prix de location: 2700  TND inclus syndic 

Pour de plus amples informations veuillez contacter notre conseillère en immobilier :

☎️Téléphone  : Afficher le numéro / Afficher le numéro / Afficher le numéro 📭WhatsApp : ⁨⁨ Afficher le numéro 📧E-mail : [email protected] Lire plus Critères Type de transaction À Vendre Superficie 140 Salles de bains 2 Chambres 3 mon réseau Chat avec le vendeur Acheter et vendre gratuitement près de chez vous Immo-Expert Aide Contactez-nous Professionnels Conditions d'utilisation Politiques relatives aux cookies Raccourcis Publier une annonce Visiter une boutique Filtres avancés Rechercher sur tayara Offres et services Bons plans Contactez-nous Vous avez une question? appelez ce numéro +216 95 256 096 Retrouvez-nous sur • صوّر بيع • لوّج إشري",2026-09-03T12:53:04
tayara_6a7b48b4303f47f0a02b364b,tayara,https://www.tayara.tn/item/appartements/ben-arous/medina-jedida/apparemment-s2/6a7b48b4303f47f0a02b364b/,vente,appartement,Apparemment s2,Ben Arous,Medina Jedida,2230000.0,,2,1,96,,True,True,False,True,True,False,"Apparemment s2 | Tayara Publicité Contactez-nous : +216 95 256 096 Explorer Nos boutiques ImmoNeuf Promoteurs Offres et services Votre récente recheche: Pas de recheches récentes Filtre avancé Publier une annonce Se connecter Boutiques ImmoNeuf Annonce Messages Profil Retour Accueil appartements ben-arous medina-jedida apparemment-s2 Accueil Appartements Ben arous Medina jedida Apparemment s2 Boutique soltane immobilier 18 annonce(s) Nouvelle Médina, Ben Arous Chat avec le vendeur Discuter sur WhatsApp Afficher le numéro Simulez votre crédit Nous Contacter Partager l ' annonce Signaler Apparemment s2 230 000 DT immobilier Ben Arous , a day ago Entregitrer Signaler Description 🏡 À VENDRE – Appartement S+2

📍 Au 2ᵉ étage avec ascenseur
🚗 Place de parking
🔥 Chauffage central
❄️ Climatisation
🍳 Cuisine équipée

✨ Appartement confortable et fonctionnel, idéal pour habitation ou investissement.

📞 Pour plus d’informations ou pour organiser une visite, contactez-nous Afficher le numéro Lire plus Critères Type de transaction À Vendre Superficie 96 Salles de bains 1 Chambres 2 Vous trouverez aussi chez soltane immobilier n'a pas d'autres annonces actives Boutique soltane immobilier Chat avec le vendeur Acheter et vendre gratuitement près de chez vous Immo-Expert Aide Contactez-nous Professionnels Conditions d'utilisation Politiques relatives aux cookies Raccourcis Publier une annonce Visiter une boutique Filtres avancés Rechercher sur tayara Offres et services Bons plans Contactez-nous Vous avez une question? appelez ce numéro +216 95 256 096 Retrouvez-nous sur • صوّر بيع • لوّج إشري",2026-09-03T12:53:06
tayara_6a9958b233f4b02206bf6449,tayara,https://www.tayara.tn/item/appartements/nabeul/klibia/des-appartement-vue-de-mer-kelibia-la-blanche/6a9958b233f4b02206bf6449/,vente,appartement,Des appartement vue de mer à kelibia la blanche,Nabeul,Klibia,,,1,1,90,,False,False,False,False,False,False,"Des appartement vue de mer à kelibia la blanche | Tayara Publicité Contactez-nous : +216 95 256 096 Explorer Nos boutiques ImmoNeuf Promoteurs Offres et services Votre récente recheche: Pas de recheches récentes Filtre avancé Publier une annonce Se connecter Boutiques ImmoNeuf Annonce Messages Profil Retour Accueil appartements nabeul klibia des-appartement-vue-de-mer-kelibia-la-blanche ❯ ❮ ❯ ❮ ❯ ❮ Accueil Appartements Nabeul Klibia Des appartement vue de mer kelibia la blanche Boutique immo plus kelibia 73 annonce(s) Avenu Ali bachhamba, Kélibia 8090 Chat avec le vendeur Discuter sur WhatsApp Afficher le numéro Simulez votre crédit Nous Contacter Partager l ' annonce Signaler Des appartement vue de mer à kelibia la blanche immobilier Nabeul , 30 minutes ago Entregitrer Signaler Description تلوج على برطمان haut standing و مطل على البحر 
 ""🌊على سابع أجمل شاطئ في العالم 🌊""قليبية البيضاء""""Kelibia La Blanche""
🔰  شقق عالية الجودة  ،s+1 s+2 s+3
🔰 تتراوح مساحتها بين 70 م 2 و 150 م²
🔏تحتوي على تدفئة و تبريد.
 🆓زيارة مجانية للموقع🆓
☎️لمزيد المعلومات☎️
💁تنجموا تكلمونا على : 
Tél : ☎️ Afficher le numéro /

WhatsApp ✅ Afficher le numéro Lire plus Critères Type de transaction À Vendre Superficie 90 Salles de bains 1 Chambres 2 Vous trouverez aussi chez immo plus kelibia n'a pas d'autres annonces actives Boutique immo plus kelibia Chat avec le vendeur Acheter et vendre gratuitement près de chez vous Immo-Expert Aide Contactez-nous Professionnels Conditions d'utilisation Politiques relatives aux cookies Raccourcis Publier une annonce Visiter une boutique Filtres avancés Rechercher sur tayara Offres et services Bons plans Contactez-nous Vous avez une question? appelez ce numéro +216 95 256 096 Retrouvez-nous sur • صوّر بيع • لوّج إشري",2026-09-03T12:53:09
tayara_6a86bc33374b022e6dcd86a8,tayara,https://www.tayara.tn/item/appartements/sousse/hammam-sousse/un-appartement-s2-hamam-sousse/6a86bc33374b022e6dcd86a8/,location,appartement,Un appartement s+2 à hamam sousse,Sousse,Hammam Sousse,1000.0,,2,1,95,2éme étage,False,False,False,True,False,True,"Un appartement s+2 à hamam sousse | Tayara Publicité Contactez-nous : +216 95 256 096 Explorer Nos boutiques ImmoNeuf Promoteurs Offres et services Votre récente recheche: Pas de recheches récentes Filtre avancé Publier une annonce Se connecter Boutiques ImmoNeuf Annonce Messages Profil Retour Accueil appartements sousse hammam-sousse un-appartement-s2-hamam-sousse ❯ ❮ ❯ ❮ ❯ ❮ ❯ ❮ ❯ ❮ ❯ ❮ ❯ ❮ ❯ ❮ ❯ ❮ ❯ ❮ ❯ ❮ Accueil Appartements Sousse Hammam sousse Un appartement s2 hamam sousse Boutique bili immo 255 annonce(s) Chat avec le vendeur Discuter sur WhatsApp Afficher le numéro Simulez votre crédit Nous Contacter Partager l ' annonce Signaler Un appartement s+2 à hamam sousse 1 000 DT immobilier Sousse , 18 minutes ago Entregitrer Signaler Description Agence Bili Immobilière  vous propose pour location annuelle un joli appartement s+2 meublé 
Référence : 9135
__________________
A louer un joli appartement s+2 est composé de :
💠Salon avec plasma 
💠deux chambres à coucher
💠cuisine 
💠Salle de bain 
💠un grand balcon
Bien équipée de gaz de ville et climatiseur 
Situé 2éme étage d'un immeuble calme et sécurisé à hammam sousse Bhayer prés de collège
______________________
Prix : 1000 dt 
Pour plus d'infos contacter nous sur Afficher le numéro ou Afficher le numéro whatsapp Afficher le numéro ou Afficher le numéro Lire plus Critères Type de transaction À Louer Superficie 95 Salles de bains 1 Chambres 2 Vous trouverez aussi chez bili immo n'a pas d'autres annonces actives Boutique bili immo Chat avec le vendeur Acheter et vendre gratuitement près de chez vous Immo-Expert Aide Contactez-nous Professionnels Conditions d'utilisation Politiques relatives aux cookies Raccourcis Publier une annonce Visiter une boutique Filtres avancés Rechercher sur tayara Offres et services Bons plans Contactez-nous Vous avez une question? appelez ce numéro +216 95 256 096 Retrouvez-nous sur • صوّر بيع • لوّج إشري",2026-09-03T12:53:12
tayara_6933ec6fcd04d08be7463ed7,tayara,https://www.tayara.tn/item/appartements/tunis/l-aouina/-vendre-des-appartements-s1-s2-s3-direct-promoteur-situ-la-nouvelle-soukra/6933ec6fcd04d08be7463ed7/,vente,appartement,"À VENDRE : Des appartements S+1, S+2 & S+3 , (Direct Promoteur) situé à La Nouvelle soukra",Tunis,L Aouina,218000.0,48.3,1,1,,,False,True,False,False,False,False,"À VENDRE : Des appartements S+1, S+2 & S+3 , (Direct Promoteur) situé à La Nouvelle soukra | Tayara Publicité Contactez-nous : +216 95 256 096 Explorer Nos boutiques ImmoNeuf Promoteurs Offres et services Votre récente recheche: Pas de recheches récentes Filtre avancé Publier une annonce Se connecter Boutiques ImmoNeuf Annonce Messages Profil Retour Accueil appartements tunis l-aouina -vendre-des-appartements-s1-s2-s3-direct-promoteur-situ-la-nouvelle-soukra ❯ ❮ ❯ ❮ ❯ ❮ ❯ ❮ ❯ ❮ ❯ ❮ ❯ ❮ ❯ ❮ ❯ ❮ Accueil Appartements Tunis L aouina vendre des appartements s1 s2 s3 direct promoteur situ la nouvelle soukra Boutique reo-immobilier 67 annonce(s) Chat avec le vendeur Discuter sur WhatsApp Afficher le numéro Simulez votre crédit Nous Contacter Partager l ' annonce Signaler À VENDRE : Des appartements S+1, S+2 & S+3 , (Direct Promoteur) situé à La Nouvelle soukra 218 000 DT immobilier Tunis , 2 days ago Entregitrer Signaler Description 🏡 REO Immobilier vous propose à la vente des appartements Direct Promoteur à La Nouvelle Soukra
✨ Une résidence de prestige – une opportunité exceptionnelle à ne pas manquer !

Découvrez nos magnifiques appartements S+1, S+2 et S+3, situés dans l’un des quartiers les plus prisés de La Nouvelle Soukra, idéal pour une résidence principale ou un investissement de qualité.

Ils se trouvent au sein d’une résidence R+2 très haut standing, implantée dans un environnement calme, sécurisé et recherché 🔐🌳

✅ Un cadre de vie alliant élégance, confort et modernité

🔸 Superficies disponibles :
* S+1 : A partir de 48,30 m² à 61,78 m²
* S+2 : A partir de 84 m² à 121,85 m²
* S+3 : A partir de 121.85 m² à 125.58

🏗️ Caractéristiques de la résidence :

🧱 Isolation phonique et thermique de haute performance

🪟 Menuiserie en double vitrage

🏊‍♂️ 2 piscines

🏋️‍♀️ Salle de sport entièrement équipée

🧘‍♀️ Espace de relaxation

🌺 Jardin paysager soigneusement aménagé

🎨 Finitions très haut standing

🪵 Revêtement intérieur en parquet effet bois

🅿️ Place de parking réservée

📍 À proximité immédiate de toutes commodités

✨S+1 A partir de : 218 000 DT✨
✨S+2 A partir de : 327 000 DT✨
✨S+3 A partir de : 464 000 DT✨

📅 Remise des clés : Juin 2028
💰 Réservez dès maintenant avec seulement 30 % d’avance !

📞 Contactez-nous : 

📲 Afficher le numéro / Afficher le numéro / Afficher le numéro Lire plus Critères Type de transaction À Vendre Vous trouverez aussi chez reo-immobilier n'a pas d'autres annonces actives Boutique reo-immobilier Chat avec le vendeur Acheter et vendre gratuitement près de chez vous Immo-Expert Aide Contactez-nous Professionnels Conditions d'utilisation Politiques relatives aux cookies Raccourcis Publier une annonce Visiter une boutique Filtres avancés Rechercher sur tayara Offres et services Bons plans Contactez-nous Vous avez une question? appelez ce numéro +216 95 256 096 Retrouvez-nous sur • صوّر بيع • لوّج إشري",2026-09-03T12:53:15
tayara_6a43b756c59ab3cb25a328f5,tayara,https://www.tayara.tn/item/appartements/ben-arous/borj-cedria/appartement-s3-borj-cedria/6a43b756c59ab3cb25a328f5/,vente,appartement,Appartement S+3 à Borj Cedria,Ben Arous,Borj Cedria,161000.0,119.0,3,3,119,,True,False,False,False,False,False,"Appartement S+3 à Borj Cedria | Tayara Publicité Contactez-nous : +216 95 256 096 Explorer Nos boutiques ImmoNeuf Promoteurs Offres et services Votre récente recheche: Pas de recheches récentes Filtre avancé Publier une annonce Se connecter Boutiques ImmoNeuf Annonce Messages Profil Retour Accueil appartements ben-arous borj-cedria appartement-s3-borj-cedria ❯ ❮ ❯ ❮ ❯ ❮ ❯ ❮ ❯ ❮ ❯ ❮ ❯ ❮ Accueil Appartements Ben arous Borj cedria Appartement s3 borj cedria Boutique agence el borj 12 annonce(s) Local n 6 Résidence corail 3 Chat avec le vendeur Discuter sur WhatsApp Afficher le numéro Simulez votre crédit Nous Contacter Partager l ' annonce Signaler Appartement S+3 à Borj Cedria 161 000 DT immobilier Ben Arous , 2 hours ago Entregitrer Signaler Description 🏡 À VENDRE – Appartement S+3 de 119 m² – Cité AFH Borj Cédria – Direct Promoteur

Découvrez cet appartement S+3 de 119 m², situé au 4ᵉ étage d'une résidence sans ascenseur, au cœur de la très prisée cité AFH de Borj Cédria. Son emplacement privilégié, à proximité immédiate de la mosquée, du Magasin Général et de toutes les commodités, en fait une excellente opportunité d'acquisition.

Caractéristiques :
Superficie : 119 m²

Salon spacieux et lumineux

Cuisine entièrement équipée

Séchoir avec chauffe-eau

3 chambres à coucher

Salle de bain

4ᵉ étage (sans ascenseur)

Titre foncier individuel

Les atouts :
✅ Vente directe promoteur 
✅ Frais d'enregistrement réduits à 1 %
✅ Titre foncier individuel
✅ Emplacement stratégique au cœur d'un quartier résidentiel recherché
✅ À proximité immédiate des commerces, écoles, transports et lieux de culte

💰 Prix : 161 000 DT

Que vous recherchiez votre résidence principale ou un investissement rentable, cet appartement offre un excellent rapport qualité/prix dans l'un des secteurs les plus recherchés de Borj Cédria.

📞 Contactez-nous dès maintenant pour plus d'informations ou pour organiser une visite. Lire plus Critères Type de transaction À Vendre Superficie 119 Salles de bains 1 Chambres 3 Vous trouverez aussi chez agence el borj n'a pas d'autres annonces actives Boutique agence el borj Chat avec le vendeur Acheter et vendre gratuitement près de chez vous Immo-Expert Aide Contactez-nous Professionnels Conditions d'utilisation Politiques relatives aux cookies Raccourcis Publier une annonce Visiter une boutique Filtres avancés Rechercher sur tayara Offres et services Bons plans Contactez-nous Vous avez une question? appelez ce numéro +216 95 256 096 Retrouvez-nous sur • صوّر بيع • لوّج إشري",2026-09-03T12:53:17
tayara_6a8d264c763dd571facb324a,tayara,https://www.tayara.tn/item/appartements/tunis/l-aouina/a-louer-s1-haut-standing-aux-jardins-de-carthage/6a8d264c763dd571facb324a/,location,appartement,a louer s+1 haut standing aux jardins de Carthage,Tunis,L Aouina,1150.0,,1,1,70,,True,False,False,False,True,False,"a louer s+1 haut standing aux jardins de Carthage | Tayara Publicité Contactez-nous : +216 95 256 096 Explorer Nos boutiques ImmoNeuf Promoteurs Offres et services Votre récente recheche: Pas de recheches récentes Filtre avancé Publier une annonce Se connecter Boutiques ImmoNeuf Annonce Messages Profil Retour Accueil appartements tunis l-aouina a-louer-s1-haut-standing-aux-jardins-de-carthage ❯ ❮ ❯ ❮ ❯ ❮ ❯ ❮ ❯ ❮ Accueil Appartements Tunis L aouina A louer s1 haut standing aux jardins de carthage Boutique kchaou immobiliere 33 annonce(s) Chat avec le vendeur Discuter sur WhatsApp Afficher le numéro Simulez votre crédit Nous Contacter Partager l ' annonce Signaler a louer s+1 haut standing aux jardins de Carthage 1 150 DT immobilier Tunis , 6 hours ago Entregitrer Signaler Description Agence immobilière KCHAOU propose à la location un joli appartement s+1 dans une résidence bien sécurisée et avec double ascenseur, l appartement est composé d un salon avec balcon 
une chambre à coucher 
Cuisine équipée 
sdb 
2climatiseurs 
chauffage central 
Loyer 1150d +50d frais syndic 
pour plus d informations veuillez nous contacter au Afficher le numéro Lire plus Critères Type de transaction À Louer Superficie 70 Salles de bains 1 Chambres 1 Vous trouverez aussi chez kchaou immobiliere n'a pas d'autres annonces actives Boutique kchaou immobiliere Chat avec le vendeur Acheter et vendre gratuitement près de chez vous Immo-Expert Aide Contactez-nous Professionnels Conditions d'utilisation Politiques relatives aux cookies Raccourcis Publier une annonce Visiter une boutique Filtres avancés Rechercher sur tayara Offres et services Bons plans Contactez-nous Vous avez une question? appelez ce numéro +216 95 256 096 Retrouvez-nous sur • صوّر بيع • لوّج إشري",2026-09-03T12:53:20
tayara_6a4d219b7b31d9554f386d84,tayara,https://www.tayara.tn/item/appartements/sfax/sfax/apparemments-meubls-cit-habib/6a4d219b7b31d9554f386d84/,location,appartement,Apparemments meublés à cité HaBib,Ben Arous,Sfax,1111.0,,,1,80,,False,False,False,False,False,False,"Apparemments meublés à cité HaBib | Tayara Publicité Contactez-nous : +216 95 256 096 Explorer Nos boutiques ImmoNeuf Promoteurs Offres et services Votre récente recheche: Pas de recheches récentes Filtre avancé Publier une annonce Se connecter Boutiques ImmoNeuf Annonce Messages Profil Retour Accueil appartements sfax sfax apparemments-meubls-cit-habib ❯ ❮ ❯ ❮ Accueil Appartements Sfax Sfax Apparemments meubls cit habib Boutique soltane immobilier 18 annonce(s) Nouvelle Médina, Ben Arous Chat avec le vendeur Discuter sur WhatsApp Afficher le numéro Simulez votre crédit Nous Contacter Partager l ' annonce Signaler Apparemments meublés à cité HaBib 1 111 DT immobilier Sfax , 6 days ago Entregitrer Signaler Description 🎓 Location d'appartements pour étudiants à Sfax – Année universitaire Afficher le numéro Vous recherchez le confort, la sécurité et la tranquillité pour vos études ?

Nous proposons des appartements haut standing, spécialement conçus pour les étudiants et étudiantes à Sfax.

✅ Résidence sécurisée
✅ Internet haut débit illimité
✅ Assurance responsabilité civile
✅ Cadre calme et agréable, idéal pour les études

📢 Les inscriptions et les réservations sont dès à présent ouvertes pour l'année universitaire Afficher le numéro .

Pour plus d'informations ou pour réserver votre appartement, contactez-nous en message privé ou Afficher le numéro 28 028 Lire plus Critères Type de transaction À Louer Superficie 80 Salles de bains 1 Chambres 1 Vous trouverez aussi chez soltane immobilier n'a pas d'autres annonces actives Boutique soltane immobilier Chat avec le vendeur Acheter et vendre gratuitement près de chez vous Immo-Expert Aide Contactez-nous Professionnels Conditions d'utilisation Politiques relatives aux cookies Raccourcis Publier une annonce Visiter une boutique Filtres avancés Rechercher sur tayara Offres et services Bons plans Contactez-nous Vous avez une question? appelez ce numéro +216 95 256 096 Retrouvez-nous sur • صوّر بيع • لوّج إشري",2026-09-03T12:53:22
tayara_6a91760033f4b02206bbd496,tayara,https://www.tayara.tn/item/appartements/tunis/l-aouina/a-vendre-s3-a-cite-taieb-mhiri-aouina/6a91760033f4b02206bbd496/,vente,appartement,a vendre s3 a cite taieb mhiri aouina,Tunis,L Aouina,245000.0,,3,3,102,,True,False,False,True,True,False,"a vendre s3 a cite taieb mhiri aouina | Tayara Publicité Contactez-nous : +216 95 256 096 Explorer Nos boutiques ImmoNeuf Promoteurs Offres et services Votre récente recheche: Pas de recheches récentes Filtre avancé Publier une annonce Se connecter Boutiques ImmoNeuf Annonce Messages Profil Retour Accueil appartements tunis l-aouina a-vendre-s3-a-cite-taieb-mhiri-aouina ❯ ❮ ❯ ❮ ❯ ❮ ❯ ❮ ❯ ❮ ❯ ❮ ❯ ❮ ❯ ❮ Accueil Appartements Tunis L aouina A vendre s3 a cite taieb mhiri aouina Boutique kchaou immobiliere 33 annonce(s) Chat avec le vendeur Discuter sur WhatsApp Afficher le numéro Simulez votre crédit Nous Contacter Partager l ' annonce Signaler a vendre s3 a cite taieb mhiri aouina 245 000 DT immobilier Tunis , 6 hours ago Entregitrer Signaler Description Agence immobilière KCHAOU met à la vente un joli appartement s+3 au 1er etage sans ascenseur d une résidence calme et bien sécurisée ,
l appartement est composé 
d un salon avec spacieux balcon 
3 chambres a coucher dont une avec dressing 
grand dressing au couloir 
une cuisine avec grand  sechoir 
Sdb 
​​​​​Chauffage central 
climatiseur
prix:  245md négociable 
Titre individuel en regle 
Pour plus d’informations veuillez nous contacter au Afficher le numéro Lire plus Critères Type de transaction À Vendre Superficie 102 Salles de bains 1 Chambres 3 Vous trouverez aussi chez kchaou immobiliere n'a pas d'autres annonces actives Boutique kchaou immobiliere Chat avec le vendeur Acheter et vendre gratuitement près de chez vous Immo-Expert Aide Contactez-nous Professionnels Conditions d'utilisation Politiques relatives aux cookies Raccourcis Publier une annonce Visiter une boutique Filtres avancés Rechercher sur tayara Offres et services Bons plans Contactez-nous Vous avez une question? appelez ce numéro +216 95 256 096 Retrouvez-nous sur • صوّر بيع • لوّج إشري",2026-09-03T12:53:26
tayara_6a3d5b4fc59ab3cb259f9a41,tayara,https://www.tayara.tn/item/appartements/sousse/khzema/a-vendre-lumineux-appartement-s2-khzama/6a3d5b4fc59ab3cb259f9a41/,vente,appartement,A vendre lumineux  Appartement S+2 à khzama,Sousse,Khzema,380000.0,120.0,2,2,109,,True,False,False,True,True,False,"A vendre lumineux  Appartement S+2 à khzama | Tayara Publicité Contactez-nous : +216 95 256 096 Explorer Nos boutiques ImmoNeuf Promoteurs Offres et services Votre récente recheche: Pas de recheches récentes Filtre avancé Publier une annonce Se connecter Boutiques ImmoNeuf Annonce Messages Profil Retour Accueil appartements sousse khzema a-vendre-lumineux-appartement-s2-khzama ❯ ❮ ❯ ❮ ❯ ❮ ❯ ❮ ❯ ❮ ❯ ❮ Accueil Appartements Sousse Khzema A vendre lumineux appartement s2 khzama Boutique agence immobiliere el kantaoui 40 annonce(s) Agence Immobilière Kantaoui, Avenue 14 Janvier à coté de Hôtel Hana palace Chat avec le vendeur Discuter sur WhatsApp Afficher le numéro Simulez votre crédit Nous Contacter Partager l ' annonce Signaler A vendre lumineux  Appartement S+2 à khzama 380 000 DT immobilier Sousse , 7 days ago Entregitrer Signaler Description À vendre – Appartement S+2 Haut Standing à Khzama

 Situé à Khzama, dans un quartier calme et recherché, à proximité immédiate de toutes les commodités : commerces, écoles, transports, cafés et services.

Appartement S+2 d’une superficie de 120 m², offrant :


	Un salon spacieux et lumineux
	Deux chambres à coucher confortables 
	Une cuisine  bien agencée
	Une salle de bain avec baignoire
	Balcon
	Résidence sécurisée et avec double ascenseur 
	Finitions haut standing
	Chauffage central et climatisation


 Emplacement stratégique
 Proche de toutes les commodités
 Idéal pour habitation ou investissement

 Prix : 380.000 dinars
-Pour plus de détails merci de nous contacter. Nos agents sont à votre disposition pour toutes informations et conseils nécessaires pour acquérir le bien immobilier qui vous cherchez. Lire plus Critères Type de transaction À Vendre Superficie 109 Salles de bains 0 Chambres 2 Vous trouverez aussi chez agence immobiliere el kantaoui n'a pas d'autres annonces actives Boutique agence immobiliere el kantaoui Chat avec le vendeur Acheter et vendre gratuitement près de chez vous Immo-Expert Aide Contactez-nous Professionnels Conditions d'utilisation Politiques relatives aux cookies Raccourcis Publier une annonce Visiter une boutique Filtres avancés Rechercher sur tayara Offres et services Bons plans Contactez-nous Vous avez une question? appelez ce numéro +216 95 256 096 Retrouvez-nous sur • صوّر بيع • لوّج إشري",2026-09-03T12:53:29
tayara_6a9958aab6ae14216f5e7dd4,tayara,https://www.tayara.tn/item/appartements/tunis/gammarth/gammarth-appartement-s3-de-trs-haut-standing-avec-jardin-vendre/6a9958aab6ae14216f5e7dd4/,vente,appartement,GAMMARTH | APPARTEMENT S+3 DE TRÈS HAUT STANDING AVEC JARDIN À VENDRE,Tunis,Gammarth,,133.0,3,3,133,,False,False,False,True,True,False,"GAMMARTH | APPARTEMENT S+3 DE TRÈS HAUT STANDING AVEC JARDIN À VENDRE
 | Tayara Publicité Contactez-nous : +216 95 256 096 Explorer Nos boutiques ImmoNeuf Promoteurs Offres et services Votre récente recheche: Pas de recheches récentes Filtre avancé Publier une annonce Se connecter Boutiques ImmoNeuf Annonce Messages Profil Retour Accueil appartements tunis gammarth gammarth-appartement-s3-de-trs-haut-standing-avec-jardin-vendre ❯ ❮ ❯ ❮ ❯ ❮ ❯ ❮ ❯ ❮ ❯ ❮ ❯ ❮ Accueil Appartements Tunis Gammarth Gammarth appartement s3 de trs haut standing avec jardin vendre ben salah 1 annonce(s) Chat avec le vendeur Discuter sur WhatsApp Afficher le numéro Simulez votre crédit Partager l ' annonce Signaler GAMMARTH | APPARTEMENT S+3 DE TRÈS HAUT STANDING AVEC JARDIN À VENDRE 520 000 DT immobilier Tunis , 30 minutes ago Entregitrer Signaler Description 📍GAMMARTH | APPARTEMENT S+3 DE TRÈS HAUT STANDING AVEC JARDIN À VENDRE

L’Agence Mon Réseau vous propose une adresse d’exception au cœur de Gammarth, dans un quartier résidentiel calme, sécurisé et très recherché.

Cet élégant appartement S+3 de 133 m² habitables, complété par un jardin privatif de 70 m², offre des prestations haut de gamme, des volumes généreux et un cadre de vie alliant confort, modernité et raffinement.

Composition :

✨ Spacieux salon et salle à manger ouvrant directement sur le jardin
✨ Cuisine moderne entièrement équipée et aménagée avec séchoir
✨ Cuisine extérieure
✨ Salle d’eau invités
✨ Deux chambres à coucher, dont une avec dressing
✨ Salle de bain commune
✨ Suite parentale avec dressing et salle d’eau privative
✨ Jardin privatif de 70 m², idéal pour vos moments de détente

Prestations :

✔ Climatisation
✔ Chauffage central
✔ Résidence sécurisée avec gardiennage
✔ Syndic professionnel

💰 Prix de vente : SUR DEMANDE

📞 Pour toute information complémentaire ou pour organiser une visite :

☎️ Téléphone : Afficher le numéro 📲 WhatsApp : Afficher le numéro Lire plus Critères Type de transaction À Vendre Superficie 133 Salles de bains 3 Chambres 3 ben salah Chat avec le vendeur Acheter et vendre gratuitement près de chez vous Immo-Expert Aide Contactez-nous Professionnels Conditions d'utilisation Politiques relatives aux cookies Raccourcis Publier une annonce Visiter une boutique Filtres avancés Rechercher sur tayara Offres et services Bons plans Contactez-nous Vous avez une question? appelez ce numéro +216 95 256 096 Retrouvez-nous sur • صوّر بيع • لوّج إشري",2026-09-03T12:53:31
tayara_6a995817b6ae14216f5e7d66,tayara,https://www.tayara.tn/item/appartements/ariana/cite-ennkhilet/ennkhilete-ariana-un-appartement-s2-de-haut-standing-neuf-a-louer/6a995817b6ae14216f5e7d66/,location,appartement,📍ENNKHILETE - ARIANA:  UN APPARTEMENT  S+2 DE HAUT STANDING NEUF  A LOUER,Ariana,Cite Ennkhilet,1000.0,,2,1,0,1er étage,True,True,False,True,False,False,"📍ENNKHILETE - ARIANA:  UN APPARTEMENT  S+2 DE HAUT STANDING NEUF  A LOUER | Tayara Publicité Contactez-nous : +216 95 256 096 Explorer Nos boutiques ImmoNeuf Promoteurs Offres et services Votre récente recheche: Pas de recheches récentes Filtre avancé Publier une annonce Se connecter Boutiques ImmoNeuf Annonce Messages Profil Retour Accueil appartements ariana cite-ennkhilet ennkhilete-ariana-un-appartement-s2-de-haut-standing-neuf-a-louer ❯ ❮ ❯ ❮ ❯ ❮ ❯ ❮ ❯ ❮ Accueil Appartements Ariana Cite ennkhilet Ennkhilete ariana un appartement s2 de haut standing neuf a louer mon réseau immobilier 1 annonce(s) Chat avec le vendeur Discuter sur WhatsApp Afficher le numéro Simulez votre crédit Partager l ' annonce Signaler 📍ENNKHILETE - ARIANA:  UN APPARTEMENT  S+2 DE HAUT STANDING NEUF  A LOUER 1 000 DT immobilier Ariana , 33 minutes ago Entregitrer Signaler Description L'Agence Mon_Réseau Immobilier vous propose a la location  un appartement S+2 neufs de très haut standing au 1er étage sans ascenseur bien équipé situé à ENKHILETTE Ariana.

- Résidence Gardé 24h/24h 7 jours / 7 jours avec système de caméras de surveillance. 
- Fibre optique avec l’opérateur Tunisie télécom .
- Cuisine combiné équipée de plaque cuisson et hotte aspirante.
- Dressing 
- Chauffage centrale 
- Climatiseur split pour chaque pièce 
- Place parking.
- Entrée parking télécommandée à distance 
- Entrée piéton codé.         
- Installation TV collective 

PRIX DE LOCATION :  1000 TND  

📞 Pour plus d’informations ou pour organiser une visite :

Téléphone/WhatsApp: Afficher le numéro Lire plus Critères Type de transaction À Louer Superficie 0 Salles de bains 1 Chambres 2 mon réseau immobilier Chat avec le vendeur Acheter et vendre gratuitement près de chez vous Immo-Expert Aide Contactez-nous Professionnels Conditions d'utilisation Politiques relatives aux cookies Raccourcis Publier une annonce Visiter une boutique Filtres avancés Rechercher sur tayara Offres et services Bons plans Contactez-nous Vous avez une question? appelez ce numéro +216 95 256 096 Retrouvez-nous sur • صوّر بيع • لوّج إشري",2026-09-03T12:53:33
tayara_6a995ef733f4b02206bf686a,tayara,https://www.tayara.tn/item/appartements/ariana/cit-ennasr-2/appartement-s2-ennaser-2/6a995ef733f4b02206bf686a/,location,appartement,Appartement S+2 à Ennaser 2,Ariana,Cit Ennasr 2,1600.0,,2,1,60,3ème étage,True,True,False,True,True,False,"Appartement S+2 à Ennaser 2 | Tayara Publicité Contactez-nous : +216 95 256 096 Explorer Nos boutiques ImmoNeuf Promoteurs Offres et services Votre récente recheche: Pas de recheches récentes Filtre avancé Publier une annonce Se connecter Boutiques ImmoNeuf Annonce Messages Profil Retour Accueil appartements ariana cit-ennasr-2 appartement-s2-ennaser-2 ❯ ❮ ❯ ❮ ❯ ❮ ❯ ❮ ❯ ❮ ❯ ❮ ❯ ❮ ❯ ❮ Accueil Appartements Ariana Cit ennasr 2 Appartement s2 ennaser 2 manel 1 annonce(s) Chat avec le vendeur Discuter sur WhatsApp Afficher le numéro Simulez votre crédit Partager l ' annonce Signaler Appartement S+2 à Ennaser 2 1 600 DT immobilier Ariana , 3 minutes ago Entregitrer Signaler Description - On met à la location un appartement S+2 au 3ème étage avec doubles ascenseur dans une résidence,calme et sécurisée à ennasr 2.

- Il se compose comme suit :

 * Salon spacieux et lumineux avec un balcon.
* Une cuisine équipée avec un séchoir. 
* Deux chambres à coucher avec dressing.
 * Salle de bain.
 * Chauffage central et climatisation en split sont à la disposition.
* Place de parking au sous-sol.

- Loyer = 1600dt/m y compris les frais du syndic.

- Pour plus d'informations veuillez contacter notre agent immobilier sur le Afficher le numéro / Afficher le numéro . Lire plus Critères Type de transaction À Louer Superficie 60 Salles de bains 1 Chambres 3 manel Chat avec le vendeur Acheter et vendre gratuitement près de chez vous Immo-Expert Aide Contactez-nous Professionnels Conditions d'utilisation Politiques relatives aux cookies Raccourcis Publier une annonce Visiter une boutique Filtres avancés Rechercher sur tayara Offres et services Bons plans Contactez-nous Vous avez une question? appelez ce numéro +216 95 256 096 Retrouvez-nous sur • صوّر بيع • لوّج إشري",2026-09-03T12:53:36
tayara_6a995da333f4b02206bf6786,tayara,https://www.tayara.tn/item/appartements/mahdia/mahdia/-2-/6a995da333f4b02206bf6786/,location,appartement,𝑷𝒐𝒖𝒓 𝒍𝒐𝒄𝒂𝒕𝒊𝒐𝒏 𝒔𝒄𝒐𝒍𝒂𝒊𝒓𝒆 𝒖𝒏 𝒃𝒆𝒍 𝑺+2 𝒂̀ 𝑹𝒛 𝒆𝒍𝒃𝒐𝒓𝒋 𝑽𝒖𝒆 𝒔𝒖𝒓 𝒎𝒆𝒓,Mahdia,Mahdia,,,,2,1,,True,False,False,False,False,False,"𝑷𝒐𝒖𝒓 𝒍𝒐𝒄𝒂𝒕𝒊𝒐𝒏 𝒔𝒄𝒐𝒍𝒂𝒊𝒓𝒆 𝒖𝒏 𝒃𝒆𝒍 𝑺+2 𝒂̀ 𝑹𝒛 𝒆𝒍𝒃𝒐𝒓𝒋 𝑽𝒖𝒆 𝒔𝒖𝒓 𝒎𝒆𝒓 | Tayara Publicité Contactez-nous : +216 95 256 096 Explorer Nos boutiques ImmoNeuf Promoteurs Offres et services Votre récente recheche: Pas de recheches récentes Filtre avancé Publier une annonce Se connecter Boutiques ImmoNeuf Annonce Messages Profil Retour Accueil appartements mahdia mahdia -2- ❯ ❮ ❯ ❮ ❯ ❮ ❯ ❮ ❯ ❮ ❯ ❮ ❯ ❮ ❯ ❮ ❯ ❮ ❯ ❮ ❯ ❮ Accueil Appartements Mahdia Mahdia 2 Boutique agence el hana orbi 217 annonce(s) Chat avec le vendeur Discuter sur WhatsApp Afficher le numéro Simulez votre crédit Nous Contacter Partager l ' annonce Signaler 𝑷𝒐𝒖𝒓 𝒍𝒐𝒄𝒂𝒕𝒊𝒐𝒏 𝒔𝒄𝒐𝒍𝒂𝒊𝒓𝒆 𝒖𝒏 𝒃𝒆𝒍 𝑺+2 𝒂̀ 𝑹𝒛 𝒆𝒍𝒃𝒐𝒓𝒋 𝑽𝒖𝒆 𝒔𝒖𝒓 𝒎𝒆𝒓 800 DT immobilier Mahdia , 4 minutes ago Entregitrer Signaler Description ‼️𝑹𝑬𝑵𝑻𝑹𝑬́𝑬 𝑺𝑪𝑶𝑳𝑨𝑰𝑹𝑬 ‼️
                 𝑺+2 𝒗𝒖𝒆 𝒔𝒖𝒓 𝒎𝒆𝒓
                         📍𝘇𝗼𝗻𝗲 𝘁𝗼𝘂𝗿𝗶𝘀𝘁𝗶𝗾𝘂𝗲 𝗺𝗮𝗵𝗱𝗶𝗮

#𝑨𝒈𝒆𝒏𝒄𝒆_𝑬𝑳_𝑯𝑨𝑵𝑨_𝑶𝑹𝑩𝑰 📣

💥𝐑𝐞́𝐟𝐞́𝐫𝐞𝐧𝐜𝐞 :  ho22135

📣📣🎓 𝑷𝒓𝒆́𝒑𝒂𝒓𝒆𝒛 𝒗𝒐𝒕𝒓𝒆 𝒓𝒆𝒏𝒕𝒓𝒆́𝒆 𝒔𝒄𝒐𝒍𝒂𝒊𝒓𝒆 𝒂̀ 𝑴𝒂𝒉𝒅𝒊𝒂 𝒂𝒗𝒆𝒄 𝑬𝑳 𝑯𝑨𝑵𝑨 𝑶𝑹𝑩𝑰 ✨ 🏃‍♂️🏃‍♂️

📌 𝑫𝒆𝒔𝒄𝒓𝒊𝒑𝒕𝒊𝒐𝒏 𝒅𝒖 𝒃𝒊𝒆𝒏 :

𝐴𝑔𝑒𝑛𝑐𝑒 𝑬𝑳 𝑯𝑨𝑵𝑨 𝑶𝑹𝑩𝑰 𝑣𝑜𝑢𝑠 𝑝𝑟𝑜𝑝𝑜𝑠𝑒 𝒆𝒏 𝒍𝒐𝒄𝒂𝒕𝒊𝒐𝒏 𝒔𝒄𝒐𝒍𝒂𝒊𝒓𝒆 , 𝑢𝑛 𝑏𝑒𝑙 𝑎𝑝𝑝𝑎𝑟𝑡𝑒𝑚𝑒𝑛𝑡 𝑺+2 𝒂𝒗𝒆𝒄 𝒗𝒖𝒆 𝒎𝒆𝒓, 𝑠𝑖𝑡𝑢𝑒́ 𝑑𝑎𝑛𝑠 𝑢𝑛𝑒 𝑟𝑒́𝑠𝑖𝑑𝑒𝑛𝑐𝑒 𝒄𝒂𝒍𝒎𝒆, 𝒆𝒕 𝒔𝒆́𝒄𝒖𝒓𝒊𝒔𝒆́𝒆 𝒂𝒗𝒆𝒄 𝒂𝒔𝒄𝒆𝒏𝒔𝒆𝒖𝒓, 𝑒𝑛 𝑝𝑙𝑒𝑖𝑛𝘦 𝒛𝒐𝒏𝒆 𝒕𝒐𝒖𝒓𝒊𝒔𝒕𝒊𝒒𝒖𝒆 𝑴𝒂𝒉𝒅𝒊𝒂

🏖️ 𝐸𝑚𝑝𝑙𝑎𝑐𝑒𝑚𝑒𝑛𝑡 𝑖𝑑𝑒́𝑎𝑙, 𝑎̀ 𝑝𝑟𝑜𝑥𝑖𝑚𝑖𝑡𝑒́ 𝑖𝑚𝑚𝑒́𝑑𝑖𝑎𝑡𝑒 𝒅𝒆 𝒕𝒐𝒖𝒕𝒆𝒔 𝒍𝒆𝒔 𝒄𝒐𝒎𝒎𝒐𝒅𝒊𝒕𝒆́𝒔

💙 𝑷𝒓𝒐𝒇𝒊𝒕𝒆𝒛 𝒅’𝒖𝒏 𝒄𝒂𝒅𝒓𝒆 𝒂𝒍𝒍𝒊𝒂𝒏𝒕 𝒄𝒂𝒍𝒎𝒆, 𝒄𝒐𝒏𝒇𝒐𝒓𝒕 𝒆𝒕 𝒑𝒓𝒂𝒕𝒊𝒄𝒊𝒕𝒆́, 𝒊𝒅𝒆́𝒂𝒍 𝒑𝒐𝒖𝒓 𝒖𝒏𝒆 𝒂𝒏𝒏𝒆́𝒆 𝒔𝒄𝒐𝒍𝒂𝒊𝒓𝒆 𝒔𝒆𝒓𝒆𝒊𝒏𝒆 𝒂̀ 𝑴𝒂𝒉𝒅𝒊𝒂, 𝒂̀ 𝒑𝒓𝒐𝒙𝒊𝒎𝒊𝒕𝒆́ 𝒅𝒆𝒔 𝒄𝒐𝒎𝒎𝒐𝒅𝒊𝒕𝒆́𝒔 𝒆𝒕 𝒅𝒆𝒔 𝒑𝒓𝒊𝒏𝒄𝒊𝒑𝒂𝒖𝒙 𝒆́𝒕𝒂𝒃𝒍𝒊𝒔𝒔𝒆𝒎𝒆𝒏𝒕𝒔 𝒔𝒄𝒐𝒍𝒂𝒊𝒓𝒆𝒔.

🔹 𝐂𝐨𝐦𝐩𝐨𝐬𝐢𝐭𝐢𝐨𝐧 :

✅ salon lumineux avec un accès sur Balcon vue mer 🛋️⛱;
✅ cuisine indépendante équipée 🍝
✅ Chambre parentale avec dressing ouvert sur Balcon vue mer 🛏️
✅ Chambre enfant Confortable
✅ 01 salle de bain 🛁
✅ 01 salle d’eau

🔹 𝐏𝐫𝐞𝐬𝐭𝐚𝐭𝐢𝐨𝐧𝐬 :

✅ chauffée🔥
✅ Climatisé ❄️
✅ Ascenseur
✅ Résidence moderne et calme🏢
✅ Résidence gardée, sécurisée
✅ Gardiennage jour et nuit

💷 #Prix : 800dt  Par Mois

🌐 𝑫𝒆́𝒄𝒐𝒖𝒗𝒓𝒆𝒛 𝒑𝒍𝒖𝒔 𝒅𝒆 𝒃𝒊𝒆𝒏𝒔 𝒊𝒎𝒎𝒐𝒃𝒊𝒍𝒊𝒆𝒓𝒔 𝒔𝒖𝒓 𝒏𝒐𝒕𝒓𝒆 𝒔𝒊𝒕𝒆  
👇👇
https://agencehana.tn/property/appartement-rz-elborj-vue-sur-mer-pied-dans-leau/ 

📞 𝐶𝑜𝑛𝑡𝑎𝑐𝑡𝑒𝑧 𝑛𝑜𝑠 𝑒𝑥𝑝𝑒𝑟𝑡𝑠 𝑝𝑜𝑢𝑟 𝑢𝑛 𝑐𝑜𝑛𝑠𝑒𝑖𝑙 𝑝𝑒𝑟𝑠𝑜𝑛𝑛𝑎𝑙𝑖𝑠𝑒́ !

☎️ 𝗔𝗽𝗽𝗲𝗹𝗲𝘇 𝗮𝘂 : 𝟓𝟒𝟕𝟏𝟎𝟕𝟕𝟏

𝑁𝐵:𝑁𝑜𝑡𝑟𝑒 𝑎𝑔𝑒𝑛𝑐𝑒 𝑖𝑚𝑚𝑜𝑏𝑖𝑙𝑖𝑒̀𝑟𝑒 𝑒𝑠𝑡 𝑎̀ 𝑣𝑜𝑡𝑟𝑒 𝑑𝑖𝑠𝑝𝑜𝑠𝑖𝑡𝑖𝑜𝑛 𝑝𝑎𝑟 𝑡𝑒́𝑙𝑒́𝑝ℎ𝑜𝑛𝑒 𝑑𝑢 𝑙𝑢𝑛𝑑𝑖 𝑎𝑢 𝑣𝑒𝑛𝑑𝑟𝑒𝑑𝑖, 𝑑𝑒 9ℎ 𝑎̀ 17ℎ
𝑙𝑒 𝑠𝑎𝑚𝑒𝑑𝑖 𝑑𝑒 9ℎ 𝑎̀ 13ℎ.

📧 𝑨𝒈𝒆𝒏𝒄𝒆.𝒉𝒂𝒏𝒂1@𝒈𝒎𝒂𝒊𝒍.𝒄𝒐𝒎
💬 𝑾𝒉𝒂𝒕𝒔𝑨𝒑𝒑 : 𝟓𝟒𝟕𝟏𝟎𝟕𝟕𝟏 Lire plus Critères Type de transaction À Louer Superficie 100 Salles de bains 02 Chambres 02 Vous trouverez aussi chez agence el hana orbi n'a pas d'autres annonces actives Boutique agence el hana orbi Chat avec le vendeur Acheter et vendre gratuitement près de chez vous Immo-Expert Aide Contactez-nous Professionnels Conditions d'utilisation Politiques relatives aux cookies Raccourcis Publier une annonce Visiter une boutique Filtres avancés Rechercher sur tayara Offres et services Bons plans Contactez-nous Vous avez une question? appelez ce numéro +216 95 256 096 Retrouvez-nous sur • صوّر بيع • لوّج إشري",2026-09-03T12:53:39
tayara_6a9955c8b6ae14216f5e7bad,tayara,https://www.tayara.tn/item/appartements/tunis/l-aouina/-louer-un-appartement-s2-cit-el-wahat/6a9955c8b6ae14216f5e7bad/,location,appartement,🏡À louer un appartement s+2 à cité el wahat,Tunis,L Aouina,1300.0,,2,1,100,4ème étage,False,False,False,True,True,False,"🏡À louer un appartement s+2 à cité el wahat | Tayara Publicité Contactez-nous : +216 95 256 096 Explorer Nos boutiques ImmoNeuf Promoteurs Offres et services Votre récente recheche: Pas de recheches récentes Filtre avancé Publier une annonce Se connecter Boutiques ImmoNeuf Annonce Messages Profil Retour Accueil appartements tunis l-aouina -louer-un-appartement-s2-cit-el-wahat ❯ ❮ ❯ ❮ ❯ ❮ ❯ ❮ ❯ ❮ Accueil Appartements Tunis L aouina louer un appartement s2 cit el wahat Boutique carthaginois 54 annonce(s) AINZAGHOUAN Chat avec le vendeur Discuter sur WhatsApp Afficher le numéro Simulez votre crédit Nous Contacter Partager l ' annonce Signaler 🏡À louer un appartement s+2 à cité el wahat 1 300 DT immobilier Tunis , 42 minutes ago Entregitrer Signaler Description 🏡Carthaginois Immobilière met à la location un appartement s+2 à cité el wahat au 4ème étage d’une résidence calme et sécurisée.

Composition :

Un salon lumineux avec balcon 

Deux chambres à coucher 

Une cuisine équipée par élément de rangement + séchoir 

Salle d’eau 

✔️climatiseur
✔️chauffage central 
✔️dressing 

Loyer: 1300dt/mois y compris les frais de syndic 

📞Pour plus d’informations vous pouvez nous avoir contactés au Afficher le numéro WhatsApp : Afficher le numéro Lire plus Critères Type de transaction À Louer Superficie 100 Salles de bains 1 Chambres 2 Vous trouverez aussi chez carthaginois n'a pas d'autres annonces actives Boutique carthaginois Chat avec le vendeur Acheter et vendre gratuitement près de chez vous Immo-Expert Aide Contactez-nous Professionnels Conditions d'utilisation Politiques relatives aux cookies Raccourcis Publier une annonce Visiter une boutique Filtres avancés Rechercher sur tayara Offres et services Bons plans Contactez-nous Vous avez une question? appelez ce numéro +216 95 256 096 Retrouvez-nous sur • صوّر بيع • لوّج إشري",2026-09-03T12:53:42
tayara_6a96e5e0b6ae14216f5d4b92,tayara,https://www.tayara.tn/item/appartements/bizerte/bizerte/bel-appartement-vendre-sidi-salem-bizerte/6a96e5e0b6ae14216f5d4b92/,vente,appartement,Bel Appartement à vendre à Sidi Salem Bizerte,Bizerte,Bizerte,200000.0,90.0,2,1,90,,False,False,False,False,False,False,"Bel Appartement à vendre à Sidi Salem Bizerte | Tayara Publicité Contactez-nous : +216 95 256 096 Explorer Nos boutiques ImmoNeuf Promoteurs Offres et services Votre récente recheche: Pas de recheches récentes Filtre avancé Publier une annonce Se connecter Boutiques ImmoNeuf Annonce Messages Profil Retour Accueil appartements bizerte bizerte bel-appartement-vendre-sidi-salem-bizerte ❯ ❮ ❯ ❮ ❯ ❮ ❯ ❮ ❯ ❮ Accueil Appartements Bizerte Bizerte Bel appartement vendre sidi salem bizerte Boutique edf immobilière 99 annonce(s) Chat avec le vendeur Discuter sur WhatsApp Afficher le numéro Simulez votre crédit Nous Contacter Partager l ' annonce Signaler Bel Appartement à vendre à Sidi Salem Bizerte 200 000 DT immobilier Bizerte , a day ago Entregitrer Signaler Description Réf 2725 - EDF Immobilière 
Appartement à vendre à Sidi Salem Bizerte 
S+2 
Superficie : 90 m²
Prix de Vente : 200 MD 
Emplacement Parfait 
Proche de toutes commodités
Pour plus d'informations, merci de nous contacter au Afficher le numéro ou au Afficher le numéro , ou de nous rendre visite au Complexe Commercial Bizerte Centre, bureau n° 58. Lire plus Critères Type de transaction À Vendre Superficie 90 Salles de bains 1 Chambres 2 Vous trouverez aussi chez edf immobilière n'a pas d'autres annonces actives Boutique edf immobilière Chat avec le vendeur Acheter et vendre gratuitement près de chez vous Immo-Expert Aide Contactez-nous Professionnels Conditions d'utilisation Politiques relatives aux cookies Raccourcis Publier une annonce Visiter une boutique Filtres avancés Rechercher sur tayara Offres et services Bons plans Contactez-nous Vous avez une question? appelez ce numéro +216 95 256 096 Retrouvez-nous sur • صوّر بيع • لوّج إشري",2026-09-03T12:53:46
tayara_6a7210376ef0e97a6c165fdb,tayara,https://www.tayara.tn/item/appartements/nabeul/hammamet/-vendre-appartement-s2-haut-standing-moins-de-400-m-de-la-mer-hammamet-sud/6a7210376ef0e97a6c165fdb/,vente,appartement,À Vendre – Appartement S+2 Haut Standing à moins de 400 m de la mer – Hammamet Sud,Nabeul,Hammamet,580000.0,,2,2,145,rez-de-chaussée,False,True,True,False,False,False,"À Vendre – Appartement S+2 Haut Standing à moins de 400 m de la mer – Hammamet Sud | Tayara Publicité Contactez-nous : +216 95 256 096 Explorer Nos boutiques ImmoNeuf Promoteurs Offres et services Votre récente recheche: Pas de recheches récentes Filtre avancé Publier une annonce Se connecter Boutiques ImmoNeuf Annonce Messages Profil Retour Accueil appartements nabeul hammamet -vendre-appartement-s2-haut-standing-moins-de-400-m-de-la-mer-hammamet-sud ❯ ❮ ❯ ❮ ❯ ❮ ❯ ❮ ❯ ❮ ❯ ❮ ❯ ❮ ❯ ❮ Accueil Appartements Nabeul Hammamet vendre appartement s2 haut standing moins de 400 m de la mer hammamet sud Boutique toscanacasa hammamet 19 annonce(s) Hammamet, Hammamet, Tunisia Chat avec le vendeur Discuter sur WhatsApp Afficher le numéro Simulez votre crédit Nous Contacter Partager l ' annonce Signaler À Vendre – Appartement S+2 Haut Standing à moins de 400 m de la mer – Hammamet Sud 580 000 DT immobilier Nabeul , 6 days ago Entregitrer Signaler Description Découvrez ce superbe appartement S+2 haut standing en rez-de-chaussée, situé dans une résidence sécurisée à moins de 400 mètres de la mer.

✨ Caractéristiques :

Salon lumineux

2 chambres à coucher

Cuisine indépendante

Salle d'eau

Grande terrasse avec vue sur la piscine

🏊 Prestations de la résidence :

Piscine

Spa & Hammam

Salle de sport

Mosquée

Aire de jeux pour enfants

Résidence sécurisée

Place de parking

📍 Emplacement privilégié, proche de la plage, des commerces, des restaurants et de toutes les commodités.

Idéal pour une résidence principale, une résidence secondaire ou un investissement locatif.

📞 Contactez-nous dès aujourd'hui pour plus d'informations ou pour organiser une visite. Afficher le numéro Lire plus Critères Type de transaction À Vendre Superficie 145 Salles de bains 1 Chambres 2 Vous trouverez aussi chez toscanacasa hammamet n'a pas d'autres annonces actives Boutique toscanacasa hammamet Chat avec le vendeur Acheter et vendre gratuitement près de chez vous Immo-Expert Aide Contactez-nous Professionnels Conditions d'utilisation Politiques relatives aux cookies Raccourcis Publier une annonce Visiter une boutique Filtres avancés Rechercher sur tayara Offres et services Bons plans Contactez-nous Vous avez une question? appelez ce numéro +216 95 256 096 Retrouvez-nous sur • صوّر بيع • لوّج إشري",2026-09-03T12:53:48
tayara_6a995588b6ae14216f5e7b82,tayara,https://www.tayara.tn/item/appartements/ariana/el-menzah-7/menzah-7-bis-appartement-s1-richement-meuble-louer/6a995588b6ae14216f5e7b82/,location,appartement,MENZAH 7 BIS : APPARTEMENT S+1 RICHEMENT MEUBLÉE À LOUER,Ariana,El Menzah 7,1000.0,,1,1,70,rez-de-chaussée,False,False,False,True,True,True,"MENZAH 7 BIS : APPARTEMENT S+1 RICHEMENT MEUBLÉE À LOUER
 | Tayara Publicité Contactez-nous : +216 95 256 096 Explorer Nos boutiques ImmoNeuf Promoteurs Offres et services Votre récente recheche: Pas de recheches récentes Filtre avancé Publier une annonce Se connecter Boutiques ImmoNeuf Annonce Messages Profil Retour Accueil appartements ariana el-menzah-7 menzah-7-bis-appartement-s1-richement-meuble-louer ❯ ❮ ❯ ❮ ❯ ❮ ❯ ❮ ❯ ❮ ❯ ❮ ❯ ❮ ❯ ❮ Accueil Appartements Ariana El menzah 7 Menzah 7 bis appartement s1 richement meuble louer lassad 1 annonce(s) Chat avec le vendeur Discuter sur WhatsApp Afficher le numéro Simulez votre crédit Partager l ' annonce Signaler MENZAH 7 BIS : APPARTEMENT S+1 RICHEMENT MEUBLÉE À LOUER 1 000 DT immobilier Ariana , 44 minutes ago Entregitrer Signaler Description 📍 MENZAH 7 BIS : APPARTEMENT S+1 RICHEMENT MEUBLÉE À LOUER

L’agence #MON_RESEAU met la location d'un appartement richement meuble s+1 au rez-de-chaussée dans une résidence gardée et sécurisée proches de toutes commodités.

Il se compose d’: 
-Un salon avec terrasse 
-Une cuisine equipée avec séchoir 
- Une chambre à coucher 
- Une salle d’eau 
- Climatisation  
- Un chauffage central
- Gardiennage et syndic 

Prix de location: 1000 TND inclus sydic

Pour de plus amples informations veuillez contacter notre conseillère en immobilier :

☎️Téléphone  : Afficher le numéro / Afficher le numéro / Afficher le numéro Lire plus Critères Type de transaction À Louer Superficie 70 Salles de bains 1 Chambres 1 lassad Chat avec le vendeur Acheter et vendre gratuitement près de chez vous Immo-Expert Aide Contactez-nous Professionnels Conditions d'utilisation Politiques relatives aux cookies Raccourcis Publier une annonce Visiter une boutique Filtres avancés Rechercher sur tayara Offres et services Bons plans Contactez-nous Vous avez une question? appelez ce numéro +216 95 256 096 Retrouvez-nous sur • صوّر بيع • لوّج إشري",2026-09-03T12:53:54
tayara_6a99540733f4b02206bf6138,tayara,https://www.tayara.tn/item/appartements/tunis/lac-2/les-berges-du-lac-2-vendre-s2/6a99540733f4b02206bf6138/,location,appartement,LES BERGES DU LAC 2 : À VENDRE – S+2,Tunis,Lac 2,2590000.0,110.0,2,2,110,,False,True,False,False,False,False,"LES BERGES DU LAC 2 : À VENDRE – S+2 
 | Tayara Publicité Contactez-nous : +216 95 256 096 Explorer Nos boutiques ImmoNeuf Promoteurs Offres et services Votre récente recheche: Pas de recheches récentes Filtre avancé Publier une annonce Se connecter Boutiques ImmoNeuf Annonce Messages Profil Retour Accueil appartements tunis lac-2 les-berges-du-lac-2-vendre-s2 ❯ ❮ ❯ ❮ ❯ ❮ ❯ ❮ ❯ ❮ ❯ ❮ ❯ ❮ ❯ ❮ ❯ ❮ Accueil Appartements Tunis Lac 2 Les berges du lac 2 vendre s2 laila 1 annonce(s) Chat avec le vendeur Discuter sur WhatsApp Afficher le numéro Simulez votre crédit Partager l ' annonce Signaler LES BERGES DU LAC 2 : À VENDRE – S+2 590 000 DT immobilier Tunis , an hour ago Entregitrer Signaler Description 📍 LES BERGES DU LAC 2 : À VENDRE – S+2 

MON RÉSEAU IMMOBILIER vous propose à la vente ce bel appartement S+2 de 110 m², idéalement situé aux Berges du Lac 2, dans un emplacement stratégique, à proximité de l’Ambassade du Canada et de toutes les commodités.

Situé dans une résidence calme, sécurisée et bien entretenue, avec seulement deux appartements par palier, cet appartement offre un cadre de vie confortable et privilégié.

✨ Composition :
• Hall d’entrée
• Salon lumineux avec balcon
• Cuisine entièrement équipée avec séchoir
• Salle d’eau invités
• Deux chambres à coucher avec placards
• Salle de douche commune

🛋️ Vendu avec quelques meubles.

🔑 Points forts :
• Superficie : 110 m²
• Emplacement privilégié
• Résidence calme et sécurisée
• Certificat de propriété en règle 
• Place de parking au sous-sol disponible
• Idéal pour habitation ou investissement locatif

📞 MON RÉSEAU IMMOBILIER
Votre partenaire de confiance

☎️ Afficher le numéro Lire plus Critères Type de transaction À Louer Superficie 110 Salles de bains 2 Chambres 2 laila Chat avec le vendeur Acheter et vendre gratuitement près de chez vous Immo-Expert Aide Contactez-nous Professionnels Conditions d'utilisation Politiques relatives aux cookies Raccourcis Publier une annonce Visiter une boutique Filtres avancés Rechercher sur tayara Offres et services Bons plans Contactez-nous Vous avez une question? appelez ce numéro +216 95 256 096 Retrouvez-nous sur • صوّر بيع • لوّج إشري",2026-09-03T12:53:57
tayara_6a3ba47fb2b93a99b97716f4,tayara,https://www.tayara.tn/item/appartements/sousse/hergla/appartement-s2-en-location/6a3ba47fb2b93a99b97716f4/,location,appartement,Appartement s+2 en location,Sousse,Hergla,1100.0,,2,1,100,2éme étage,False,False,False,False,False,False,"Appartement s+2 en location  | Tayara Publicité Contactez-nous : +216 95 256 096 Explorer Nos boutiques ImmoNeuf Promoteurs Offres et services Votre récente recheche: Pas de recheches récentes Filtre avancé Publier une annonce Se connecter Boutiques ImmoNeuf Annonce Messages Profil Retour Accueil appartements sousse hergla appartement-s2-en-location ❯ ❮ ❯ ❮ ❯ ❮ ❯ ❮ ❯ ❮ ❯ ❮ ❯ ❮ ❯ ❮ ❯ ❮ Accueil Appartements Sousse Hergla Appartement s2 en location Boutique tecnocasa hergla 29 annonce(s) Chat avec le vendeur Discuter sur WhatsApp Afficher le numéro Simulez votre crédit Nous Contacter Partager l ' annonce Signaler Appartement s+2 en location 1 100 DT immobilier Sousse , an hour ago Entregitrer Signaler Description À louer, appartement S+2 au 2éme étage, situé dans un quartier calme, sécurisé et proche de toutes les commodités.

Il comprend un salon lumineux avec baie vitrée, une cuisine indépendante entièrement équipée (réfrigérateur, plaque de cuisson, hotte et four), ainsi que deux chambres avec dressings encastrés.

La salle de bain est moderne et dispose d’un receveur de douche.

Pour un confort optimal, l’appartement est équipé de climatiseurs et de radiateurs.

Neuf et jamais habité, il offre un cadre de vie agréable à deux pas de la mer. Lire plus Critères Type de transaction À Louer Superficie 100 Salles de bains 1 Chambres 2 Vous trouverez aussi chez tecnocasa hergla n'a pas d'autres annonces actives Boutique tecnocasa hergla Chat avec le vendeur Acheter et vendre gratuitement près de chez vous Immo-Expert Aide Contactez-nous Professionnels Conditions d'utilisation Politiques relatives aux cookies Raccourcis Publier une annonce Visiter une boutique Filtres avancés Rechercher sur tayara Offres et services Bons plans Contactez-nous Vous avez une question? appelez ce numéro +216 95 256 096 Retrouvez-nous sur • صوّر بيع • لوّج إشري",2026-09-03T12:54:00
tayara_6a707f516ef0e97a6c1573fb,tayara,https://www.tayara.tn/item/appartements/ariana/chotrana-1/a-vendre-un-appt-s1-neuf-chotrana-1/6a707f516ef0e97a6c1573fb/,vente,appartement,A vendre un Appt S+1 neuf à Chotrana 1,Ariana,Chotrana 1,1345000.0,,1,1,75,rez de chaussée,False,True,False,True,True,False,"A vendre un Appt S+1 neuf à Chotrana 1 | Tayara Publicité Contactez-nous : +216 95 256 096 Explorer Nos boutiques ImmoNeuf Promoteurs Offres et services Votre récente recheche: Pas de recheches récentes Filtre avancé Publier une annonce Se connecter Boutiques ImmoNeuf Annonce Messages Profil Retour Accueil appartements ariana chotrana-1 a-vendre-un-appt-s1-neuf-chotrana-1 ❯ ❮ ❯ ❮ ❯ ❮ ❯ ❮ ❯ ❮ ❯ ❮ Accueil Appartements Ariana Chotrana 1 A vendre un appt s1 neuf chotrana 1 Boutique immoliv 50 annonce(s) 000, 2ET B08, Golf centre Soukra, Dar Fadhal, 2036 Chat avec le vendeur Discuter sur WhatsApp Afficher le numéro Simulez votre crédit Nous Contacter Partager l ' annonce Signaler A vendre un Appt S+1 neuf à Chotrana 1 345 000 DT immobilier Ariana , an hour ago Entregitrer Signaler Description Agence immobilière Immoliv vous propose à la vente un appartement S1 direct promoteur situé au rez de chaussée dans une résidence gardée et sécurisée à Chotrana 1.
Cet appartement comporte un salon lumineux donnant sur jardin, une cuisine équipée, une chambre à coucher avec dressing et une salle de douche.
Il est doté du chauffage central, de la climatisation en split et d'une place de parking au sous-sol.

Pour plus d'informations veuillez nous contacter au Afficher le numéro Lire plus Critères Type de transaction À Vendre Superficie 75 Salles de bains 1 Chambres 1 Vous trouverez aussi chez immoliv n'a pas d'autres annonces actives Boutique immoliv Chat avec le vendeur Acheter et vendre gratuitement près de chez vous Immo-Expert Aide Contactez-nous Professionnels Conditions d'utilisation Politiques relatives aux cookies Raccourcis Publier une annonce Visiter une boutique Filtres avancés Rechercher sur tayara Offres et services Bons plans Contactez-nous Vous avez une question? appelez ce numéro +216 95 256 096 Retrouvez-nous sur • صوّر بيع • لوّج إشري",2026-09-03T12:54:04
tayara_6a99539433f4b02206bf60e8,tayara,https://www.tayara.tn/item/appartements/tunis/menzah/menzah-9-c-appartement-s3-avec-terrasse-louer/6a99539433f4b02206bf60e8/,location,appartement,MENZAH 9 C APPARTEMENT S+3  AVEC TERRASSE À LOUER,Tunis,Menzah,2500.0,,3,3,180,,False,True,False,False,False,False,"MENZAH 9 C APPARTEMENT S+3  AVEC TERRASSE À LOUER  | Tayara Publicité Contactez-nous : +216 95 256 096 Explorer Nos boutiques ImmoNeuf Promoteurs Offres et services Votre récente recheche: Pas de recheches récentes Filtre avancé Publier une annonce Se connecter Boutiques ImmoNeuf Annonce Messages Profil Retour Accueil appartements tunis menzah menzah-9-c-appartement-s3-avec-terrasse-louer ❯ ❮ ❯ ❮ ❯ ❮ ❯ ❮ ❯ ❮ ❯ ❮ ❯ ❮ ❯ ❮ ❯ ❮ Accueil Appartements Tunis Menzah Menzah 9 c appartement s3 avec terrasse louer salim 1 annonce(s) Chat avec le vendeur Discuter sur WhatsApp Afficher le numéro Simulez votre crédit Partager l ' annonce Signaler MENZAH 9 C APPARTEMENT S+3  AVEC TERRASSE À LOUER 2 500 DT immobilier Tunis , an hour ago Entregitrer Signaler Description 📍MENZAH 9 C APPARTEMENT S+3  AVEC TERRASSE À LOUER – 

Mon Réseau Immobilier vous propose à la location un bel appartement S+3, situé au 7ᵉ étage d’une résidence, offrant confort, luminosité et une agréable vue.

L’appartement se compose de :

* ✨ Un spacieux salon / salle à manger Avec terrasse 
* 🛏️ Une suite parentale avec salle de bain privative
* 🛏️ Deux chambres à coucher avec dressing 
* 🧑‍🍳 Une cuisine équipée avec séchoir 
* 🚿 Une salle de bain
* 🚻 Une salle d’eau
* 🛏️ Une chambre de bonne, idéale pour le personnel ou comme espace de rangement
* 🚗 Une place de parking

🔑 Un appartement idéal pour une famille à la recherche d’un logement confortable et bien situé.

Loyer 2500 dinars 

MON RÉSEAU IMMOBILIER – Votre partenaire de confiance.

☎️ Afficher le numéro Lire plus Critères Type de transaction À Louer Superficie 180 Salles de bains 3 Chambres 3 salim Chat avec le vendeur Acheter et vendre gratuitement près de chez vous Immo-Expert Aide Contactez-nous Professionnels Conditions d'utilisation Politiques relatives aux cookies Raccourcis Publier une annonce Visiter une boutique Filtres avancés Rechercher sur tayara Offres et services Bons plans Contactez-nous Vous avez une question? appelez ce numéro +216 95 256 096 Retrouvez-nous sur • صوّر بيع • لوّج إشري",2026-09-03T12:54:06
tayara_6a99539433f4b02206bf60e6,tayara,https://www.tayara.tn/item/appartements/tunis/el-menzah-9/menzah-9-c-appartement-s2-richement-meubl-louer/6a99539433f4b02206bf60e6/,location,appartement,📍MENZAH 9 C : APPARTEMENT S+2 RICHEMENT MEUBLÉ À LOUER,Tunis,El Menzah 9,2200.0,140.0,2,1,0,,False,True,True,False,False,True,"📍MENZAH 9 C : APPARTEMENT S+2 RICHEMENT MEUBLÉ À LOUER
 | Tayara Publicité Contactez-nous : +216 95 256 096 Explorer Nos boutiques ImmoNeuf Promoteurs Offres et services Votre récente recheche: Pas de recheches récentes Filtre avancé Publier une annonce Se connecter Boutiques ImmoNeuf Annonce Messages Profil Retour Accueil appartements tunis el-menzah-9 menzah-9-c-appartement-s2-richement-meubl-louer ❯ ❮ ❯ ❮ ❯ ❮ ❯ ❮ ❯ ❮ ❯ ❮ ❯ ❮ ❯ ❮ Accueil Appartements Tunis El menzah 9 Menzah 9 c appartement s2 richement meubl louer malouka 1 annonce(s) Chat avec le vendeur Discuter sur WhatsApp Afficher le numéro Simulez votre crédit Partager l ' annonce Signaler 📍MENZAH 9 C : APPARTEMENT S+2 RICHEMENT MEUBLÉ À LOUER 2 200 DT immobilier Tunis , an hour ago Entregitrer Signaler Description L’agence #MON_RESEAU vous propose à la location un appartement S+2 richement meublé d'une superficie de 140 m², situé dans une résidence calme, sécurisée et de haut standing.

Il se compose de :

* Grand salon lumineux avec salle à manger
* Séjour
* Cuisine entièrement équipée
* Deux chambres à coucher avec dressings
* Salle de bain avec cabine de douche
* Grande terrasse
* Place de parking au sous-sol

La résidence offre 

* Piscine
* Salle de sport
* Salle de jeux
* Résidence sécurisée avec un cadre de vie agréable

Prix de location : 2 200 DT/mois, frais de syndic inclus.

📞 Pour visiter ce bien, contactez-nous : Afficher le numéro | Afficher le numéro | Afficher le numéro 📲 WhatsApp : Afficher le numéro 📧 [email protected] Lire plus Critères Type de transaction À Louer Superficie 0 Salles de bains 1 Chambres 2 malouka Chat avec le vendeur Acheter et vendre gratuitement près de chez vous Immo-Expert Aide Contactez-nous Professionnels Conditions d'utilisation Politiques relatives aux cookies Raccourcis Publier une annonce Visiter une boutique Filtres avancés Rechercher sur tayara Offres et services Bons plans Contactez-nous Vous avez une question? appelez ce numéro +216 95 256 096 Retrouvez-nous sur • صوّر بيع • لوّج إشري",2026-09-03T12:54:09
tayara_6a99559d33f4b02206bf6250,tayara,https://www.tayara.tn/item/appartements/nabeul/hammamet/a-louer-s1-hammamet/6a99559d33f4b02206bf6250/,location,appartement,A louer s+1 hammamet,Nabeul,Hammamet,,,1,1,100,,False,False,False,False,False,True,"A louer s+1 hammamet  | Tayara Publicité Contactez-nous : +216 95 256 096 Explorer Nos boutiques ImmoNeuf Promoteurs Offres et services Votre récente recheche: Pas de recheches récentes Filtre avancé Publier une annonce Se connecter Boutiques ImmoNeuf Annonce Messages Profil Retour Accueil appartements nabeul hammamet a-louer-s1-hammamet Accueil Appartements Nabeul Hammamet A louer s1 hammamet souheil 32 annonce(s) Chat avec le vendeur Discuter sur WhatsApp Afficher le numéro Simulez votre crédit Partager l ' annonce Signaler A louer s+1 hammamet 550 DT immobilier Nabeul , 44 minutes ago Entregitrer Signaler Description location annuelle, appartement S+1 au premier étage, meublé et climatisé. 
se trouve à côté du cité militaire, avenue hedi wali , hammamet centre 
Tel/whatsapp Afficher le numéro Lire plus Critères Type de transaction À Louer Superficie 100 Salles de bains 1 Chambres 1 souheil Chat avec le vendeur Acheter et vendre gratuitement près de chez vous Immo-Expert Aide Contactez-nous Professionnels Conditions d'utilisation Politiques relatives aux cookies Raccourcis Publier une annonce Visiter une boutique Filtres avancés Rechercher sur tayara Offres et services Bons plans Contactez-nous Vous avez une question? appelez ce numéro +216 95 256 096 Retrouvez-nous sur • صوّر بيع • لوّج إشري",2026-09-03T12:54:11
tayara_6a9947a233f4b02206bf58ad,tayara,https://www.tayara.tn/item/appartements/sousse/kantaoui/appartement-s1-kantaoui/6a9947a233f4b02206bf58ad/,location,appartement,Appartement S+1 à kantaoui,Sousse,Kantaoui,,,1,1,60,,True,False,False,True,True,False,"Appartement S+1 à kantaoui  | Tayara Publicité Contactez-nous : +216 95 256 096 Explorer Nos boutiques ImmoNeuf Promoteurs Offres et services Votre récente recheche: Pas de recheches récentes Filtre avancé Publier une annonce Se connecter Boutiques ImmoNeuf Annonce Messages Profil Retour Accueil appartements sousse kantaoui appartement-s1-kantaoui ❯ ❮ ❯ ❮ ❯ ❮ ❯ ❮ ❯ ❮ ❯ ❮ ❯ ❮ ❯ ❮ Accueil Appartements Sousse Kantaoui Appartement s1 kantaoui Boutique narjess immo 43 annonce(s) Chat avec le vendeur Discuter sur WhatsApp Afficher le numéro Simulez votre crédit Nous Contacter Partager l ' annonce Signaler Appartement S+1 à kantaoui 650 DT immobilier Sousse , an hour ago Entregitrer Signaler Description Appartement S+1
sans meubles à Kantaoui Type : S+1
 2ème  Etage sans ascenseur
Gaz de ville disponible
 Avec chauffage central
Quartier calme et recherché
Climatiseur  Prix :650 DT / mois
Contactez nous Téléphone 
téléphone  : Afficher le numéro / Afficher le numéro / Afficher le numéro WhatsApp : Afficher le numéro / Afficher le numéro / Afficher le numéro www.narjess-immo.tn Lire plus Critères Type de transaction À Louer Superficie 60 Salles de bains 1 Chambres 01 Vous trouverez aussi chez narjess immo n'a pas d'autres annonces actives Boutique narjess immo Chat avec le vendeur Acheter et vendre gratuitement près de chez vous Immo-Expert Aide Contactez-nous Professionnels Conditions d'utilisation Politiques relatives aux cookies Raccourcis Publier une annonce Visiter une boutique Filtres avancés Rechercher sur tayara Offres et services Bons plans Contactez-nous Vous avez une question? appelez ce numéro +216 95 256 096 Retrouvez-nous sur • صوّر بيع • لوّج إشري",2026-09-03T12:54:12
tayara_6a95a145b6ae14216f5ca7e6,tayara,https://www.tayara.tn/item/appartements/tunis/jardins-de-carthage/s1-a-louer-aux-jardins-de-carthage/6a95a145b6ae14216f5ca7e6/,location,appartement,s+1 a louer aux jardins de carthage,Tunis,Jardins De Carthage,1400.0,,1,1,75,,False,False,False,False,False,False,"s+1 a louer aux jardins de carthage | Tayara Publicité Contactez-nous : +216 95 256 096 Explorer Nos boutiques ImmoNeuf Promoteurs Offres et services Votre récente recheche: Pas de recheches récentes Filtre avancé Publier une annonce Se connecter Boutiques ImmoNeuf Annonce Messages Profil Retour Accueil appartements tunis jardins-de-carthage s1-a-louer-aux-jardins-de-carthage ❯ ❮ ❯ ❮ ❯ ❮ ❯ ❮ ❯ ❮ ❯ ❮ Accueil Appartements Tunis Jardins de carthage S1 a louer aux jardins de carthage Boutique wmc immo 45 annonce(s) Chat avec le vendeur Discuter sur WhatsApp Afficher le numéro Simulez votre crédit Nous Contacter Partager l ' annonce Signaler s+1 a louer aux jardins de carthage 1 400 DT immobilier Tunis , an hour ago Entregitrer Signaler Description À louer, un très bel appartement S+1, très spacieux et lumineux, offrant un cadre de vie confortable et agréable.

L’appartement se compose d’un salon spacieux et lumineux, d’une chambre confortable, d’une cuisine fonctionnelle et d’une salle de bain.

Il bénéficie de beaux volumes, d’une excellente luminosité naturelle et d’un agencement pratique.

Idéal pour une personne seule ou un couple, cet appartement offre confort, espace et tranquillité.

Pour plus d’informations ou pour organiser une visite, veuillez nous contacter. Lire plus Critères Type de transaction À Louer Superficie 75 Salles de bains 1 Chambres 1 Vous trouverez aussi chez wmc immo n'a pas d'autres annonces actives Boutique wmc immo Chat avec le vendeur Acheter et vendre gratuitement près de chez vous Immo-Expert Aide Contactez-nous Professionnels Conditions d'utilisation Politiques relatives aux cookies Raccourcis Publier une annonce Visiter une boutique Filtres avancés Rechercher sur tayara Offres et services Bons plans Contactez-nous Vous avez une question? appelez ce numéro +216 95 256 096 Retrouvez-nous sur • صوّر بيع • لوّج إشري",2026-09-03T12:54:14
tayara_6a995132b6ae14216f5e78b3,tayara,https://www.tayara.tn/item/appartements/ben-arous/medina-jedida/a-louer-un-appartement-s1-a-mourouj-4/6a995132b6ae14216f5e78b3/,location,appartement,a louer un appartement S1 a mourouj 4,Ben Arous,Medina Jedida,4450.0,,1,1,40,,False,False,False,False,False,False,"a louer un appartement S1 a mourouj 4  | Tayara Publicité Contactez-nous : +216 95 256 096 Explorer Nos boutiques ImmoNeuf Promoteurs Offres et services Votre récente recheche: Pas de recheches récentes Filtre avancé Publier une annonce Se connecter Boutiques ImmoNeuf Annonce Messages Profil Retour Accueil appartements ben-arous medina-jedida a-louer-un-appartement-s1-a-mourouj-4 ❯ ❮ ❯ ❮ Accueil Appartements Ben arous Medina jedida A louer un appartement s1 a mourouj 4 linda 1 annonce(s) Chat avec le vendeur Discuter sur WhatsApp Afficher le numéro Simulez votre crédit Partager l ' annonce Signaler a louer un appartement S1 a mourouj 4 450 DT immobilier Ben Arous , an hour ago Entregitrer Signaler Description a louer un appartement S1 a mourouj 4 
prix : 450DT
pour plus d'information contacter : Afficher le numéro Lire plus Critères Type de transaction À Louer Superficie 40 Salles de bains 1 Chambres 1 linda Chat avec le vendeur Acheter et vendre gratuitement près de chez vous Immo-Expert Aide Contactez-nous Professionnels Conditions d'utilisation Politiques relatives aux cookies Raccourcis Publier une annonce Visiter une boutique Filtres avancés Rechercher sur tayara Offres et services Bons plans Contactez-nous Vous avez une question? appelez ce numéro +216 95 256 096 Retrouvez-nous sur • صوّر بيع • لوّج إشري",2026-09-03T12:54:16
tayara_6a82fbfa374b022e6dcb6ab9,tayara,https://www.tayara.tn/item/appartements/tunis/jardins-de-carthage/a-louer-s4-aux-jardins-de-carthage/6a82fbfa374b022e6dcb6ab9/,location,appartement,A Louer S+4 aux Jardins de Carthage,Tunis,Jardins De Carthage,2400.0,,4,3,170,3ème étage,False,True,False,False,False,False,"A Louer S+4 aux Jardins de Carthage | Tayara Publicité Contactez-nous : +216 95 256 096 Explorer Nos boutiques ImmoNeuf Promoteurs Offres et services Votre récente recheche: Pas de recheches récentes Filtre avancé Publier une annonce Se connecter Boutiques ImmoNeuf Annonce Messages Profil Retour Accueil appartements tunis jardins-de-carthage a-louer-s4-aux-jardins-de-carthage ❯ ❮ ❯ ❮ ❯ ❮ ❯ ❮ ❯ ❮ ❯ ❮ ❯ ❮ ❯ ❮ ❯ ❮ ❯ ❮ ❯ ❮ Accueil Appartements Tunis Jardins de carthage A louer s4 aux jardins de carthage Boutique good life 39 annonce(s) 106 bis Avenue de Carthage Aïn Zaghouan 2045 Tunis, Tunisie Chat avec le vendeur Discuter sur WhatsApp Afficher le numéro Simulez votre crédit Nous Contacter Partager l ' annonce Signaler A Louer S+4 aux Jardins de Carthage 2 400 DT immobilier Tunis , an hour ago Entregitrer Signaler Description L'agence immobilière Goodlife vous propose à la location un appartement s4 aux jardins de Carthage situé au 3ème étage d'une résidence calme et sécurisée.

L’appartement se compose d’un Salon avec balcon, une cuisine équipée avec séchoir, une salle d’eau invités, 3 chambres, une salle de bain et une suite parentale.
1 place parking est à disposition au sous-sol.
Pour une visite ou plus de renseignements, merci de nous contacter par téléphone ou via WhatsApp au Afficher le numéro . Lire plus Critères Type de transaction À Louer Superficie 170 Salles de bains 2 Chambres 4 Vous trouverez aussi chez good life n'a pas d'autres annonces actives Boutique good life Chat avec le vendeur Acheter et vendre gratuitement près de chez vous Immo-Expert Aide Contactez-nous Professionnels Conditions d'utilisation Politiques relatives aux cookies Raccourcis Publier une annonce Visiter une boutique Filtres avancés Rechercher sur tayara Offres et services Bons plans Contactez-nous Vous avez une question? appelez ce numéro +216 95 256 096 Retrouvez-nous sur • صوّر بيع • لوّج إشري",2026-09-03T12:54:19
tayara_6a9953aeb6ae14216f5e7a65,tayara,https://www.tayara.tn/item/appartements/tunis/lac-1/lac-1-appartement-s2-usage-habitation-ou-bureautique-louer/6a9953aeb6ae14216f5e7a65/,location,appartement,LAC 1  : APPARTEMENT S+2 À USAGE HABITATION OU BUREAUTIQUE À LOUER,Tunis,Lac 1,1800.0,,2,2,120,,True,True,False,True,True,False,"LAC 1  : APPARTEMENT S+2 À USAGE HABITATION OU BUREAUTIQUE À LOUER 
 | Tayara Publicité Contactez-nous : +216 95 256 096 Explorer Nos boutiques ImmoNeuf Promoteurs Offres et services Votre récente recheche: Pas de recheches récentes Filtre avancé Publier une annonce Se connecter Boutiques ImmoNeuf Annonce Messages Profil Retour Accueil appartements tunis lac-1 lac-1-appartement-s2-usage-habitation-ou-bureautique-louer ❯ ❮ ❯ ❮ ❯ ❮ ❯ ❮ ❯ ❮ ❯ ❮ ❯ ❮ ❯ ❮ ❯ ❮ Accueil Appartements Tunis Lac 1 Lac 1 appartement s2 usage habitation ou bureautique louer wafa 1 annonce(s) Chat avec le vendeur Discuter sur WhatsApp Afficher le numéro Simulez votre crédit Partager l ' annonce Signaler LAC 1  : APPARTEMENT S+2 À USAGE HABITATION OU BUREAUTIQUE À LOUER 1 800 DT immobilier Tunis , an hour ago Entregitrer Signaler Description 📍LAC 1  : APPARTEMENT S+2 À USAGE HABITATION OU BUREAUTIQUE À LOUER 

L’agence #MON_RESEAU met à la location un appartement S+2 au 1 er étage avec ascenseur dans une résidence sécurisée  et gardée,  proches de toutes commodités. 

Il se compose d’: 

- Un salon avec balcon 
- Cuisine équipée avec séchoir
- Deux chambres à coucher  avec dressing
- Une salle de bain 
-Une salle d’eau 
- Climatisation 
- Chauffage central 
- Place parking sous-sol 
- Gardiennage et syndic 

Prix de location : 2000 TND y compris syndic 

Pour plus d’informations, contactez notre conseillère en immobilier :

☎️ Téléphone : Afficher le numéro / Afficher le numéro 📭 WhatsApp : Afficher le numéro Lire plus Critères Type de transaction À Louer Superficie 120 Salles de bains 2 Chambres 2 wafa Chat avec le vendeur Acheter et vendre gratuitement près de chez vous Immo-Expert Aide Contactez-nous Professionnels Conditions d'utilisation Politiques relatives aux cookies Raccourcis Publier une annonce Visiter une boutique Filtres avancés Rechercher sur tayara Offres et services Bons plans Contactez-nous Vous avez une question? appelez ce numéro +216 95 256 096 Retrouvez-nous sur • صوّر بيع • لوّج إشري",2026-09-03T12:54:22
tayara_6a99506833f4b02206bf5eac,tayara,https://www.tayara.tn/item/appartements/ben-arous/medina-jedida/a-louer-appartement-meubl-s1-a-chouchet-rades-en-face-gouvernorat-ben-arous/6a99506833f4b02206bf5eac/,location,appartement,A louer appartement meublé s+1 a Chouchet Rades en face gouvernorat Ben Arous,Ben Arous,Medina Jedida,1350.0,,1,1,70,,False,False,False,False,False,True,"A louer appartement meublé s+1 a Chouchet Rades en face gouvernorat Ben Arous | Tayara Publicité Contactez-nous : +216 95 256 096 Explorer Nos boutiques ImmoNeuf Promoteurs Offres et services Votre récente recheche: Pas de recheches récentes Filtre avancé Publier une annonce Se connecter Boutiques ImmoNeuf Annonce Messages Profil Retour Accueil appartements ben-arous medina-jedida a-louer-appartement-meubl-s1-a-chouchet-rades-en-face-gouvernorat-ben-arous ❯ ❮ ❯ ❮ ❯ ❮ ❯ ❮ ❯ ❮ ❯ ❮ Accueil Appartements Ben arous Medina jedida A louer appartement meubl s1 a chouchet rades en face gouvernorat ben arous houssem 1 annonce(s) Chat avec le vendeur Discuter sur WhatsApp Afficher le numéro Simulez votre crédit Partager l ' annonce Signaler A louer appartement meublé s+1 a Chouchet Rades en face gouvernorat Ben Arous 1 350 DT immobilier Ben Arous , an hour ago Entregitrer Signaler Description A louer appartement meublé s+1 a Chouchet Rades en face gouvernorat Ben Arous
Plus d’informations : Afficher le numéro Lire plus Critères Type de transaction À Louer Superficie 70 Salles de bains 1 Chambres 1 houssem Chat avec le vendeur Acheter et vendre gratuitement près de chez vous Immo-Expert Aide Contactez-nous Professionnels Conditions d'utilisation Politiques relatives aux cookies Raccourcis Publier une annonce Visiter une boutique Filtres avancés Rechercher sur tayara Offres et services Bons plans Contactez-nous Vous avez une question? appelez ce numéro +216 95 256 096 Retrouvez-nous sur • صوّر بيع • لوّج إشري",2026-09-03T12:54:25
tayara_6a99556fb6ae14216f5e7b71,tayara,https://www.tayara.tn/item/appartements/ariana/cite-ennkhilet/ennkhilete-ariana-appartement-s3-a-louer/6a99556fb6ae14216f5e7b71/,location,appartement,ENNKHILETE - ARIANA:  APPARTEMENT S+3 A LOUER,Ariana,Cite Ennkhilet,1050.0,,3,1,110,,True,False,False,False,False,False,"ENNKHILETE - ARIANA:  APPARTEMENT S+3 A LOUER | Tayara Publicité Contactez-nous : +216 95 256 096 Explorer Nos boutiques ImmoNeuf Promoteurs Offres et services Votre récente recheche: Pas de recheches récentes Filtre avancé Publier une annonce Se connecter Boutiques ImmoNeuf Annonce Messages Profil Retour Accueil appartements ariana cite-ennkhilet ennkhilete-ariana-appartement-s3-a-louer ❯ ❮ ❯ ❮ ❯ ❮ ❯ ❮ ❯ ❮ ❯ ❮ ❯ ❮ ❯ ❮ ❯ ❮ Accueil Appartements Ariana Cite ennkhilet Ennkhilete ariana appartement s3 a louer malek 1 annonce(s) Chat avec le vendeur Discuter sur WhatsApp Afficher le numéro Simulez votre crédit Partager l ' annonce Signaler ENNKHILETE - ARIANA:  APPARTEMENT S+3 A LOUER 1 050 DT immobilier Ariana , an hour ago Entregitrer Signaler Description 📍ENNKHILETE - ARIANA:  APPARTEMENT S+3 A LOUER

L'Agence Mon_Réseau Immobilier vous propose a la location  un appartement S+3 au 2eme étage sans ascenseur poches de toutes commodités. 
- un salon 
- Cuisine combiné équipée de plaque cuisson, hotte aspirante et Four 
- trois chambres à coucher dont une avec dressing 
- Salle d!eau 
- Chauffage centrale   
- Place pour voiture  

Loyer : 1050 dinars

📞 Pour plus d’informations ou pour organiser une visite :Téléphone/WhatsApp: Afficher le numéro / Afficher le numéro / Afficher le numéro Lire plus Critères Type de transaction À Louer Superficie 110 Salles de bains 1 Chambres 2 malek Chat avec le vendeur Acheter et vendre gratuitement près de chez vous Immo-Expert Aide Contactez-nous Professionnels Conditions d'utilisation Politiques relatives aux cookies Raccourcis Publier une annonce Visiter une boutique Filtres avancés Rechercher sur tayara Offres et services Bons plans Contactez-nous Vous avez une question? appelez ce numéro +216 95 256 096 Retrouvez-nous sur • صوّر بيع • لوّج إشري",2026-09-03T12:54:28
tayara_6a9954a033f4b02206bf61a3,tayara,https://www.tayara.tn/item/appartements/ariana/ennasr/ennasr-1-appartement-s1-a-louer/6a9954a033f4b02206bf61a3/,location,appartement,📍ENNASR 1  : APPARTEMENT S+1 A LOUER,Ariana,Ennasr,,,1,1,0,,False,True,False,True,True,False,"📍ENNASR 1  : APPARTEMENT S+1 A LOUER | Tayara Publicité Contactez-nous : +216 95 256 096 Explorer Nos boutiques ImmoNeuf Promoteurs Offres et services Votre récente recheche: Pas de recheches récentes Filtre avancé Publier une annonce Se connecter Boutiques ImmoNeuf Annonce Messages Profil Retour Accueil appartements ariana ennasr ennasr-1-appartement-s1-a-louer ❯ ❮ ❯ ❮ ❯ ❮ ❯ ❮ Accueil Appartements Ariana Ennasr Ennasr 1 appartement s1 a louer asma 1 annonce(s) Chat avec le vendeur Discuter sur WhatsApp Afficher le numéro Simulez votre crédit Partager l ' annonce Signaler 📍ENNASR 1  : APPARTEMENT S+1 A LOUER 850 DT immobilier Ariana , an hour ago Entregitrer Signaler Description L’agence #MON_RÈSEAU met la location d'un appartement s+1 au 8 éme étage dans une résidence gardée et sécurisée proches de toutes commodités.

Il se compose d’: 
-Un salon .
-Une cuisine équipée d'éléments de rangement et d'une plaque avec séchoir 
-Une chambre à coucher
-Une salle de bain
- Un chauffage central
- Un climatiseur 
- Une place parking sous sol 
- Gardiennage et syndic 

Prix de location: 800 TND plus 50 TND frais de  syndic 

Pour de plus amples informations veuillez contacter notre conseillère en immobilier :

☎️Téléphone  : Afficher le numéro 📭WhatsApp : ⁨⁨ Afficher le numéro 📧E-mail : [email protected] Lire plus Critères Type de transaction À Louer Superficie 0 Salles de bains 1 Chambres 1 asma Chat avec le vendeur Acheter et vendre gratuitement près de chez vous Immo-Expert Aide Contactez-nous Professionnels Conditions d'utilisation Politiques relatives aux cookies Raccourcis Publier une annonce Visiter une boutique Filtres avancés Rechercher sur tayara Offres et services Bons plans Contactez-nous Vous avez une question? appelez ce numéro +216 95 256 096 Retrouvez-nous sur • صوّر بيع • لوّج إشري",2026-09-03T12:54:32
tayara_6a84186086fe4424fc332d14,tayara,https://www.tayara.tn/item/appartements/tunis/tunis/un-nouveau-appartement-s2-jamais-habit-hammam-sousse/6a84186086fe4424fc332d14/,location,appartement,Un nouveau appartement s+2 jamais habité à hammam sousse,Tunis,Tunis,,,2,1,95,,False,False,False,False,False,False,"Un nouveau appartement s+2 jamais habité à hammam sousse | Tayara Publicité Contactez-nous : +216 95 256 096 Explorer Nos boutiques ImmoNeuf Promoteurs Offres et services Votre récente recheche: Pas de recheches récentes Filtre avancé Publier une annonce Se connecter Boutiques ImmoNeuf Annonce Messages Profil Retour Accueil appartements tunis tunis un-nouveau-appartement-s2-jamais-habit-hammam-sousse ❯ ❮ Accueil Appartements Tunis Tunis Un nouveau appartement s2 jamais habit hammam sousse Boutique bili immo 255 annonce(s) Chat avec le vendeur Discuter sur WhatsApp Afficher le numéro Simulez votre crédit Nous Contacter Partager l ' annonce Signaler Un nouveau appartement s+2 jamais habité à hammam sousse 850 DT immobilier , an hour ago Entregitrer Signaler Description Agence Bili Immobilière vous propose des nouveaux appartement S+2 sans meubles en cours bien èquipè jamais habitè 👌👌✅✅ pour location annuelle

Référence : 9128
_______________________
Cet appartement s+2 est composé de:
Un salon 
Une cuisine bien équipé plaque hotte
Deux chambres à coucher 
Une salle de bain
Bien équipé de gaz de ville , chauffage centrale 
Situé au 1ere etage d'une emplacement calme et sécurisé à hammam sousse bhayer 
________________________
Prix : 850 dt 
Pour plus d'informations n'hésitez pas à visiter notre agence rue alexendrie à hammam sousse ou de contacter nous au : Afficher le numéro 📞☎️ Afficher le numéro ou Afficher le numéro WhatsApp Afficher le numéro ou Afficher le numéro Lire plus Critères Type de transaction À Louer Superficie 95 Salles de bains 1 Chambres 2 Vous trouverez aussi chez bili immo n'a pas d'autres annonces actives Boutique bili immo Chat avec le vendeur Acheter et vendre gratuitement près de chez vous Immo-Expert Aide Contactez-nous Professionnels Conditions d'utilisation Politiques relatives aux cookies Raccourcis Publier une annonce Visiter une boutique Filtres avancés Rechercher sur tayara Offres et services Bons plans Contactez-nous Vous avez une question? appelez ce numéro +216 95 256 096 Retrouvez-nous sur • صوّر بيع • لوّج إشري",2026-09-03T12:54:34
tayara_6a99529333f4b02206bf602e,tayara,https://www.tayara.tn/item/appartements/ariana/el-menzah-7/menzah-7-bis-appartement-s1-richement-meuble-louer/6a99529333f4b02206bf602e/,location,appartement,MENZAH 7 BIS : APPARTEMENT S+1 RICHEMENT MEUBLÉE À LOUER,Ariana,El Menzah 7,1000.0,,1,1,70,rez-de-chaussée,False,False,False,True,True,True,"MENZAH 7 BIS : APPARTEMENT S+1 RICHEMENT MEUBLÉE À LOUER | Tayara Publicité Contactez-nous : +216 95 256 096 Explorer Nos boutiques ImmoNeuf Promoteurs Offres et services Votre récente recheche: Pas de recheches récentes Filtre avancé Publier une annonce Se connecter Boutiques ImmoNeuf Annonce Messages Profil Retour Accueil appartements ariana el-menzah-7 menzah-7-bis-appartement-s1-richement-meuble-louer ❯ ❮ ❯ ❮ ❯ ❮ ❯ ❮ ❯ ❮ ❯ ❮ ❯ ❮ ❯ ❮ Accueil Appartements Ariana El menzah 7 Menzah 7 bis appartement s1 richement meuble louer hiba 1 annonce(s) Chat avec le vendeur Discuter sur WhatsApp Afficher le numéro Simulez votre crédit Partager l ' annonce Signaler MENZAH 7 BIS : APPARTEMENT S+1 RICHEMENT MEUBLÉE À LOUER 1 000 DT immobilier Ariana , an hour ago Entregitrer Signaler Description 📍 MENZAH 7 BIS : APPARTEMENT S+1 RICHEMENT MEUBLÉE À LOUER

L’agence #MON_RESEAU met la location d'un appartement richement meuble s+1 au rez-de-chaussée dans une résidence gardée et sécurisée proches de toutes commodités.

Il se compose d’: 
-Un salon avec terrasse 
-Une cuisine equipée avec séchoir 
- Une chambre à coucher 
- Une salle d’eau 
- Climatisation  
- Un chauffage central
- Gardiennage et syndic 

Prix de location: 1000 TND inclus sydic

Pour de plus amples informations veuillez contacter notre conseillère en immobilier :

☎️Téléphone  : Afficher le numéro / Afficher le numéro / Afficher le numéro Lire plus Critères Type de transaction À Louer Superficie 70 Salles de bains 1 Chambres 1 hiba Chat avec le vendeur Acheter et vendre gratuitement près de chez vous Immo-Expert Aide Contactez-nous Professionnels Conditions d'utilisation Politiques relatives aux cookies Raccourcis Publier une annonce Visiter une boutique Filtres avancés Rechercher sur tayara Offres et services Bons plans Contactez-nous Vous avez une question? appelez ce numéro +216 95 256 096 Retrouvez-nous sur • صوّر بيع • لوّج إشري",2026-09-03T12:54:37
tayara_69a9500a44d2819959549e4d,tayara,https://www.tayara.tn/item/appartements/tunis/jardins-de-carthage/s1-a-louer-aux-jardins-de-carthage/69a9500a44d2819959549e4d/,location,appartement,s+1 a louer aux jardins de carthage,Tunis,Jardins De Carthage,1500.0,,1,1,75,,False,False,False,False,False,False,"s+1 a louer aux jardins de carthage  | Tayara Publicité Contactez-nous : +216 95 256 096 Explorer Nos boutiques ImmoNeuf Promoteurs Offres et services Votre récente recheche: Pas de recheches récentes Filtre avancé Publier une annonce Se connecter Boutiques ImmoNeuf Annonce Messages Profil Retour Accueil appartements tunis jardins-de-carthage s1-a-louer-aux-jardins-de-carthage ❯ ❮ ❯ ❮ ❯ ❮ ❯ ❮ ❯ ❮ ❯ ❮ ❯ ❮ Accueil Appartements Tunis Jardins de carthage S1 a louer aux jardins de carthage Boutique wmc immo 45 annonce(s) Chat avec le vendeur Discuter sur WhatsApp Afficher le numéro Simulez votre crédit Nous Contacter Partager l ' annonce Signaler s+1 a louer aux jardins de carthage 1 500 DT immobilier Tunis , an hour ago Entregitrer Signaler Description on vous propose pour la location un appartement de haut standing sand une résidence calme et sécurisée aux jardins de carthage.
salon spacieux avec balcon
cuisine équipée 
chambre avec dressing 
salle de bain Lire plus Critères Type de transaction À Louer Superficie 75 Salles de bains 1 Chambres 1 Vous trouverez aussi chez wmc immo n'a pas d'autres annonces actives Boutique wmc immo Chat avec le vendeur Acheter et vendre gratuitement près de chez vous Immo-Expert Aide Contactez-nous Professionnels Conditions d'utilisation Politiques relatives aux cookies Raccourcis Publier une annonce Visiter une boutique Filtres avancés Rechercher sur tayara Offres et services Bons plans Contactez-nous Vous avez une question? appelez ce numéro +216 95 256 096 Retrouvez-nous sur • صوّر بيع • لوّج إشري",2026-09-03T12:54:40
tayara_6a99520b33f4b02206bf5fdf,tayara,https://www.tayara.tn/item/appartements/tunis/jardins-de-carthage/-louer-s3-jardin-de-carthage/6a99520b33f4b02206bf5fdf/,location,appartement,À LOUER - S+3 à Jardin de Carthage,Tunis,Jardins De Carthage,1950.0,,3,2,128,7ème étage,False,True,False,False,False,False,"À LOUER - S+3 à Jardin de Carthage  | Tayara Publicité Contactez-nous : +216 95 256 096 Explorer Nos boutiques ImmoNeuf Promoteurs Offres et services Votre récente recheche: Pas de recheches récentes Filtre avancé Publier une annonce Se connecter Boutiques ImmoNeuf Annonce Messages Profil Retour Accueil appartements tunis jardins-de-carthage -louer-s3-jardin-de-carthage Accueil Appartements Tunis Jardins de carthage louer s3 jardin de carthage real estate 1 annonce(s) Chat avec le vendeur Discuter sur WhatsApp Afficher le numéro Simulez votre crédit Partager l ' annonce Signaler À LOUER - S+3 à Jardin de Carthage 1 950 DT immobilier Tunis , an hour ago Entregitrer Signaler Description À LOUER - S+3 à Jardin de Carthage
Très lumineux, 7ème étage, avec place de parking au sous-sol.
Prix: 1950 DT / mois charges de syndic comprises.
Contact : Afficher le numéro Lire plus Critères Type de transaction À Louer Superficie 128 Salles de bains 2 Chambres 0 real estate Chat avec le vendeur Acheter et vendre gratuitement près de chez vous Immo-Expert Aide Contactez-nous Professionnels Conditions d'utilisation Politiques relatives aux cookies Raccourcis Publier une annonce Visiter une boutique Filtres avancés Rechercher sur tayara Offres et services Bons plans Contactez-nous Vous avez une question? appelez ce numéro +216 95 256 096 Retrouvez-nous sur • صوّر بيع • لوّج إشري",2026-09-03T12:54:42
tayara_6a857c47374b022e6dccc94d,tayara,https://www.tayara.tn/item/appartements/ariana/chotrana-3/a-louer-un-appt-s1-chotrana-3/6a857c47374b022e6dccc94d/,location,appartement,A louer un Appt S+1 à Chotrana 3,Ariana,Chotrana 3,1200.0,57.0,1,1,57,1er étage,False,True,False,True,True,False,"A louer un Appt S+1 à Chotrana 3 | Tayara Publicité Contactez-nous : +216 95 256 096 Explorer Nos boutiques ImmoNeuf Promoteurs Offres et services Votre récente recheche: Pas de recheches récentes Filtre avancé Publier une annonce Se connecter Boutiques ImmoNeuf Annonce Messages Profil Retour Accueil appartements ariana chotrana-3 a-louer-un-appt-s1-chotrana-3 ❯ ❮ ❯ ❮ ❯ ❮ ❯ ❮ ❯ ❮ Accueil Appartements Ariana Chotrana 3 A louer un appt s1 chotrana 3 Boutique immoliv 50 annonce(s) 000, 2ET B08, Golf centre Soukra, Dar Fadhal, 2036 Chat avec le vendeur Discuter sur WhatsApp Afficher le numéro Simulez votre crédit Nous Contacter Partager l ' annonce Signaler A louer un Appt S+1 à Chotrana 3 1 200 DT immobilier Ariana , an hour ago Entregitrer Signaler Description Agence Immobilière Immoliv vous propose à la location un appartement S+1 d’une superficie de 57m² situé au 1er étage dans une résidence gardée et sécurisée à Chotrana 3.
Cet appartement contient un salon lumineux donnant sur un balcon, une kitchenette équipée ouverte, une chambre à coucher avec dressing et une salle de douche.
Il est doté du chauffage central, de la climatisation en split et d’une place de parking au sous-sol.

Pour plus d'informations veuillez nous contacter au Afficher le numéro Lire plus Critères Type de transaction À Louer Superficie 57 Salles de bains 1 Chambres 1 Vous trouverez aussi chez immoliv n'a pas d'autres annonces actives Boutique immoliv Chat avec le vendeur Acheter et vendre gratuitement près de chez vous Immo-Expert Aide Contactez-nous Professionnels Conditions d'utilisation Politiques relatives aux cookies Raccourcis Publier une annonce Visiter une boutique Filtres avancés Rechercher sur tayara Offres et services Bons plans Contactez-nous Vous avez une question? appelez ce numéro +216 95 256 096 Retrouvez-nous sur • صوّر بيع • لوّج إشري",2026-09-03T12:54:43
tayara_6a9954e833f4b02206bf61d4,tayara,https://www.tayara.tn/item/appartements/ariana/chotrana-3/-louer-un-appartement-neuf-chotrana-3/6a9954e833f4b02206bf61d4/,location,appartement,🏡à louer un appartement neuf à chotrana 3,Ariana,Chotrana 3,1100.0,,1,1,70,,False,True,False,True,True,False,"🏡à louer un appartement neuf à chotrana 3 | Tayara Publicité Contactez-nous : +216 95 256 096 Explorer Nos boutiques ImmoNeuf Promoteurs Offres et services Votre récente recheche: Pas de recheches récentes Filtre avancé Publier une annonce Se connecter Boutiques ImmoNeuf Annonce Messages Profil Retour Accueil appartements ariana chotrana-3 -louer-un-appartement-neuf-chotrana-3 ❯ ❮ ❯ ❮ ❯ ❮ ❯ ❮ ❯ ❮ ❯ ❮ Accueil Appartements Ariana Chotrana 3 louer un appartement neuf chotrana 3 Boutique carthaginois 54 annonce(s) AINZAGHOUAN Chat avec le vendeur Discuter sur WhatsApp Afficher le numéro Simulez votre crédit Nous Contacter Partager l ' annonce Signaler 🏡à louer un appartement neuf à chotrana 3 1 100 DT immobilier Ariana , an hour ago Entregitrer Signaler Description 🏡🏡 Carthaginois immobilière vous propose à la location un appartement de type s+1 neuf jamais habité à chotrana 3 côté école Triki

✨Composition :

Un salon lumineux 

Une cuisine équipée par plaque , hotte et four + Séchoir

Une chambre à coucher avec dressing 

Salle d’eau avec une cabine de douche à l’italienne

✔️Climatiseur
✔️Chauffage central 
✔️🚗 place de parking au sous-sol 

Loyer: 1100dt/mois y compris les frais de syndic 

☎️ Pour plus d’informations n’hésitez pas de nous avoir contactés au Afficher le numéro WhatsApp : Afficher le numéro Lire plus Critères Type de transaction À Louer Superficie 70 Salles de bains 1 Chambres 1 Vous trouverez aussi chez carthaginois n'a pas d'autres annonces actives Boutique carthaginois Chat avec le vendeur Acheter et vendre gratuitement près de chez vous Immo-Expert Aide Contactez-nous Professionnels Conditions d'utilisation Politiques relatives aux cookies Raccourcis Publier une annonce Visiter une boutique Filtres avancés Rechercher sur tayara Offres et services Bons plans Contactez-nous Vous avez une question? appelez ce numéro +216 95 256 096 Retrouvez-nous sur • صوّر بيع • لوّج إشري",2026-09-03T12:54:47
tayara_6a9822dab6ae14216f5dedba,tayara,https://www.tayara.tn/item/appartements/tunis/menzah/menzah-9c-louer-agrable-appt-s2-haut-stg/6a9822dab6ae14216f5dedba/,location,appartement,Menzah 9c à Louer Agréable Appt S+2 Haut Stg,Tunis,Menzah,1500.0,138.0,2,2,130,,False,True,False,True,True,False,"Menzah 9c à Louer Agréable Appt S+2 Haut Stg  | Tayara Publicité Contactez-nous : +216 95 256 096 Explorer Nos boutiques ImmoNeuf Promoteurs Offres et services Votre récente recheche: Pas de recheches récentes Filtre avancé Publier une annonce Se connecter Boutiques ImmoNeuf Annonce Messages Profil Retour Accueil appartements tunis menzah menzah-9c-louer-agrable-appt-s2-haut-stg ❯ ❮ ❯ ❮ ❯ ❮ ❯ ❮ ❯ ❮ ❯ ❮ ❯ ❮ ❯ ❮ ❯ ❮ ❯ ❮ ❯ ❮ Accueil Appartements Tunis Menzah Menzah 9c louer agrable appt s2 haut stg Boutique building negoce 117 annonce(s) ENNASR Chat avec le vendeur Discuter sur WhatsApp Afficher le numéro Simulez votre crédit Nous Contacter Partager l ' annonce Signaler Menzah 9c à Louer Agréable Appt S+2 Haut Stg immobilier Tunis , an hour ago Entregitrer Signaler Description 🏠 MENZAH 9C ; à 𝐋𝐎𝐔𝐄𝐑 Agréable 𝐀𝗽𝗽𝘁 𝐒+2 𝐇𝐚𝐮𝐭 𝐬𝐭𝐚𝐧𝐝𝐢𝐧𝐠 🏠
                                       🌟 🌟 🌟
Menzah 9C ; à louer spacieux Appartement (138m2) de haut standing résidence bien située composé de :
🔸 un salon, Salle à manger avec terrasse 
🔸2 Chambres à coucher 
🔸 un dressing au couloir 
🔸 cuisine équipée avec séchoir
🔸 sdb
✅ chauffage central
✅ climatisation centrale 
🚗 Place de parking sous sol
    💰💰💰Loyer/Mois : 1500dt y compris frais de syndic         
🗝🗝🗝 𝑪𝒐𝒏𝒕𝒂𝒄𝒕𝒆𝒛 𝑨𝒈𝒆𝒏𝒄𝒆 𝑰𝒎𝒎𝒐𝒃𝒊𝒍𝒊𝒆̀𝒓𝒆 𝑩𝒖𝒊𝒍𝒅𝒊𝒏𝒈 𝑵𝒆́𝒈𝒐𝒄𝒆 : 𝓥𝓸𝓽𝓻𝓮 𝓬𝓸𝓷𝓼𝓮𝓲𝓵𝓵𝓮̀𝓻𝓮 𝓮𝓷 𝓘𝓶𝓶𝓸𝓫𝓲𝓵𝓲𝓮𝓻 𝓜𝓶𝓮 Siala  :
☎ : Afficher le numéro / Afficher le numéro Lire plus Critères Type de transaction À Louer Superficie 130 Salles de bains 2 Chambres 2 Vous trouverez aussi chez building negoce n'a pas d'autres annonces actives Boutique building negoce Chat avec le vendeur Acheter et vendre gratuitement près de chez vous Immo-Expert Aide Contactez-nous Professionnels Conditions d'utilisation Politiques relatives aux cookies Raccourcis Publier une annonce Visiter une boutique Filtres avancés Rechercher sur tayara Offres et services Bons plans Contactez-nous Vous avez une question? appelez ce numéro +216 95 256 096 Retrouvez-nous sur • صوّر بيع • لوّج إشري",2026-09-03T12:54:49
tayara_6a9953e4b6ae14216f5e7a81,tayara,https://www.tayara.tn/item/appartements/ariana/cite-ennkhilet/ennkhilete-ariana-appartement-s2-a-louer/6a9953e4b6ae14216f5e7a81/,location,appartement,ENNKHILETE - ARIANA:  APPARTEMENT S+2 A LOUER,Ariana,Cite Ennkhilet,,,2,1,120,1er étage,True,False,False,False,False,False,"ENNKHILETE - ARIANA:  APPARTEMENT S+2 A LOUER | Tayara Publicité Contactez-nous : +216 95 256 096 Explorer Nos boutiques ImmoNeuf Promoteurs Offres et services Votre récente recheche: Pas de recheches récentes Filtre avancé Publier une annonce Se connecter Boutiques ImmoNeuf Annonce Messages Profil Retour Accueil appartements ariana cite-ennkhilet ennkhilete-ariana-appartement-s2-a-louer ❯ ❮ ❯ ❮ ❯ ❮ ❯ ❮ ❯ ❮ ❯ ❮ ❯ ❮ ❯ ❮ ❯ ❮ Accueil Appartements Ariana Cite ennkhilet Ennkhilete ariana appartement s2 a louer youssef 1 annonce(s) Chat avec le vendeur Discuter sur WhatsApp Afficher le numéro Simulez votre crédit Partager l ' annonce Signaler ENNKHILETE - ARIANA:  APPARTEMENT S+2 A LOUER 950 DT immobilier Ariana , an hour ago Entregitrer Signaler Description 📍ENNKHILETE - ARIANA:  APPARTEMENT S+2 A LOUER

L'Agence Mon_Réseau Immobilier vous propose a la location  un appartement S+2: au 1er étage sans ascenseur poches de toutes commodités. 
- un salon 
- Cuisine combiné équipée de plaque cuisson, hotte aspirante et Four 
- deux chambres à coucher dont une avec dressing 
- Salle d!eau 
- Chauffage centrale 
- Climatisarion  
- Place pour voiture  

Loyer : 950 dinars

📞 Pour plus d’informations ou pour organiser une visite :Téléphone/WhatsApp: Afficher le numéro / Afficher le numéro / Afficher le numéro Lire plus Critères Type de transaction À Louer Superficie 120 Salles de bains 1 Chambres 2 youssef Chat avec le vendeur Acheter et vendre gratuitement près de chez vous Immo-Expert Aide Contactez-nous Professionnels Conditions d'utilisation Politiques relatives aux cookies Raccourcis Publier une annonce Visiter une boutique Filtres avancés Rechercher sur tayara Offres et services Bons plans Contactez-nous Vous avez une question? appelez ce numéro +216 95 256 096 Retrouvez-nous sur • صوّر بيع • لوّج إشري",2026-09-03T12:54:51
tayara_6a7d7802303f47f0a02c60f3,tayara,https://www.tayara.tn/item/appartements/sousse/hergla/appartement-s1-en-vente/6a7d7802303f47f0a02c60f3/,vente,appartement,Appartement s+1 en vente,Sousse,Hergla,285000.0,,1,1,63,rez-de-chaussée,False,True,True,False,False,False,"Appartement s+1 en vente  | Tayara Publicité Contactez-nous : +216 95 256 096 Explorer Nos boutiques ImmoNeuf Promoteurs Offres et services Votre récente recheche: Pas de recheches récentes Filtre avancé Publier une annonce Se connecter Boutiques ImmoNeuf Annonce Messages Profil Retour Accueil appartements sousse hergla appartement-s1-en-vente ❯ ❮ ❯ ❮ ❯ ❮ ❯ ❮ ❯ ❮ ❯ ❮ ❯ ❮ ❯ ❮ Accueil Appartements Sousse Hergla Appartement s1 en vente Boutique tecnocasa hergla 29 annonce(s) Chat avec le vendeur Discuter sur WhatsApp Afficher le numéro Simulez votre crédit Nous Contacter Partager l ' annonce Signaler Appartement s+1 en vente 285 000 DT immobilier Sousse , 42 minutes ago Entregitrer Signaler Description À vendre, bel appartement S+1 situé au rez-de-chaussée d’une résidence avec piscine à Madfoun, Hergla, à quelques pas de la mer. Il se compose d’un salon lumineux ouvrant sur une terrasse et un grand jardin privatif piscinable, d’une cuisine américaine équipée, d’une chambre avec terrasse et vue sur la mer, ainsi que d’une salle de bains avec cabine de douche. La résidence dispose également d’une piscine commune et d’une place de parking au sous-sol. Un bien idéal pour profiter du calme et du charme de Hergla, à proximité de la mer. Lire plus Critères Type de transaction À Vendre Superficie 63 Salles de bains 1 Chambres 1 Vous trouverez aussi chez tecnocasa hergla n'a pas d'autres annonces actives Boutique tecnocasa hergla Chat avec le vendeur Acheter et vendre gratuitement près de chez vous Immo-Expert Aide Contactez-nous Professionnels Conditions d'utilisation Politiques relatives aux cookies Raccourcis Publier une annonce Visiter une boutique Filtres avancés Rechercher sur tayara Offres et services Bons plans Contactez-nous Vous avez une question? appelez ce numéro +216 95 256 096 Retrouvez-nous sur • صوّر بيع • لوّج إشري",2026-09-03T12:54:53
tayara_6a4f8f3e7b31d9554f39d75b,tayara,https://www.tayara.tn/item/appartements/sousse/kantaoui/un-appartement-s3-rdc-avec-parking-sous-sol/6a4f8f3e7b31d9554f39d75b/,location,appartement,Un appartement s+3 rdc avec parking sous sol,Sousse,Kantaoui,1400.0,,3,1,140,rdc,False,True,False,False,False,True,"Un appartement s+3 rdc avec parking sous sol  | Tayara Publicité Contactez-nous : +216 95 256 096 Explorer Nos boutiques ImmoNeuf Promoteurs Offres et services Votre récente recheche: Pas de recheches récentes Filtre avancé Publier une annonce Se connecter Boutiques ImmoNeuf Annonce Messages Profil Retour Accueil appartements sousse kantaoui un-appartement-s3-rdc-avec-parking-sous-sol ❯ ❮ ❯ ❮ ❯ ❮ ❯ ❮ ❯ ❮ ❯ ❮ ❯ ❮ ❯ ❮ ❯ ❮ ❯ ❮ Accueil Appartements Sousse Kantaoui Un appartement s3 rdc avec parking sous sol Boutique bili immo 255 annonce(s) Chat avec le vendeur Discuter sur WhatsApp Afficher le numéro Simulez votre crédit Nous Contacter Partager l ' annonce Signaler Un appartement s+3 rdc avec parking sous sol 1 400 DT immobilier Sousse , an hour ago Entregitrer Signaler Description Agence #BILI IMMOBILIÈRE vous propose un spacieux appartement S+3 bien meublé et bien équipé avec parking sous sol pour location annuelle 
💠Référence: 9059
_____________________
Cet appartement S+3 est composé de:
💠un salon
💠deux chambres à coucher avec balcon
💠Une autre chambre à coucher 
💠cuisine bien équipée plaque hotte four et machine à laver automatique 
💠Salle d'eau 
💠un balcon
💠Un séchoir 
Un Appartement S+3 bien meublé et bien équipé de gaz de ville , trois climatiseurs et chauffage centrale 
située au rez de chaussé d'un petit immeuble  calme et sécurisé à kantaoui proche de l'arabesque 
_____________________
💠Prix : 1400 dt 
pour plus d'informations n'hésitez pas à visiter notre agence rue alexendrie à hammam sousse ou de contacter nous au : Afficher le numéro ou Afficher le numéro ou Afficher le numéro Whatsapp Afficher le numéro ou Afficher le numéro Lire plus Critères Type de transaction À Louer Superficie 140 Salles de bains 1 Chambres 3 Vous trouverez aussi chez bili immo n'a pas d'autres annonces actives Boutique bili immo Chat avec le vendeur Acheter et vendre gratuitement près de chez vous Immo-Expert Aide Contactez-nous Professionnels Conditions d'utilisation Politiques relatives aux cookies Raccourcis Publier une annonce Visiter une boutique Filtres avancés Rechercher sur tayara Offres et services Bons plans Contactez-nous Vous avez une question? appelez ce numéro +216 95 256 096 Retrouvez-nous sur • صوّر بيع • لوّج إشري",2026-09-03T12:54:57
tayara_6a75c821f1282c6658e5b647,tayara,https://www.tayara.tn/item/appartements/tunis/tunis/-louer-appartement-s1-ennasr-2/6a75c821f1282c6658e5b647/,location,appartement,À Louer – Appartement S+1 à Ennasr 2,Tunis,Tunis,1150.0,,1,1,78,1er étage,False,True,False,True,True,False,"À Louer – Appartement S+1 à Ennasr 2 | Tayara Publicité Contactez-nous : +216 95 256 096 Explorer Nos boutiques ImmoNeuf Promoteurs Offres et services Votre récente recheche: Pas de recheches récentes Filtre avancé Publier une annonce Se connecter Boutiques ImmoNeuf Annonce Messages Profil Retour Accueil appartements tunis tunis -louer-appartement-s1-ennasr-2 ❯ ❮ ❯ ❮ ❯ ❮ ❯ ❮ ❯ ❮ Accueil Appartements Tunis Tunis louer appartement s1 ennasr 2 Boutique remax consultants 138 annonce(s) Chat avec le vendeur Discuter sur WhatsApp Afficher le numéro Simulez votre crédit Nous Contacter Partager l ' annonce Signaler À Louer – Appartement S+1 à Ennasr 2 1 150 DT immobilier , an hour ago Entregitrer Signaler Description REMAX Consultants vous propose à la location un agréable appartement S+1, situé au 1er étage d'une résidence calme, sécurisée et bien entretenue à Ennasr 2.

✨ Caractéristiques :
🛋️ Salon lumineux avec balcon
🍽️ Cuisine entièrement équipée avec séchoir
🛏️ Chambre à coucher avec dressing
🚿 Salle de bain
❄️ Climatisation en split
🔥 Chauffage central
🚗 Place de parking

Idéal pour une personne seule ou un jeune couple à la recherche d'un logement confortable dans l'un des quartiers les plus prisés d'Ennasr.

📞 Pour plus d'informations ou pour organiser une visite, contactez :

Bassem Choyekh
📱 Afficher le numéro 📧 [email protected] Lire plus Critères Type de transaction À Louer Superficie 78 Salles de bains 1 Chambres 1 Vous trouverez aussi chez remax consultants n'a pas d'autres annonces actives Boutique remax consultants Chat avec le vendeur Acheter et vendre gratuitement près de chez vous Immo-Expert Aide Contactez-nous Professionnels Conditions d'utilisation Politiques relatives aux cookies Raccourcis Publier une annonce Visiter une boutique Filtres avancés Rechercher sur tayara Offres et services Bons plans Contactez-nous Vous avez une question? appelez ce numéro +216 95 256 096 Retrouvez-nous sur • صوّر بيع • لوّج إشري",2026-09-03T12:54:59
tayara_6a92cda2b6ae14216f5b81d6,tayara,https://www.tayara.tn/item/appartements/tunis/lac-2/appartement-s4-aux-les-berges-du-lac-2/6a92cda2b6ae14216f5b81d6/,location,appartement,Appartement S+4 aux les berges du lac 2,Tunis,Lac 2,6500.0,,4,3,300,,False,True,False,False,False,True,"Appartement S+4 aux les berges du lac 2 | Tayara Publicité Contactez-nous : +216 95 256 096 Explorer Nos boutiques ImmoNeuf Promoteurs Offres et services Votre récente recheche: Pas de recheches récentes Filtre avancé Publier une annonce Se connecter Boutiques ImmoNeuf Annonce Messages Profil Retour Accueil appartements tunis lac-2 appartement-s4-aux-les-berges-du-lac-2 ❯ ❮ ❯ ❮ ❯ ❮ ❯ ❮ ❯ ❮ Accueil Appartements Tunis Lac 2 Appartement s4 aux les berges du lac 2 Boutique la mediterranee lac 2 29 annonce(s) rue du dollar lac 2 Chat avec le vendeur Discuter sur WhatsApp Afficher le numéro Simulez votre crédit Nous Contacter Partager l ' annonce Signaler Appartement S+4 aux les berges du lac 2 6 500 DT immobilier Tunis , an hour ago Entregitrer Signaler Description La Méditerranée Immobilière Lac 2 vous propose à la location un appartement S+4 meublé dans une résidence sécurisée et calme au lac 2. Il se compose d'un salon lumineux et spacieux avec accès à un jardin, et une salle d'eau pour les invités, une cuisine équipée avec un grand séchoir qui peut faire fois en chambre de service. La partie nuit se compose d'une suite parentale et de 3 chambres à coucher avec dressings et salle de bain. L'appartement est équipé de chauffages centrale et des climatiseurs ainsi qu'une place de parking. Lire plus Critères Type de transaction À Louer Superficie 300 Salles de bains 3 Chambres 4 Vous trouverez aussi chez la mediterranee lac 2 n'a pas d'autres annonces actives Boutique la mediterranee lac 2 Chat avec le vendeur Acheter et vendre gratuitement près de chez vous Immo-Expert Aide Contactez-nous Professionnels Conditions d'utilisation Politiques relatives aux cookies Raccourcis Publier une annonce Visiter une boutique Filtres avancés Rechercher sur tayara Offres et services Bons plans Contactez-nous Vous avez une question? appelez ce numéro +216 95 256 096 Retrouvez-nous sur • صوّر بيع • لوّج إشري",2026-09-03T12:55:02
tayara_6a6dc56d6ef0e97a6c141a93,tayara,https://www.tayara.tn/item/maisons-et-villas/nabeul/hammam-ghezze/-/6a6dc56d6ef0e97a6c141a93/,vente,maison_villa,فيلا  مطلة على البحر,Nabeul,Hammam Ghezze,290000.0,,3,2,180,,False,False,False,False,False,False,"فيلا  مطلة على البحر | Tayara Publicité Contactez-nous : +216 95 256 096 Explorer Nos boutiques ImmoNeuf Promoteurs Offres et services Votre récente recheche: Pas de recheches récentes Filtre avancé Publier une annonce Se connecter Boutiques ImmoNeuf Annonce Messages Profil Retour Accueil maisons-et-villas nabeul hammam-ghezze - ❯ ❮ ❯ ❮ ❯ ❮ ❯ ❮ ❯ ❮ ❯ ❮ ❯ ❮ ❯ ❮ ❯ ❮ Accueil Maisons et villas Nabeul Hammam ghezze Boutique immo plus kelibia 73 annonce(s) Avenu Ali bachhamba, Kélibia 8090 Chat avec le vendeur Discuter sur WhatsApp Afficher le numéro Simulez votre crédit Nous Contacter Partager l ' annonce Signaler فيلا  مطلة على البحر 290 000 DT immobilier Nabeul , 2 days ago Entregitrer Signaler Description فرصة ما تتعاودش! 🔥
للبيع فيلا  مطلة على البحر🔥🔥بسوم فرصة فرصة
📍 في الزهراء قليبية   
📏 📐 المساحة: 180 م²
s+3 مع جردة كبيرة
✅ شهادة ملكية متوفرة
📞 للاستفسار الاتصال على الأرقام التالية 👇
𝟓𝟒𝟔𝟐𝟐𝟕𝟗𝟎/ Afficher le numéro 📲𝟓𝟒𝟔𝟐𝟐𝟕𝟗𝟎 واتساب Lire plus Critères Type de transaction À Vendre Superficie 180 Salles de bains 2 Chambres 3 Vous trouverez aussi chez immo plus kelibia n'a pas d'autres annonces actives Boutique immo plus kelibia Chat avec le vendeur Acheter et vendre gratuitement près de chez vous Immo-Expert Aide Contactez-nous Professionnels Conditions d'utilisation Politiques relatives aux cookies Raccourcis Publier une annonce Visiter une boutique Filtres avancés Rechercher sur tayara Offres et services Bons plans Contactez-nous Vous avez une question? appelez ce numéro +216 95 256 096 Retrouvez-nous sur • صوّر بيع • لوّج إشري",2026-09-03T12:55:08
tayara_6a9865dcb6ae14216f5e1a0d,tayara,https://www.tayara.tn/item/maisons-et-villas/sfax/sfax-ville/opportunit-saisir/6a9865dcb6ae14216f5e1a0d/,vente,maison_villa,Opportunité à saisir,Ben Arous,Sfax Ville,1111.0,88.0,,1,88,,False,False,False,False,False,False,"Opportunité à saisir  | Tayara Publicité Contactez-nous : +216 95 256 096 Explorer Nos boutiques ImmoNeuf Promoteurs Offres et services Votre récente recheche: Pas de recheches récentes Filtre avancé Publier une annonce Se connecter Boutiques ImmoNeuf Annonce Messages Profil Retour Accueil maisons-et-villas sfax sfax-ville opportunit-saisir Accueil Maisons et villas Sfax Sfax ville Opportunit saisir Boutique soltane immobilier 18 annonce(s) Nouvelle Médina, Ben Arous Chat avec le vendeur Discuter sur WhatsApp Afficher le numéro Simulez votre crédit Nous Contacter Partager l ' annonce Signaler Opportunité à saisir 1 111 DT immobilier Sfax , 18 hours ago Entregitrer Signaler Description A vendre  maison de superfie totale 88m2 , situé à cité ELMOEZ 
se compose de trois chambres à coucher salon salle de bain pour plus d'informations contacter Afficher le numéro Lire plus Critères Type de transaction À Vendre Superficie 88 Salles de bains 1 Chambres 3 Vous trouverez aussi chez soltane immobilier n'a pas d'autres annonces actives Boutique soltane immobilier Chat avec le vendeur Acheter et vendre gratuitement près de chez vous Immo-Expert Aide Contactez-nous Professionnels Conditions d'utilisation Politiques relatives aux cookies Raccourcis Publier une annonce Visiter une boutique Filtres avancés Rechercher sur tayara Offres et services Bons plans Contactez-nous Vous avez une question? appelez ce numéro +216 95 256 096 Retrouvez-nous sur • صوّر بيع • لوّج إشري",2026-09-03T12:55:11
tayara_6a60cbcc4956ba003a45e3ca,tayara,https://www.tayara.tn/item/maisons-et-villas/tunis/tunis/-villa-meuble-vendre-ennajet-kerkennah-terrain-1301-m-700-m-de-la-mer-titre-foncier-garage/6a60cbcc4956ba003a45e3ca/,location,maison_villa,🌴 Villa Meublée à Vendre à Ennajet Kerkennah – Terrain 1301 m² – À 700 m de la Mer – Titre Foncier – Garage,Tunis,Tunis,650000.0,1301.0,,5,2,RDC,False,True,False,True,False,True,"🌴 Villa Meublée à Vendre à Ennajet Kerkennah – Terrain 1301 m² – À 700 m de la Mer – Titre Foncier – Garage | Tayara Publicité Contactez-nous : +216 95 256 096 Explorer Nos boutiques ImmoNeuf Promoteurs Offres et services Votre récente recheche: Pas de recheches récentes Filtre avancé Publier une annonce Se connecter Boutiques ImmoNeuf Annonce Messages Profil Retour Accueil maisons-et-villas tunis tunis -villa-meuble-vendre-ennajet-kerkennah-terrain-1301-m-700-m-de-la-mer-titre-foncier-garage ❯ ❮ ❯ ❮ ❯ ❮ ❯ ❮ ❯ ❮ ❯ ❮ ❯ ❮ ❯ ❮ ❯ ❮ ❯ ❮ ❯ ❮ Accueil Maisons et villas Tunis Tunis villa meuble vendre ennajet kerkennah terrain 1301 m 700 m de la mer titre foncier garage utilisateur anonyme 1 annonce(s) Chat avec le vendeur Discuter sur WhatsApp Afficher le numéro Simulez votre crédit Partager l ' annonce Signaler 🌴 Villa Meublée à Vendre à Ennajet Kerkennah – Terrain 1301 m² – À 700 m de la Mer – Titre Foncier – Garage 650 000 DT immobilier , a day ago Entregitrer Signaler Description 🏡 Magnifique villa entièrement meublée à vendre à Ennajet – Kerkennah, située dans un endroit calme et agréable, à seulement 700 mètres de la mer.

Construite en 2012, cette propriété est implantée sur un grand terrain de 1301 m² avec une surface habitable de 250 m² répartie sur deux niveaux (RDC + étage).

La villa est directement habitable, sans aucun travaux à prévoir, et vendue avec tout son mobilier.

Composition de la villa :

✅ 5 chambres spacieuses

4 chambres de 4,20 m × 4 m
1 grande chambre de 5 m × 4,20 m

✅ Grand salon lumineux de 8 m × 4,30 m

✅ Cuisine équipée de 6 m × 4 m comprenant :

Four
Réfrigérateur Samsung
Micro-ondes
Plaque de cuisson au gaz

✅ 2 salles de bain :

Salle de bain RDC : 3 m × 1,70 m
Salle de bain étage : 3 m × 3 m

✅ 4 grandes terrasses

✅ Climatisation avec fonction chauffage dans :

Le salon
3 chambres
🌳 Un terrain exceptionnel de 1301 m²

Le terrain est magnifiquement arboré avec :

🌿 15 oliviers
🍇 20 pieds de vigne
🍊 3 orangers
🌳 3 figuiers
🌰 2 amandiers
🍑 2 pêchers
🍐 1 poirier
🍎 2 pommiers
🍈 4 grenadiers
🍑 2 abricotiers

Un véritable espace de détente avec possibilité de profiter d'une production familiale de fruits et d'huile d'olive.

🚗 Extérieurs et équipements :

✅ Garage indépendant de 45 m² (10 m × 4,5 m) avec porte électrique

✅ Plusieurs places de stationnement :

3 places à l'intérieur du terrain
Garage couvert

✅ Deux entrées indépendantes avec portes métalliques manuelles

✅ Maison située sur une route principale à seulement 5 mètres

✅ Eau SONEDE + citerne d'eau de pluie

✅ Chauffe-eau solaire

✅ Électricité STEG

📍 Emplacement :
🌊 Mer : 700 mètres
🏝 Ramla : 8 km
📍 Kratan : 5 km
⭐ Les points forts :

✔ Titre foncier disponible
✔ Villa récente (2012)
✔ Vendue entièrement meublée
✔ Aucun travaux à prévoir
✔ Grand terrain de 1301 m²
✔ Jardin fruitier exceptionnel
✔ Garage avec porte électrique
✔ Proche de la mer
✔ Idéale résidence familiale, maison de vacances ou investissement locatif

📞 Pour plus d'informations ou organiser",2026-09-03T12:55:15
tayara_6a99551eb6ae14216f5e7b48,tayara,https://www.tayara.tn/item/maisons-et-villas/tunis/lac-1/les-berges-du-lac-1-villa-indpendante-avec-piscine-a-louer/6a99551eb6ae14216f5e7b48/,location,maison_villa,LES BERGES DU LAC 1 – VILLA INDÉPENDANTE AVEC PISCINE  A LOUER,Tunis,Lac 1,,,,4,2,,False,True,True,False,False,False,"LES BERGES DU LAC 1 – VILLA INDÉPENDANTE AVEC PISCINE  A LOUER  | Tayara Publicité Contactez-nous : +216 95 256 096 Explorer Nos boutiques ImmoNeuf Promoteurs Offres et services Votre récente recheche: Pas de recheches récentes Filtre avancé Publier une annonce Se connecter Boutiques ImmoNeuf Annonce Messages Profil Retour Accueil maisons-et-villas tunis lac-1 les-berges-du-lac-1-villa-indpendante-avec-piscine-a-louer ❯ ❮ ❯ ❮ ❯ ❮ ❯ ❮ ❯ ❮ ❯ ❮ ❯ ❮ ❯ ❮ ❯ ❮ Accueil Maisons et villas Tunis Lac 1 Les berges du lac 1 villa indpendante avec piscine a louer souhe 1 annonce(s) Chat avec le vendeur Discuter sur WhatsApp Afficher le numéro Simulez votre crédit Partager l ' annonce Signaler LES BERGES DU LAC 1 – VILLA INDÉPENDANTE AVEC PISCINE  A LOUER immobilier Tunis , 43 minutes ago Entregitrer Signaler Description 📍LES BERGES DU LAC 1 – VILLA INDÉPENDANTE AVEC PISCINE  A LOUER 

MON RÉSEAU IMMOBILIER vous propose à la location cette spacieuse villa indépendante, idéalement située dans un quartier résidentiel prestigieux au Berge du  Lac 1.

La propriété bénéficie de beaux volumes, d’un jardin agréable et d’une piscine, dans un environnement calme et recherché.

🔹 Composition :
• Double salon & salle à manger
• Suite parentale
• 4 chambres avec terrasses
• Cuisine équipée
• 2 salles de bain
• 1 salle de douche
• 2 salles d’eau
• Sous-sol aménagé avec plusieurs pièces
• Garage pouvant accueillir jusqu’à 6 voitures
• Jardin & piscine

💼 Idéale pour habitation ou usage professionnel :
✔️ Siège de société
✔️ Bureaux
✔️ Ambassade
✔️ Cabinet médical
✔️ Toute activité autorisée

📞 MON RÉSEAU IMMOBILIER
✨ Votre partenaire de confiance

☎️ Afficher le numéro #MonRéseauImmobilier #Location #Villa #Lac1 #VillaAvecPiscine #ImmobilierTunisie #Tunis #VillaPrestige #Bureaux #Ambassade #CabinetMedical Lire plus Critères Type de transaction À Louer Superficie 0 Salles de bains 4 Chambres 4 souhe Chat avec le vendeur Acheter et vendre gratuitement près de chez vous Immo-Expert Aide Contactez-nous Professionnels Conditions d'utilisation Politiques relatives aux cookies Raccourcis Publier une annonce Visiter une boutique Filtres avancés Rechercher sur tayara Offres et services Bons plans Contactez-nous Vous avez une question? appelez ce numéro +216 95 256 096 Retrouvez-nous sur • صوّر بيع • لوّج إشري",2026-09-03T12:55:19
tayara_6a995156b6ae14216f5e78d7,tayara,https://www.tayara.tn/item/maisons-et-villas/ben-arous/el-mourouj-1/superbe-villa-el-mourouj-1-grand-local-qui-est/6a995156b6ae14216f5e78d7/,vente,maison_villa,Superbe villa à el mourouj 1 + grand local qui est,Ben Arous,El Mourouj 1,920000.0,520.0,,3,434,rdc,False,True,False,False,False,False,"Superbe villa à el mourouj 1 + grand local qui est | Tayara Publicité Contactez-nous : +216 95 256 096 Explorer Nos boutiques ImmoNeuf Promoteurs Offres et services Votre récente recheche: Pas de recheches récentes Filtre avancé Publier une annonce Se connecter Boutiques ImmoNeuf Annonce Messages Profil Retour Accueil maisons-et-villas ben-arous el-mourouj-1 superbe-villa-el-mourouj-1-grand-local-qui-est ❯ ❮ ❯ ❮ ❯ ❮ ❯ ❮ ❯ ❮ ❯ ❮ Accueil Maisons et villas Ben arous El mourouj 1 Superbe villa el mourouj 1 grand local qui est mohamed 4 annonce(s) Chat avec le vendeur Discuter sur WhatsApp Afficher le numéro Simulez votre crédit Partager l ' annonce Signaler Superbe villa à el mourouj 1 + grand local qui est 920 000 DT immobilier Ben Arous , an hour ago Entregitrer Signaler Description actuellement le projet consiste dans un restaurant luxueux (machwa) terrain couvert : 520 m² tous les mûrs du rdc et de l'étage sont bâtis en double cloison possibilité d'extension ( 2ème étage ) projet commercial en exploitation depuis 8 ans , actuellement loué comme un restaurant de Mechwi ( local : 100 m²) rdc : grand ssam , 3 chambres à coucher, cuisine, sdb ,toilette indépendante , grand hall ,véranda , jardin , garage + abri pour 2ème voiture 1ère étage : même nombre de pièces + grande terrasse donnant sur la route de fouchana gaz de ville titre bleu (situation foncière en règle ) prix : immobilier évalué à plus de 1050000 dt ( largement négociable ) contacter : Afficher le numéro Lire plus Critères Type de transaction À Vendre Superficie 434 Salles de bains 4 Chambres 6 mohamed Chat avec le vendeur Acheter et vendre gratuitement près de chez vous Immo-Expert Aide Contactez-nous Professionnels Conditions d'utilisation Politiques relatives aux cookies Raccourcis Publier une annonce Visiter une boutique Filtres avancés Rechercher sur tayara Offres et services Bons plans Contactez-nous Vous avez une question? appelez ce numéro +216 95 256 096 Retrouvez-nous sur • صوّر بيع • لوّج إشري",2026-09-03T12:55:22
tayara_6a9958dab6ae14216f5e7df9,tayara,https://www.tayara.tn/item/maisons-et-villas/ben-arous/medina-jedida/medina-jadida-s3-avec-parking/6a9958dab6ae14216f5e7df9/,location,maison_villa,Medina Jadida S+3 Avec Parking,Ben Arous,Medina Jedida,,125.0,3,3,125,,False,True,False,False,False,False,"Medina Jadida S+3 Avec Parking | Tayara Publicité Contactez-nous : +216 95 256 096 Explorer Nos boutiques ImmoNeuf Promoteurs Offres et services Votre récente recheche: Pas de recheches récentes Filtre avancé Publier une annonce Se connecter Boutiques ImmoNeuf Annonce Messages Profil Retour Accueil maisons-et-villas ben-arous medina-jedida medina-jadida-s3-avec-parking ❯ ❮ ❯ ❮ ❯ ❮ ❯ ❮ ❯ ❮ ❯ ❮ Accueil Maisons et villas Ben arous Medina jedida Medina jadida s3 avec parking chafik 1 annonce(s) Chat avec le vendeur Discuter sur WhatsApp Afficher le numéro Simulez votre crédit Partager l ' annonce Signaler Medina Jadida S+3 Avec Parking 880 DT immobilier Ben Arous , 31 minutes ago Entregitrer Signaler Description Location appartement 125m2
Dans une Résidence Gardé et Clôturé, composé de 3 chambres , salon avec balcon, cuisine avec séchoir, sdb,  salle d'eau 
contact: propriétair Lire plus Critères Type de transaction À Louer Superficie 125 Salles de bains 2 Chambres 3 chafik Chat avec le vendeur Acheter et vendre gratuitement près de chez vous Immo-Expert Aide Contactez-nous Professionnels Conditions d'utilisation Politiques relatives aux cookies Raccourcis Publier une annonce Visiter une boutique Filtres avancés Rechercher sur tayara Offres et services Bons plans Contactez-nous Vous avez une question? appelez ce numéro +216 95 256 096 Retrouvez-nous sur • صوّر بيع • لوّج إشري",2026-09-03T12:55:25
tayara_6a92c95e33f4b02206bc63f5,tayara,https://www.tayara.tn/item/maisons-et-villas/ariana/la-soukra/magnifique-villa-avec-piscine-el-menzah-8/6a92c95e33f4b02206bc63f5/,vente,maison_villa,Magnifique villa avec piscine à El Menzah 8,Ariana,La Soukra,1650000.0,520.0,,,520,rez-de-chaussée,False,True,True,False,False,False,"Magnifique villa avec piscine à El Menzah 8 | Tayara Publicité Contactez-nous : +216 95 256 096 Explorer Nos boutiques ImmoNeuf Promoteurs Offres et services Votre récente recheche: Pas de recheches récentes Filtre avancé Publier une annonce Se connecter Boutiques ImmoNeuf Annonce Messages Profil Retour Accueil maisons-et-villas ariana la-soukra magnifique-villa-avec-piscine-el-menzah-8 ❯ ❮ ❯ ❮ ❯ ❮ ❯ ❮ ❯ ❮ ❯ ❮ ❯ ❮ ❯ ❮ Accueil Maisons et villas Ariana La soukra Magnifique villa avec piscine el menzah 8 Boutique newkey la soukra 47 annonce(s) LA SOUKRA Chat avec le vendeur Discuter sur WhatsApp Afficher le numéro Simulez votre crédit Nous Contacter Partager l ' annonce Signaler Magnifique villa avec piscine à El Menzah 8 1 650 000 DT immobilier Ariana , 3 hours ago Entregitrer Signaler Description New key vous propose à la vente une superbe villa idéalement située à El Menzah 8, édifiée sur un terrain de 520 m² et développant environ 340 m² bâtis sur deux niveaux.

Au rez-de-chaussée

La villa offre de beaux espaces de vie comprenant un vaste salon lumineux, une suite, une cuisine principale ainsi qu’une cuisine de service.

À l’étage

L’espace nuit se compose de trois grandes suites, offrant confort, intimité et de beaux volumes.

Les extérieurs

La propriété bénéficie d’un agréable espace extérieur comprenant :

* Un jardin
* Une piscine avec cascade
* Un garage

Une villa idéale pour une famille à la recherche de beaux volumes, de confort et d’un cadre de vie privilégié à El Menzah 8.

Contactez Newkey pour plus d’informations et pour organiser une visite. Lire plus Critères Type de transaction À Vendre Superficie 520 Salles de bains 0 Chambres 4 Vous trouverez aussi chez newkey la soukra n'a pas d'autres annonces actives Boutique newkey la soukra Chat avec le vendeur Acheter et vendre gratuitement près de chez vous Immo-Expert Aide Contactez-nous Professionnels Conditions d'utilisation Politiques relatives aux cookies Raccourcis Publier une annonce Visiter une boutique Filtres avancés Rechercher sur tayara Offres et services Bons plans Contactez-nous Vous avez une question? appelez ce numéro +216 95 256 096 Retrouvez-nous sur • صوّر بيع • لوّج إشري",2026-09-03T12:55:28
tayara_6a99582233f4b02206bf63ed,tayara,https://www.tayara.tn/item/maisons-et-villas/tunis/le-kram/on-vous-propose-pour-location-annelle-des-chambres-dhtel-s0-bien-quiper-en-1er-tage-dans-la-zone-industrielles-lac-3-le-kram/6a99582233f4b02206bf63ed/,location,maison_villa,On vous propose pour location annelle des chambres d'hôtel S0 bien équiper en 1er étage dans la zone industrielles Lac 3 Le Kram,Tunis,Le Kram,,,0,1,40,1er étage,False,False,False,False,False,False,"On vous propose pour location annelle des chambres d'hôtel S0 bien équiper en 1er étage dans la zone industrielles Lac 3 Le Kram  | Tayara Publicité Contactez-nous : +216 95 256 096 Explorer Nos boutiques ImmoNeuf Promoteurs Offres et services Votre récente recheche: Pas de recheches récentes Filtre avancé Publier une annonce Se connecter Boutiques ImmoNeuf Annonce Messages Profil Retour Accueil maisons-et-villas tunis le-kram on-vous-propose-pour-location-annelle-des-chambres-dhtel-s0-bien-quiper-en-1er-tage-dans-la-zone-industrielles-lac-3-le-kram ❯ ❮ ❯ ❮ ❯ ❮ ❯ ❮ Accueil Maisons et villas Tunis Le kram On vous propose pour location annelle des chambres dhtel s0 bien quiper en 1er tage dans la zone industrielles lac 3 le kram Boutique groupe liliame  immobiliere 41 annonce(s) Chat avec le vendeur Discuter sur WhatsApp Afficher le numéro Simulez votre crédit Nous Contacter Partager l ' annonce Signaler On vous propose pour location annelle des chambres d'hôtel S0 bien équiper en 1er étage dans la zone industrielles Lac 3 Le Kram 700 DT immobilier Tunis , 34 minutes ago Entregitrer Signaler Description Groupe Liliam Immo vous propose à la location annuelle des chambres d'hôtel S0 bien équiper en 1er étage dans la zone industrielles Lac 3 Le Kram le prix de loyer 700d/moi Pour plus d’informations, n’hésitez pas à nous contacter au numéro suivant Afficher le numéro WhatsApp
Votre projet immobilier commence avec Groupe Liliame Immo 🤝
visite sur RDV Frais 20dt commission D'agence un moi de location Lire plus Critères Type de transaction À Louer Superficie 40 Salles de bains 1 Chambres 1 Vous trouverez aussi chez groupe liliame  immobiliere n'a pas d'autres annonces actives Boutique groupe liliame  immobiliere Chat avec le vendeur Acheter et vendre gratuitement près de chez vous Immo-Expert Aide Contactez-nous Professionnels Conditions d'utilisation Politiques relatives aux cookies Raccourcis Publier une annonce Visiter une boutique Filtres avancés Rechercher sur tayara Offres et services Bons plans Contactez-nous Vous avez une question? appelez ce numéro +216 95 256 096 Retrouvez-nous sur • صوّر بيع • لوّج إشري",2026-09-03T12:55:30
tayara_6a99558233f4b02206bf6242,tayara,https://www.tayara.tn/item/maisons-et-villas/ben-arous/fouchana/villa-vendre-fouchana/6a99558233f4b02206bf6242/,vente,maison_villa,Villa à vendre Fouchana,Ben Arous,Fouchana,350000.0,310.0,,3,1,,False,True,False,False,False,False,"Villa à vendre Fouchana  | Tayara Publicité Contactez-nous : +216 95 256 096 Explorer Nos boutiques ImmoNeuf Promoteurs Offres et services Votre récente recheche: Pas de recheches récentes Filtre avancé Publier une annonce Se connecter Boutiques ImmoNeuf Annonce Messages Profil Retour Accueil maisons-et-villas ben-arous fouchana villa-vendre-fouchana ❯ ❮ ❯ ❮ ❯ ❮ ❯ ❮ ❯ ❮ ❯ ❮ ❯ ❮ ❯ ❮ Accueil Maisons et villas Ben arous Fouchana Villa vendre fouchana walid walid 2 annonce(s) Chat avec le vendeur Discuter sur WhatsApp Afficher le numéro Simulez votre crédit Partager l ' annonce Signaler Villa à vendre Fouchana 350 000 DT immobilier Ben Arous , an hour ago Entregitrer Signaler Description je mets en vente une villa d'une superficie de 310m2 fait angle dans un quartier résidentiel.
elle se compose :
02 grands salons
03 chambres à coucher
01 cuisine équipée
01 salle de bain
01 Évier
jardin de 03 côté
01 terrasse de cuisine
01 garage de voiture.
la villa est équipée de courant photovoltaïque .
titre foncier individuel
prix négociable Lire plus Critères Type de transaction À Vendre Superficie 311 Salles de bains 02 Chambres 05 walid walid Chat avec le vendeur Acheter et vendre gratuitement près de chez vous Immo-Expert Aide Contactez-nous Professionnels Conditions d'utilisation Politiques relatives aux cookies Raccourcis Publier une annonce Visiter une boutique Filtres avancés Rechercher sur tayara Offres et services Bons plans Contactez-nous Vous avez une question? appelez ce numéro +216 95 256 096 Retrouvez-nous sur • صوّر بيع • لوّج إشري",2026-09-03T12:55:34
tayara_6a99508eb6ae14216f5e783a,tayara,https://www.tayara.tn/item/maisons-et-villas/ariana/riadh-andalous/riadh-el-andalous-triplex-s4-de-haut-standing-louer/6a99508eb6ae14216f5e783a/,location,maison_villa,RIADH EL ANDALOUS : TRIPLEX S+4 DE HAUT STANDING À LOUER,Ariana,Riadh Andalous,3500.0,,4,3,200,Rez-de-chaussée,False,True,False,False,True,False,"RIADH EL ANDALOUS : TRIPLEX S+4 DE HAUT STANDING À LOUER
 | Tayara Publicité Contactez-nous : +216 95 256 096 Explorer Nos boutiques ImmoNeuf Promoteurs Offres et services Votre récente recheche: Pas de recheches récentes Filtre avancé Publier une annonce Se connecter Boutiques ImmoNeuf Annonce Messages Profil Retour Accueil maisons-et-villas ariana riadh-andalous riadh-el-andalous-triplex-s4-de-haut-standing-louer ❯ ❮ ❯ ❮ ❯ ❮ ❯ ❮ ❯ ❮ ❯ ❮ ❯ ❮ ❯ ❮ ❯ ❮ Accueil Maisons et villas Ariana Riadh andalous Riadh el andalous triplex s4 de haut standing louer hedi 1 annonce(s) Chat avec le vendeur Discuter sur WhatsApp Afficher le numéro Simulez votre crédit Partager l ' annonce Signaler RIADH EL ANDALOUS : TRIPLEX S+4 DE HAUT STANDING À LOUER immobilier Ariana , an hour ago Entregitrer Signaler Description 📍 RIADH EL ANDALOUS : MAGNIFIQUE TRIPLEX S+4 DE HAUT STANDING À LOUER

L’agence #MON_RÉSEAU vous propose à la location un triplex S+4 de haut standing, situé dans une résidence gardée et sécurisée, à proximité de toutes les commodités.

Il se compose de :

🔹 Rez-de-chaussée :

* Un salon ouvrant sur un jardin
* Une cuisine équipée (plaque et hotte)
* Une salle d’eau pour les invités
* Un débarras

🔹 1er étage :

* Trois chambres à coucher avec dressings
* Une salle d’eau avec douche

🔹 2ème étage :

* Une suite parentale avec terrasse

✨ Le triplex est équipé du chauffage central et dispose de 6 Climatiseurs et deux places de parking.

Prix de location: 3500 dinars

Pour de plus amples informations veuillez contacter nos  conseillères en immobilier :

☎️Téléphone  : Afficher le numéro 📭WhatsApp : ⁨⁨ Afficher le numéro 📧E-mail : [email protected] Lire plus Critères Type de transaction À Louer Superficie 200 Salles de bains 3 Chambres 4 hedi Chat avec le vendeur Acheter et vendre gratuitement près de chez vous Immo-Expert Aide Contactez-nous Professionnels Conditions d'utilisation Politiques relatives aux cookies Raccourcis Publier une annonce Visiter une boutique Filtres avancés Rechercher sur tayara Offres et services Bons plans Contactez-nous Vous avez une question? appelez ce numéro +216 95 256 096 Retrouvez-nous sur • صوّر بيع • لوّج إشري",2026-09-03T12:55:37
tayara_6a86de88374b022e6dcda04b,tayara,https://www.tayara.tn/item/maisons-et-villas/tunis/ain-zaghouan-nord/etage-de-villa-s3-neuf-avec-jardin-louer-ain-zaghouan-nord/6a86de88374b022e6dcda04b/,location,maison_villa,Etage de villa S+3 neuf avec jardin à louer à Ain Zaghouan nord,Tunis,Ain Zaghouan Nord,3200.0,,3,3,326,,False,False,False,False,False,False,"Etage de villa S+3 neuf avec jardin à louer à Ain Zaghouan nord | Tayara Publicité Contactez-nous : +216 95 256 096 Explorer Nos boutiques ImmoNeuf Promoteurs Offres et services Votre récente recheche: Pas de recheches récentes Filtre avancé Publier une annonce Se connecter Boutiques ImmoNeuf Annonce Messages Profil Retour Accueil maisons-et-villas tunis ain-zaghouan-nord etage-de-villa-s3-neuf-avec-jardin-louer-ain-zaghouan-nord ❯ ❮ ❯ ❮ ❯ ❮ ❯ ❮ ❯ ❮ ❯ ❮ ❯ ❮ Accueil Maisons et villas Tunis Ain zaghouan nord Etage de villa s3 neuf avec jardin louer ain zaghouan nord Boutique newkey la soukra 47 annonce(s) LA SOUKRA Chat avec le vendeur Discuter sur WhatsApp Afficher le numéro Simulez votre crédit Nous Contacter Partager l ' annonce Signaler Etage de villa S+3 neuf avec jardin à louer à Ain Zaghouan nord 3 200 DT immobilier Tunis , 2 hours ago Entregitrer Signaler Description New Key La Soukra met à la location un superbe étage de villa avec entrée indépendante (en cours de finition).

Découvrez ce magnifique étage de villa offrant de belles prestations : entrée indépendante, abri pour 2 voitures, grand jardin faisant le tour de la villa et terrasses en marbre.

Il se compose d’un vaste salon lumineux, d’une cuisine, d’une salle d’eau invités, d’une suite parentale avec dressing et salle de douche privative, ainsi que de deux grandes chambres à coucher se partageant une salle de bain.

Les espaces sont généreux, lumineux et parfaitement agencés.

Disponible fin du mois. Lire plus Critères Type de transaction À Louer Superficie 326 Salles de bains 0 Chambres 3 Vous trouverez aussi chez newkey la soukra n'a pas d'autres annonces actives Boutique newkey la soukra Chat avec le vendeur Acheter et vendre gratuitement près de chez vous Immo-Expert Aide Contactez-nous Professionnels Conditions d'utilisation Politiques relatives aux cookies Raccourcis Publier une annonce Visiter une boutique Filtres avancés Rechercher sur tayara Offres et services Bons plans Contactez-nous Vous avez une question? appelez ce numéro +216 95 256 096 Retrouvez-nous sur • صوّر بيع • لوّج إشري",2026-09-03T12:55:39
tayara_6a9957a7b6ae14216f5e7d1a,tayara,https://www.tayara.tn/item/maisons-et-villas/tunis/menzah/el-menzah-1-opportunit-rare-villa-vendre-el-menzah-1/6a9957a7b6ae14216f5e7d1a/,vente,maison_villa,EL MENZAH 1 : OPPORTUNITÉ RARE – VILLA À VENDRE À EL MENZAH 1,Tunis,Menzah,,1079.0,,4,1079,,False,False,False,False,False,False,"EL MENZAH 1 : OPPORTUNITÉ RARE – VILLA À VENDRE À EL MENZAH 1
 | Tayara Publicité Contactez-nous : +216 95 256 096 Explorer Nos boutiques ImmoNeuf Promoteurs Offres et services Votre récente recheche: Pas de recheches récentes Filtre avancé Publier une annonce Se connecter Boutiques ImmoNeuf Annonce Messages Profil Retour Accueil maisons-et-villas tunis menzah el-menzah-1-opportunit-rare-villa-vendre-el-menzah-1 Accueil Maisons et villas Tunis Menzah El menzah 1 opportunit rare villa vendre el menzah 1 chaima 1 annonce(s) Chat avec le vendeur Discuter sur WhatsApp Afficher le numéro Simulez votre crédit Partager l ' annonce Signaler EL MENZAH 1 : OPPORTUNITÉ RARE – VILLA À VENDRE À EL MENZAH 1 immobilier Tunis , 37 minutes ago Entregitrer Signaler Description EL MENZAH 1 : OPPORTUNITÉ RARE – VILLA À VENDRE À EL MENZAH 1

L'Agence Mon_Réseau Immobilier vous propose a la vente superbe villa idéalement située à El Menzah 4, dans un quartier calme, résidentiel et très recherché.

📐 Terrain : 1079 m²
🏠 Surface bâtie : 400 m²

✔ Idéalement pour une famille
✔ Excellent potentiel pour investisseurs
✔ Titre individuel en règle

🌿 Un cadre de vie privilégié au cœur d’El Menzah 1, alliant espace, confort et emplacement stratégique.

📞 Pour plus d’informations ou pour organiser une visite :Téléphone/WhatsApp: Afficher le numéro #VillaAVendre #ElMenzah1 #ImmobilierTunisie #MonReseauImmobilier #InvestissementImmobilier #VillaDeStanding #OpportunitéImmobilière Lire plus Critères Type de transaction À Vendre Superficie 1079 Salles de bains 4 Chambres 7 chaima Chat avec le vendeur Acheter et vendre gratuitement près de chez vous Immo-Expert Aide Contactez-nous Professionnels Conditions d'utilisation Politiques relatives aux cookies Raccourcis Publier une annonce Visiter une boutique Filtres avancés Rechercher sur tayara Offres et services Bons plans Contactez-nous Vous avez une question? appelez ce numéro +216 95 256 096 Retrouvez-nous sur • صوّر بيع • لوّج إشري",2026-09-03T12:55:41
tayara_6a3a4ea5b2b93a99b97656c8,tayara,https://www.tayara.tn/item/maisons-et-villas/tunis/gammarth/magnifique-villa-gammarth-avec-piscine-et-une-vue-dgage/6a3a4ea5b2b93a99b97656c8/,location,maison_villa,Magnifique villa à Gammarth avec piscine et une vue dégagée,Tunis,Gammarth,7000.0,500.0,3,3,480,rez-de-chaussée,False,True,True,False,False,False,"Magnifique villa à Gammarth avec piscine et une vue dégagée | Tayara Publicité Contactez-nous : +216 95 256 096 Explorer Nos boutiques ImmoNeuf Promoteurs Offres et services Votre récente recheche: Pas de recheches récentes Filtre avancé Publier une annonce Se connecter Boutiques ImmoNeuf Annonce Messages Profil Retour Accueil maisons-et-villas tunis gammarth magnifique-villa-gammarth-avec-piscine-et-une-vue-dgage ❯ ❮ ❯ ❮ ❯ ❮ ❯ ❮ ❯ ❮ ❯ ❮ ❯ ❮ ❯ ❮ ❯ ❮ Accueil Maisons et villas Tunis Gammarth Magnifique villa gammarth avec piscine et une vue dgage Boutique newkey la marsa 47 annonce(s) N: 17 Ali Belhaouane- La marsa Chat avec le vendeur Discuter sur WhatsApp Afficher le numéro Simulez votre crédit Nous Contacter Partager l ' annonce Signaler Magnifique villa à Gammarth avec piscine et une vue dégagée 7 000 DT immobilier Tunis , 2 hours ago Entregitrer Signaler Description NewKey La Marsa vous propose à la location une magnifique villa S+3 située dans un quartier résidentiel calme à Gammarth ,èdifiée sur trois niveaux et implantée sur un terrain de 500 m².
Le rez-de-chaussée se compose d’un vaste salon-salle à manger ouvrant sur le jardin, d’une cuisine richement équipée, d’une salle d’eau pour les invités ainsi que d’une chambre de service.
À l’étage, vous trouverez deux chambres à coucher partageant une salle de bain commune ainsi qu’une suite parentale bénéficiant d’une vue dégagée.
Le dernier niveau accueille une belle terrasse aménagée avec piscine et une superbe vue sur la mer.
Au sous-sol, la villa dispose d’un garage pouvant accueillir deux voitures ainsi que de deux celliers.
Référence : 9229A Lire plus Critères Type de transaction À Louer Superficie 480 Salles de bains 0 Chambres 4 Vous trouverez aussi chez newkey la marsa n'a pas d'autres annonces actives Boutique newkey la marsa Chat avec le vendeur Acheter et vendre gratuitement près de chez vous Immo-Expert Aide Contactez-nous Professionnels Conditions d'utilisation Politiques relatives aux cookies Raccourcis Publier une annonce Visiter une boutique Filtres avancés Rechercher sur tayara Offres et services Bons plans Contactez-nous Vous avez une question? appelez ce numéro +216 95 256 096 Retrouvez-nous sur • صوّر بيع • لوّج إشري",2026-09-03T12:55:44
tayara_6a5f82387b31d9554f42439e,tayara,https://www.tayara.tn/item/maisons-et-villas/ariana/chotrana-3/villa-moderne-714-m-la-soukra-ariana-avec-piscine-dbordement-et-grand-jardin-vente-directe-propritaire/6a5f82387b31d9554f42439e/,vente,maison_villa,Villa moderne 714 m² La Soukra Ariana avec piscine à débordement et grand jardin – Vente directe propriétaire,Ariana,Chotrana 3,950000.0,714.0,,2,714,rez-de-chaussée,False,True,True,True,True,False,"Villa moderne 714 m² La Soukra Ariana avec piscine à débordement et grand jardin – Vente directe propriétaire | Tayara Publicité Contactez-nous : +216 95 256 096 Explorer Nos boutiques ImmoNeuf Promoteurs Offres et services Votre récente recheche: Pas de recheches récentes Filtre avancé Publier une annonce Se connecter Boutiques ImmoNeuf Annonce Messages Profil Retour Accueil maisons-et-villas ariana chotrana-3 villa-moderne-714-m-la-soukra-ariana-avec-piscine-dbordement-et-grand-jardin-vente-directe-propritaire ❯ ❮ Accueil Maisons et villas Ariana Chotrana 3 Villa moderne 714 m la soukra ariana avec piscine dbordement et grand jardin vente directe propritaire afra b 1 annonce(s) Chat avec le vendeur Discuter sur WhatsApp Afficher le numéro Simulez votre crédit Partager l ' annonce Signaler Villa moderne 714 m² La Soukra Ariana avec piscine à débordement et grand jardin – Vente directe propriétaire 950 000 DT immobilier Ariana , 4 days ago Entregitrer Signaler Description À vendre, superbe villa moderne de 250 m² bâtis sur un terrain de 714 m², proposée en vente directe par le propriétaire, sans frais d’agence.
Au rez-de-chaussée, vous bénéficiez d’un vaste espace de vie comprenant salon, salle à manger et séjour ouverts sur le jardin. La cuisine entièrement équipée allie design et praticité. Une salle d’eau avec douche complète ce niveau.
À l’étage, la villa propose trois chambres, dont une très grande chambre de 49 m² avec une belle luminosité et une vue dégagée, ainsi qu’une salle de bain.
À l’extérieur, profitez d’un jardin paysager et d’une magnifique piscine à débordement (10 x 5 m), idéale pour vos moments de détente. Un garage spacieux pouvant accueillir jusqu’à 4 véhicules vient compléter ce bien.
Équipements : panneaux photovoltaïques, climatisation et chauffage central pour un confort optimal toute l’année.
Bien rare, idéal pour résidence principale ou investissement.
Téléphone: Afficher le numéro Whats app: Afficher le numéro Lire plus Critères Type de transaction À Vendre Superficie 714 Salles de bains 2 Chambres 7 afra b Chat avec le vendeur Acheter et vendre gratuitement près de chez vous Immo-Expert Aide Contactez-nous Professionnels Conditions d'utilisation Politiques relatives aux cookies Raccourcis Publier une annonce Visiter une boutique Filtres avancés Rechercher sur tayara Offres et services Bons plans Contactez-nous Vous avez une question? appelez ce numéro +216 95 256 096 Retrouvez-nous sur • صوّر بيع • لوّج إشري",2026-09-03T12:55:47
tayara_6a99522db6ae14216f5e7961,tayara,https://www.tayara.tn/item/maisons-et-villas/ariana/chotrana-3/chotrana-3-etage-de-villa-s2-a-louer/6a99522db6ae14216f5e7961/,location,maison_villa,CHOTRANA 3 :  ETAGE DE VILLA S+2 A LOUER,Ariana,Chotrana 3,1250.0,,2,2,130,,False,False,False,False,True,False,"CHOTRANA 3 :  ETAGE DE VILLA S+2 A LOUER
 | Tayara Publicité Contactez-nous : +216 95 256 096 Explorer Nos boutiques ImmoNeuf Promoteurs Offres et services Votre récente recheche: Pas de recheches récentes Filtre avancé Publier une annonce Se connecter Boutiques ImmoNeuf Annonce Messages Profil Retour Accueil maisons-et-villas ariana chotrana-3 chotrana-3-etage-de-villa-s2-a-louer ❯ ❮ ❯ ❮ ❯ ❮ ❯ ❮ ❯ ❮ ❯ ❮ ❯ ❮ ❯ ❮ ❯ ❮ Accueil Maisons et villas Ariana Chotrana 3 Chotrana 3 etage de villa s2 a louer yasmine souissi 1 annonce(s) Chat avec le vendeur Discuter sur WhatsApp Afficher le numéro Simulez votre crédit Partager l ' annonce Signaler CHOTRANA 3 :  ETAGE DE VILLA S+2 A LOUER 1 250 DT immobilier Ariana , an hour ago Entregitrer Signaler Description 📍 CHOTRANA 3 :  ETAGE DE VILLA S+2 A LOUER

L'Agence Mon_Réseau Immobilier vous propose a la location un spacieux étage de villa S+2 idéalement situé, dans un quartier résidentiel calme, sécurisé et proche de toutes les commodités.

✨ Composition :

• Un salon lumineux et spacieux offrant un cadre de vie agréable avec balcon 
• Deux  chambres à coucher avec dressing 
• Une cuisine équipée spacieuse avec séchoir 
• Une salle de bain

🚗 Équipements & atouts :
• Chauffage central
Place pour voiture en Abri 
• Quartier résidentiel et bon voisinage

💰 Loyer : 1 250  dinars

📞 Contactez-nous dès maintenant pour une visite !

☎️Téléphone  : Afficher le numéro 📭WhatsApp : ⁨⁨ Afficher le numéro 📧E-mail : [email protected] Lire plus Critères Type de transaction À Louer Superficie 130 Salles de bains 2 Chambres 2 yasmine souissi Chat avec le vendeur Acheter et vendre gratuitement près de chez vous Immo-Expert Aide Contactez-nous Professionnels Conditions d'utilisation Politiques relatives aux cookies Raccourcis Publier une annonce Visiter une boutique Filtres avancés Rechercher sur tayara Offres et services Bons plans Contactez-nous Vous avez une question? appelez ce numéro +216 95 256 096 Retrouvez-nous sur • صوّر بيع • لوّج إشري",2026-09-03T12:55:50
tayara_6a9940ceb6ae14216f5e6cff,tayara,https://www.tayara.tn/item/maisons-et-villas/nabeul/hammamet/maison-piscine-hammamet-lanne-direct-propritaire/6a9940ceb6ae14216f5e6cff/,location,maison_villa,Maison piscine Hammamet à l’année direct propriétaire,Nabeul,Hammamet,4000.0,500.0,,4,500,,False,False,True,False,False,False,"Maison piscine Hammamet à l’année direct propriétaire  | Tayara Publicité Contactez-nous : +216 95 256 096 Explorer Nos boutiques ImmoNeuf Promoteurs Offres et services Votre récente recheche: Pas de recheches récentes Filtre avancé Publier une annonce Se connecter Boutiques ImmoNeuf Annonce Messages Profil Retour Accueil maisons-et-villas nabeul hammamet maison-piscine-hammamet-lanne-direct-propritaire ❯ ❮ ❯ ❮ ❯ ❮ ❯ ❮ ❯ ❮ ❯ ❮ ❯ ❮ ❯ ❮ ❯ ❮ ❯ ❮ ❯ ❮ Accueil Maisons et villas Nabeul Hammamet Maison piscine hammamet lanne direct propritaire skander dhaoui 2 annonce(s) Chat avec le vendeur Discuter sur WhatsApp Afficher le numéro Simulez votre crédit Partager l ' annonce Signaler Maison piscine Hammamet à l’année direct propriétaire 4 000 DT immobilier Nabeul , 2 hours ago Entregitrer Signaler Description 🏡 À LOUER À L’ANNÉE – HAMMAMET 🌴☀️

Magnifique maison située dans un quartier résidentiel privilégié à Hammamet, à proximité immédiate de l’hôtel La Badira.

✨ La maison comprend :
🏠 3 belles suites
🏊‍♀️ Piscine privée
🌿 500 m² de terrain
✨ Maison spacieuse, moderne et confortable
📍 Excellent emplacement – à côté de La Badira

💰 Location à l’année : 4 000 DT / mois

📞 Pour plus d’informations ou pour une visite : Afficher le numéro 🔑 Une belle opportunité pour profiter de Hammamet toute l’année dans un cadre calme et agréable. Lire plus Critères Type de transaction À Louer Superficie 500 Salles de bains 4 Chambres 3 skander dhaoui Chat avec le vendeur Acheter et vendre gratuitement près de chez vous Immo-Expert Aide Contactez-nous Professionnels Conditions d'utilisation Politiques relatives aux cookies Raccourcis Publier une annonce Visiter une boutique Filtres avancés Rechercher sur tayara Offres et services Bons plans Contactez-nous Vous avez une question? appelez ce numéro +216 95 256 096 Retrouvez-nous sur • صوّر بيع • لوّج إشري",2026-09-03T12:55:53
tayara_6a995531b6ae14216f5e7b54,tayara,https://www.tayara.tn/item/maisons-et-villas/tunis/mutuelleville/mutuelle-ville-villa-dexception-s8-vendre/6a995531b6ae14216f5e7b54/,vente,maison_villa,MUTUELLE VILLE | VILLA D’EXCEPTION S+8 À VENDRE,Tunis,Mutuelleville,,515.0,8,4,515,,False,True,False,False,False,False,"MUTUELLE VILLE | VILLA D’EXCEPTION S+8 À VENDRE | Tayara Publicité Contactez-nous : +216 95 256 096 Explorer Nos boutiques ImmoNeuf Promoteurs Offres et services Votre récente recheche: Pas de recheches récentes Filtre avancé Publier une annonce Se connecter Boutiques ImmoNeuf Annonce Messages Profil Retour Accueil maisons-et-villas tunis mutuelleville mutuelle-ville-villa-dexception-s8-vendre ❯ ❮ ❯ ❮ ❯ ❮ ❯ ❮ ❯ ❮ ❯ ❮ ❯ ❮ ❯ ❮ ❯ ❮ Accueil Maisons et villas Tunis Mutuelleville Mutuelle ville villa dexception s8 vendre chayma 1 annonce(s) Chat avec le vendeur Discuter sur WhatsApp Afficher le numéro Simulez votre crédit Partager l ' annonce Signaler MUTUELLE VILLE | VILLA D’EXCEPTION S+8 À VENDRE immobilier Tunis , an hour ago Entregitrer Signaler Description 📍 MUTUELLE VILLE | VILLA D’EXCEPTION S+8 À VENDRE

L’Agence MON RÉSEAU IMMOBILIER vous invite à découvrir une opportunité rare au cœur de Mutuelle Ville, l’un des quartiers les plus prestigieux, résidentiels et recherchés de Tunis.
Érigée sur un terrain isolé de 515 m² et développant 440 m² de surface bâtie, cette villa sur deux niveaux indépendants séduit par ses volumes généreux, sa luminosité et son remarquable potentiel d’exploitation.
Que vous recherchiez une résidence familiale de standing, un investissement patrimonial sécurisé ou un bien à fort potentiel de valorisation, cette propriété répond à toutes les attentes. Grâce à sa vocation R+2, elle offre de nombreuses possibilités d’aménagement ou d’extension, faisant de cette villa un investissement d’avenir.
Caractéristiques

📐 Terrain : 515 m²�🏠 Surface bâtie : 440 m²�🏡 Villa sur deux niveaux indépendants 

(possibilité de communication entre les deux)
Chaque niveau comprend :
✔️ Un vaste salon baigné de lumière naturelle�
✔️ Quatre chambres confortables�
✔️ Une cuisine fonctionnelle�
✔️ Une salle de bain et une salle d’eau�
✔️ Des terrasses agréables
Les extérieurs
🌿 Jardin privatif idéal pour les moments de détente�🚗 Grand garage pouvant accueillir jusqu’à 5 véhicules
�🏡 Studio indépendant
�🌞 Grande terrasse
Les atouts qui font la différence
✨ Emplacement premium à Mutuelle Ville�
✨ Quartier calme, sécurisé et à forte valeur immobilière
�✨ Compteurs STEG et SONEDE indépendants pour chaque étage
�✨ Vocation R+2, offrant un excellent potentiel de développement
�✨ Bien rare sur le marché, idéal aussi bien pour une grande famille que pour un investisseur exigeant

💰 Prix : SUR DEMANDE 

📞 Ne laissez pas passer cette opportunité unique. Contactez MON RÉSEAU IMMOBILIER dès aujourd’hui pour organiser une visite et découvrir tout le potentiel de cette adresse d’exception.

☎️ Téléphone & WhatsApp : Afficher le numéro �📧 E-mail : [email protected] Lire plus Critères Type de transaction À Vendre Superficie 515 Salles de bains 4 Chambres 8 chayma Chat avec le vendeur Acheter et vendre gratuitement près de chez vous Immo-Expert Aide Contactez-nous Professionnels Conditions d'utilisation Politiques relatives aux cookies Raccourcis Publier une annon",2026-09-03T12:55:55
tayara_6a86bc7586fe4424fc34b572,tayara,https://www.tayara.tn/item/maisons-et-villas/tunis/el-manar-2/a-louer-villa-spacieuse-avec-piscine-manar-2/6a86bc7586fe4424fc34b572/,location,maison_villa,A Louer villa spacieuse avec piscine à Manar 2,Tunis,El Manar 2,4200.0,,,3,400,Rez-de-chaussée,False,False,True,False,True,False,"A Louer villa spacieuse avec piscine à Manar 2 | Tayara Publicité Contactez-nous : +216 95 256 096 Explorer Nos boutiques ImmoNeuf Promoteurs Offres et services Votre récente recheche: Pas de recheches récentes Filtre avancé Publier une annonce Se connecter Boutiques ImmoNeuf Annonce Messages Profil Retour Accueil maisons-et-villas tunis el-manar-2 a-louer-villa-spacieuse-avec-piscine-manar-2 ❯ ❮ ❯ ❮ ❯ ❮ ❯ ❮ ❯ ❮ ❯ ❮ ❯ ❮ ❯ ❮ ❯ ❮ ❯ ❮ ❯ ❮ Accueil Maisons et villas Tunis El manar 2 A louer villa spacieuse avec piscine manar 2 Boutique good life 39 annonce(s) 106 bis Avenue de Carthage Aïn Zaghouan 2045 Tunis, Tunisie Chat avec le vendeur Discuter sur WhatsApp Afficher le numéro Simulez votre crédit Nous Contacter Partager l ' annonce Signaler A Louer villa spacieuse avec piscine à Manar 2 4 200 DT immobilier Tunis , 6 days ago Entregitrer Signaler Description L'agence immobilière good life vous propose à la location une villa spacieuse et bien située dans un quartier calme de Manar 2.
Les espaces sont répartis de la façon suivante :
Au Rez-de-chaussée, on trouve un grand salon, un séjour, une grande cuisine rénovée et une salle d'eau avec douche.
Au premier étage une 1 suite parentale, 3 chambres et une salle de bain.
Au sous-sol une cuisine d'appoint, 3 pièces et un garde manger.
La maison est équipée de Splits et chauffage central dans la majorité des pièces
Piscine, petit jardin, loge gardien et abri pour 3 voitures.

Loyer: 4200 dinars

Pour prendre rendez-vous, veuillez contacter Sélima Dellagi par téléphone ou par WhatsApp au Afficher le numéro . Lire plus Critères Type de transaction À Louer Superficie 400 Salles de bains 3 Chambres 7 Vous trouverez aussi chez good life n'a pas d'autres annonces actives Boutique good life Chat avec le vendeur Acheter et vendre gratuitement près de chez vous Immo-Expert Aide Contactez-nous Professionnels Conditions d'utilisation Politiques relatives aux cookies Raccourcis Publier une annonce Visiter une boutique Filtres avancés Rechercher sur tayara Offres et services Bons plans Contactez-nous Vous avez une question? appelez ce numéro +216 95 256 096 Retrouvez-nous sur • صوّر بيع • لوّج إشري",2026-09-03T12:55:59
tayara_6a99597233f4b02206bf64c3,tayara,https://www.tayara.tn/item/maisons-et-villas/sousse/kantaoui/villa-spacieuse-avec-piscine-kantaoui-narjess/6a99597233f4b02206bf64c3/,location,maison_villa,Villa Spacieuse avec Piscine à Kantaoui Narjess,Sousse,Kantaoui,3500.0,600.0,,1,600,rez de chaussée,False,True,True,True,True,False,"Villa Spacieuse avec Piscine à Kantaoui Narjess  | Tayara Publicité Contactez-nous : +216 95 256 096 Explorer Nos boutiques ImmoNeuf Promoteurs Offres et services Votre récente recheche: Pas de recheches récentes Filtre avancé Publier une annonce Se connecter Boutiques ImmoNeuf Annonce Messages Profil Retour Accueil maisons-et-villas sousse kantaoui villa-spacieuse-avec-piscine-kantaoui-narjess ❯ ❮ ❯ ❮ ❯ ❮ ❯ ❮ ❯ ❮ ❯ ❮ ❯ ❮ ❯ ❮ Accueil Maisons et villas Sousse Kantaoui Villa spacieuse avec piscine kantaoui narjess Boutique immobiliere du lac 59 annonce(s) Chat avec le vendeur Discuter sur WhatsApp Afficher le numéro Simulez votre crédit Nous Contacter Partager l ' annonce Signaler Villa Spacieuse avec Piscine à Kantaoui Narjess 3 500 DT immobilier Sousse , 29 minutes ago Entregitrer Signaler Description jardin autour plus piscine ,belle villa spacieuse sans meubles 600 m² de surface
habitable répartis en 3 niveaux ,sous-sol ,rez de chaussée et 1 ètage .
villa sans meubles mise à la location , comprend un sous-sol dont une partie garage pour 2 voitures, salon marocain,1 chambre , salle d'eau ,dressings cuisine . rez de chaussée composé d'un salon,séjour , 1 suite invités salle à manger ,cuisine agencée ,salle d'eau . à l'étage une suite parents ,3 chambres
salles de bain,dressings ,terrasses ,chauffage central et climatisation .prix
demandé 3500 dt .infos et visite s'adresser à l'immobilière du lac h-sousse
au Afficher le numéro où Afficher le numéro et Afficher le numéro . Lire plus Critères Type de transaction À Louer Superficie 600 Salles de bains 6 Chambres 6 Vous trouverez aussi chez immobiliere du lac n'a pas d'autres annonces actives Boutique immobiliere du lac Chat avec le vendeur Acheter et vendre gratuitement près de chez vous Immo-Expert Aide Contactez-nous Professionnels Conditions d'utilisation Politiques relatives aux cookies Raccourcis Publier une annonce Visiter une boutique Filtres avancés Rechercher sur tayara Offres et services Bons plans Contactez-nous Vous avez une question? appelez ce numéro +216 95 256 096 Retrouvez-nous sur • صوّر بيع • لوّج إشري",2026-09-03T12:56:01
tayara_6a73443f6ef0e97a6c1714ff,tayara,https://www.tayara.tn/item/maisons-et-villas/tunis/lac-1/a-louer-une-magnifique-villa-s3-de-style-duplex-entoure-de-deux-jardins-bnficie-dun-emplacement-privilgi-au-lac-1/6a73443f6ef0e97a6c1714ff/,location,maison_villa,A louer une magnifique villa S+3 de style duplex entourée de deux jardins bénéficie d'un emplacement privilégié au Lac 1,Tunis,Lac 1,3000.0,,3,3,200,rez-de-chaussée,False,True,False,True,True,False,"A louer une magnifique villa S+3 de style duplex entourée de deux jardins bénéficie d'un emplacement privilégié au Lac 1 | Tayara Publicité Contactez-nous : +216 95 256 096 Explorer Nos boutiques ImmoNeuf Promoteurs Offres et services Votre récente recheche: Pas de recheches récentes Filtre avancé Publier une annonce Se connecter Boutiques ImmoNeuf Annonce Messages Profil Retour Accueil maisons-et-villas tunis lac-1 a-louer-une-magnifique-villa-s3-de-style-duplex-entoure-de-deux-jardins-bnficie-dun-emplacement-privilgi-au-lac-1 ❯ ❮ ❯ ❮ ❯ ❮ ❯ ❮ ❯ ❮ ❯ ❮ ❯ ❮ ❯ ❮ ❯ ❮ Accueil Maisons et villas Tunis Lac 1 A louer une magnifique villa s3 de style duplex entoure de deux jardins bnficie dun emplacement privilgi au lac 1 Boutique groupe liliame  immobiliere 41 annonce(s) Chat avec le vendeur Discuter sur WhatsApp Afficher le numéro Simulez votre crédit Nous Contacter Partager l ' annonce Signaler A louer une magnifique villa S+3 de style duplex entourée de deux jardins bénéficie d'un emplacement privilégié au Lac 1 3 000 DT immobilier Tunis , 29 minutes ago Entregitrer Signaler Description 🏡 Le Groupe Liliame Immobilière vous propose à la location annuelle une magnifique villa duplex S+3 au Lac 1.
Située dans l'un des quartiers les plus prestigieux du Lac 1, cette élégante villa de style duplex bénéficie d'un emplacement privilégié. Elle dispose de deux entrées indépendantes, ouvre sur deux rues et est entourée de deux jardins privatifs, offrant un cadre de vie agréable, calme et sécurisé.
Composition de la villa :
Au rez-de-chaussée :
Un grand salon lumineux.
Une cuisine indépendante, entièrement équipée.
Une salle d'eau pour les invités.
À l'étage :
Deux chambres à coucher.
Une salle de bains.
Une suite parentale avec sa salle de bains.
Équipements :
Climatisation dans toutes les pièces.
Chauffage central.
Gaz de ville.
Deux jardins, un de chaque côté de la villa.
Places de parking privatives à l'extérieur des jardins.
Cette villa est idéale pour une famille ou pour une résidence de haut standing, grâce à son excellent emplacement, ses prestations de qualité et son environnement résidentiel recherché. prix de location 3000dt/moi 
Pour plus d'informations ou pour organiser une visite, contactez Le Groupe Liliame Immobilière Afficher le numéro visite sur RDV frais 20dt commission d'agence un moi de location Lire plus Critères Type de transaction À Louer Superficie 200 Salles de bains 3 Chambres 3 Vous trouverez aussi chez groupe liliame  immobiliere n'a pas d'autres annonces actives Boutique groupe liliame  immobiliere Chat avec le vendeur Acheter et vendre gratuitement près de chez vous Immo-Expert Aide Contactez-nous Professionnels Conditions d'utilisation Politiques relatives aux cookies Raccourcis Publier une annonce Visiter une boutique Filtres avancés Rechercher sur tayara Offres et services Bons plans Contactez-nous Vous avez une question? appelez ce numéro +216 95 256 096 Retrouvez-nous sur • صوّر بيع • لوّج إشري",2026-09-03T12:56:03
tayara_6a0d958ee853e69bec04ec09,tayara,https://www.tayara.tn/item/maisons-et-villas/sousse/akouda/a-vendre-villa-inacheve-chatt-meriem/6a0d958ee853e69bec04ec09/,location,maison_villa,A vendre villa inachevée à Chatt meriem,Sousse,Akouda,950000.0,1518.0,,,1518,,False,False,False,False,False,False,"A vendre villa inachevée à Chatt meriem | Tayara Publicité Contactez-nous : +216 95 256 096 Explorer Nos boutiques ImmoNeuf Promoteurs Offres et services Votre récente recheche: Pas de recheches récentes Filtre avancé Publier une annonce Se connecter Boutiques ImmoNeuf Annonce Messages Profil Retour Accueil maisons-et-villas sousse akouda a-vendre-villa-inacheve-chatt-meriem ❯ ❮ ❯ ❮ ❯ ❮ ❯ ❮ ❯ ❮ Accueil Maisons et villas Sousse Akouda A vendre villa inacheve chatt meriem Boutique agence immobiliere el kantaoui 40 annonce(s) Agence Immobilière Kantaoui, Avenue 14 Janvier à coté de Hôtel Hana palace Chat avec le vendeur Discuter sur WhatsApp Afficher le numéro Simulez votre crédit Nous Contacter Partager l ' annonce Signaler A vendre villa inachevée à Chatt meriem 950 000 DT immobilier Sousse , 23 minutes ago Entregitrer Signaler Description Bonne Occasion Pour les Investisseurs A Rmila-Sousse
Résidence hôtelière en cours de finition offrant une architecture élégante et un fort potentiel d’investissement nichée sur un terrain de 1518m² avec un couvert de 450m². Ce projet moderne se distingue par ses façades avec arcades, ses volumes généreux et sa conception idéale pour une exploitation touristique ou locative.
Les appartements bénéficient d’une excellente luminosité, d’espaces bien répartis et d’une structure déjà avancée, permettant de personnaliser les finitions selon vos envies. Situé à Rmila dans un environnement calme et prometteur, ce bien représente une opportunité rare pour investisseurs ou particuliers recherchant un projet à forte valeur ajoutée.
Structure neuve et moderne
Grand potentiel de rentabilité
Possibilité de personnalisation des finitions
Idéal pour résidence hôtelière, Airbnb ou location saisonnière
Prix attractif avant fin des travaux: 950.000 DT
N’hésitez pas à nous contacter pour obtenir plus d’informations ou pour organiser une visite
Plus de détails : Afficher le numéro / Afficher le numéro www.kantaouiimmo.com
#louer #appartement #locationImmobilière #logementÀLouer #agenceimmobiliere Lire plus Critères Type de transaction À Vendre Superficie 1518 Salles de bains 0 Chambres 0 Vous trouverez aussi chez agence immobiliere el kantaoui n'a pas d'autres annonces actives Boutique agence immobiliere el kantaoui Chat avec le vendeur Acheter et vendre gratuitement près de chez vous Immo-Expert Aide Contactez-nous Professionnels Conditions d'utilisation Politiques relatives aux cookies Raccourcis Publier une annonce Visiter une boutique Filtres avancés Rechercher sur tayara Offres et services Bons plans Contactez-nous Vous avez une question? appelez ce numéro +216 95 256 096 Retrouvez-nous sur • صوّر بيع • لوّج إشري",2026-09-03T12:56:05
tayara_6a9160a3b6ae14216f5ae0d4,tayara,https://www.tayara.tn/item/maisons-et-villas/ben-arous/boumhel/a-louer-une-villa-commerciale-boumhal/6a9160a3b6ae14216f5ae0d4/,location,maison_villa,A louer une villa Commerciale à Boumhal,Ben Arous,Boumhel,3500.0,,,4,600,rez-de-chaussée,False,True,False,False,False,False,"A louer une villa Commerciale à Boumhal | Tayara Publicité Contactez-nous : +216 95 256 096 Explorer Nos boutiques ImmoNeuf Promoteurs Offres et services Votre récente recheche: Pas de recheches récentes Filtre avancé Publier une annonce Se connecter Boutiques ImmoNeuf Annonce Messages Profil Retour Accueil maisons-et-villas ben-arous boumhel a-louer-une-villa-commerciale-boumhal Accueil Maisons et villas Ben arous Boumhel A louer une villa commerciale boumhal Boutique méditerrané boumhal 15 annonce(s) Avenue de L'environnement, Boumhel Chat avec le vendeur Discuter sur WhatsApp Afficher le numéro Simulez votre crédit Nous Contacter Partager l ' annonce Signaler A louer une villa Commerciale à Boumhal 3 500 DT immobilier Ben Arous , 3 hours ago Entregitrer Signaler Description La Méditerranée Immobilière vous propose à la location une grande villa R+2 située à Boumhel Bessetine dans un emplacement stratégique, proche de toutes les commodités et des principaux axes de circulation. Cette propriété offre un excellent potentiel aussi bien pour une habitation familiale que pour une activité professionnelle ou commerciale, notamment une école, un jardin d’enfants, un workspace, un centre de formation ou toute autre activité adaptée. La villa se compose d’un rez-de-jardin spacieux, d’un rez-de-chaussée et d’un 1er étage, avec également un accès au dernier niveau comprenant une chambre et une grande terrasse. Elle dispose de plusieurs chambres, d’un jardin ainsi que d’un garage, offrant des espaces généreux et modulables selon vos besoins. Grâce à sa superficie, sa configuration et son emplacement privilégié, cette villa représente une opportunité idéale pour un projet professionnel ou une grande habitation familiale. Lire plus Critères Type de transaction À Louer Superficie 600 Salles de bains 4 Chambres 8 Vous trouverez aussi chez méditerrané boumhal n'a pas d'autres annonces actives Boutique méditerrané boumhal Chat avec le vendeur Acheter et vendre gratuitement près de chez vous Immo-Expert Aide Contactez-nous Professionnels Conditions d'utilisation Politiques relatives aux cookies Raccourcis Publier une annonce Visiter une boutique Filtres avancés Rechercher sur tayara Offres et services Bons plans Contactez-nous Vous avez une question? appelez ce numéro +216 95 256 096 Retrouvez-nous sur • صوّر بيع • لوّج إشري",2026-09-03T12:56:07
tayara_6a52399c4956ba003a3e6c20,tayara,https://www.tayara.tn/item/maisons-et-villas/ben-arous/ezzahra/-louer-un-duplex-s3-haut-stanfing-a-ezzahra/6a52399c4956ba003a3e6c20/,location,maison_villa,À LOUER UN DUPLEX S+3 HAUT STANFING A EZZAHRA📍,Ben Arous,Ezzahra,,,3,3,2,,False,True,False,False,False,False,"À LOUER UN DUPLEX S+3 HAUT STANFING A EZZAHRA📍 | Tayara Publicité Contactez-nous : +216 95 256 096 Explorer Nos boutiques ImmoNeuf Promoteurs Offres et services Votre récente recheche: Pas de recheches récentes Filtre avancé Publier une annonce Se connecter Boutiques ImmoNeuf Annonce Messages Profil Retour Accueil maisons-et-villas ben-arous ezzahra -louer-un-duplex-s3-haut-stanfing-a-ezzahra ❯ ❮ ❯ ❮ ❯ ❮ ❯ ❮ ❯ ❮ ❯ ❮ ❯ ❮ ❯ ❮ ❯ ❮ Accueil Maisons et villas Ben arous Ezzahra louer un duplex s3 haut stanfing a ezzahra Boutique max home 35 annonce(s) 07 avenue de l’environnement boumhel Chat avec le vendeur Discuter sur WhatsApp Afficher le numéro Simulez votre crédit Nous Contacter Partager l ' annonce Signaler À LOUER UN DUPLEX S+3 HAUT STANFING A EZZAHRA📍 immobilier Ben Arous , 3 days ago Entregitrer Signaler Description 🔵🔴 À louer – Duplex S+3 Neuf Très Haut Standing à Ezzahra

✨ Caractéristiques :
• Grand salon lumineux
• Cuisine moderne, aménagée et équipée (plaque, hotte, four et réfrigérateur)
• 3 chambres à coucher
• 2 salles de bains
• Grand balcon
• Garage spacieux

📍 Un bien idéal pour profiter d’un cadre de vie élégant et confortable.

📞 Pour plus d’informations ou pour programmer une visite : Afficher le numéro Lire plus Critères Type de transaction À Louer Superficie 0 Salles de bains 2 Chambres 3 Vous trouverez aussi chez max home n'a pas d'autres annonces actives Boutique max home Chat avec le vendeur Acheter et vendre gratuitement près de chez vous Immo-Expert Aide Contactez-nous Professionnels Conditions d'utilisation Politiques relatives aux cookies Raccourcis Publier une annonce Visiter une boutique Filtres avancés Rechercher sur tayara Offres et services Bons plans Contactez-nous Vous avez une question? appelez ce numéro +216 95 256 096 Retrouvez-nous sur • صوّر بيع • لوّج إشري",2026-09-03T12:56:10
tayara_6a3be23011fc36f5d7361b9e,tayara,https://www.tayara.tn/item/maisons-et-villas/sousse/hergla/immeuble-en-vente/6a3be23011fc36f5d7361b9e/,vente,maison_villa,Immeuble en vente,Sousse,Hergla,650000.0,315.0,3,6,562,rez-de-chaussée,False,False,True,False,False,False,"Immeuble en vente  | Tayara Publicité Contactez-nous : +216 95 256 096 Explorer Nos boutiques ImmoNeuf Promoteurs Offres et services Votre récente recheche: Pas de recheches récentes Filtre avancé Publier une annonce Se connecter Boutiques ImmoNeuf Annonce Messages Profil Retour Accueil maisons-et-villas sousse hergla immeuble-en-vente ❯ ❮ ❯ ❮ ❯ ❮ Accueil Maisons et villas Sousse Hergla Immeuble en vente Boutique tecnocasa hergla 29 annonce(s) Chat avec le vendeur Discuter sur WhatsApp Afficher le numéro Simulez votre crédit Nous Contacter Partager l ' annonce Signaler Immeuble en vente 650 000 DT immobilier Sousse , an hour ago Entregitrer Signaler Description Nichée dans un quartier résidentiel paisible et sécurisé, exclusivement composé de villas, cette propriété offre un fort potentiel grâce à ses généreux volumes et à sa conception pensée pour l’indépendance.

Édifié sur un terrain de 315 m² et développant une superficie habitable de 562 m²,dispose d’une piscine, l’immeuble se compose d’un appartement S+3 au rez-de-chaussée avec entrée privative, ainsi que de deux appartements S+3 aux premier et deuxième étages, chacun bénéficiant d’une suite parentale.

La construction, encore inachevée, dispose déjà des préinstallations électriques, offrant ainsi la possibilité de personnaliser les finitions selon vos goûts et vos exigences.

Jumelée des deux côtés, cette propriété constitue une opportunité rare, idéale aussi bien pour une résidence familiale de standing que pour un investissement à fort potentiel de rendement. Lire plus Critères Type de transaction À Vendre Superficie 562 Salles de bains 6 Chambres 9 Vous trouverez aussi chez tecnocasa hergla n'a pas d'autres annonces actives Boutique tecnocasa hergla Chat avec le vendeur Acheter et vendre gratuitement près de chez vous Immo-Expert Aide Contactez-nous Professionnels Conditions d'utilisation Politiques relatives aux cookies Raccourcis Publier une annonce Visiter une boutique Filtres avancés Rechercher sur tayara Offres et services Bons plans Contactez-nous Vous avez une question? appelez ce numéro +216 95 256 096 Retrouvez-nous sur • صوّر بيع • لوّج إشري",2026-09-03T12:56:13
tayara_6a2d6a8014106929dedac1c3,tayara,https://www.tayara.tn/item/maisons-et-villas/sousse/hammam-sousse/-s5/6a2d6a8014106929dedac1c3/,vente,maison_villa,فرصة للبيع فيلا مع مسبح s+5,Sousse,Hammam Sousse,5470000.0,232.0,5,4,232,,False,True,True,True,True,False,"فرصة للبيع فيلا مع مسبح s+5  | Tayara Publicité Contactez-nous : +216 95 256 096 Explorer Nos boutiques ImmoNeuf Promoteurs Offres et services Votre récente recheche: Pas de recheches récentes Filtre avancé Publier une annonce Se connecter Boutiques ImmoNeuf Annonce Messages Profil Retour Accueil maisons-et-villas sousse hammam-sousse -s5 ❯ ❮ ❯ ❮ ❯ ❮ ❯ ❮ ❯ ❮ ❯ ❮ ❯ ❮ ❯ ❮ ❯ ❮ ❯ ❮ ❯ ❮ Accueil Maisons et villas Sousse Hammam sousse s5 Boutique bili immo 255 annonce(s) Chat avec le vendeur Discuter sur WhatsApp Afficher le numéro Simulez votre crédit Nous Contacter Partager l ' annonce Signaler فرصة للبيع فيلا مع مسبح s+5 470 000 DT immobilier Sousse , an hour ago Entregitrer Signaler Description فرصة للبيع فيلا مع مسبح🏃‍♀️🏃
Agence bili vous propose une petite villa indépendante avec piscine de couvert 232 m²
Titre foncier individuel
Référence : 8320
____________________
Cette villa est composé de :
💠Salon
💠Cinq chambres à coucher
💠Cuisine
💠Kitchinette
💠Quatre salles d'eau
💠Garage
💠Majel
Une piscine avec cour et terrasse de 40 m²
Cette villa est bien équipé de chauffage central, gaz de ville, climatisation et caméra de surveillance
Situé dans une emplacement agréable à hammam sousse prés de tous les commodités
___________________
Prix : 470 000 dt
Pour plus d'infos contacter nous sur ces numéros Afficher le numéro / Afficher le numéro / Afficher le numéro Whatsapp Afficher le numéro ou Afficher le numéro Lire plus Critères Type de transaction À Vendre Superficie 232 Salles de bains 4 Chambres 5 Vous trouverez aussi chez bili immo n'a pas d'autres annonces actives Boutique bili immo Chat avec le vendeur Acheter et vendre gratuitement près de chez vous Immo-Expert Aide Contactez-nous Professionnels Conditions d'utilisation Politiques relatives aux cookies Raccourcis Publier une annonce Visiter une boutique Filtres avancés Rechercher sur tayara Offres et services Bons plans Contactez-nous Vous avez une question? appelez ce numéro +216 95 256 096 Retrouvez-nous sur • صوّر بيع • لوّج إشري",2026-09-03T12:56:16
tayara_6a995318b6ae14216f5e7a01,tayara,https://www.tayara.tn/item/maisons-et-villas/ariana/les-jardins-el-menzah-2/jardins-del-menzah-2-etage-de-villa-s4-a-louer/6a995318b6ae14216f5e7a01/,location,maison_villa,JARDINS D’EL MENZAH 2 :  ETAGE DE VILLA S+4 A LOUER,Ariana,Les Jardins El Menzah 2,1800.0,,4,2,170,,False,False,False,True,True,False,"JARDINS D’EL MENZAH 2 :  ETAGE DE VILLA S+4 A LOUER | Tayara Publicité Contactez-nous : +216 95 256 096 Explorer Nos boutiques ImmoNeuf Promoteurs Offres et services Votre récente recheche: Pas de recheches récentes Filtre avancé Publier une annonce Se connecter Boutiques ImmoNeuf Annonce Messages Profil Retour Accueil maisons-et-villas ariana les-jardins-el-menzah-2 jardins-del-menzah-2-etage-de-villa-s4-a-louer ❯ ❮ ❯ ❮ ❯ ❮ ❯ ❮ ❯ ❮ ❯ ❮ ❯ ❮ ❯ ❮ ❯ ❮ Accueil Maisons et villas Ariana Les jardins el menzah 2 Jardins del menzah 2 etage de villa s4 a louer aziza 1 annonce(s) Chat avec le vendeur Discuter sur WhatsApp Afficher le numéro Simulez votre crédit Partager l ' annonce Signaler JARDINS D’EL MENZAH 2 :  ETAGE DE VILLA S+4 A LOUER 1 800 DT immobilier Ariana , an hour ago Entregitrer Signaler Description 📍 JARDINS D’EL MENZAH 2 :  ETAGE DE VILLA S+4 A LOUER

L'Agence Mon_Réseau Immobilier vous propose la location un spacieux étage de villa S+4, idéalement situé à Jardin d’El Menzah 2, dans un quartier résidentiel calme, sécurisé et proche de toutes les commodités.

📍 Emplacement stratégique :
À proximité des écoles, commerces, transports, Banque , salle de sport, Mosquée, Monoprix et toutes les commodités nécessaires au quotidien 

✨ Composition :
• Un salon lumineux et spacieux offrant un cadre de vie agréable
 - Suite parentale avec salle d'eau et dressing 
• Trois chambres à coucher confortables dont deux avec balcon
• Une cuisine équipée spacieuse avec séchoir 
• Une salle de bain

🚗 Équipements & atouts :
• Chauffage central
- Climatisation dans toutes les pièces 
• Quartier résidentiel et bon voisinage

💰 Loyer : 1800 dinars

📞 Contactez-nous dès maintenant pour une visite !

☎️Téléphone  : Afficher le numéro 📭WhatsApp : ⁨⁨ Afficher le numéro 📧E-mail : [email protected] Lire plus Critères Type de transaction À Louer Superficie 170 Salles de bains 2 Chambres 4 aziza Chat avec le vendeur Acheter et vendre gratuitement près de chez vous Immo-Expert Aide Contactez-nous Professionnels Conditions d'utilisation Politiques relatives aux cookies Raccourcis Publier une annonce Visiter une boutique Filtres avancés Rechercher sur tayara Offres et services Bons plans Contactez-nous Vous avez une question? appelez ce numéro +216 95 256 096 Retrouvez-nous sur • صوّر بيع • لوّج إشري",2026-09-03T12:56:19
tayara_6a9952b333f4b02206bf6041,tayara,https://www.tayara.tn/item/maisons-et-villas/tunis/jardins-de-carthage/duplex-s6-avec-jardin-louer-aux-jardins-de-carthage-mal2892/6a9952b333f4b02206bf6041/,location,maison_villa,Duplex S+6 avec jardin à louer aux Jardins de Carthage MAL2892,Tunis,Jardins De Carthage,6000.0,,6,3,1,rez-de-chaussée,False,True,False,False,True,False,"Duplex S+6 avec jardin à louer aux Jardins de Carthage MAL2892 | Tayara Publicité Contactez-nous : +216 95 256 096 Explorer Nos boutiques ImmoNeuf Promoteurs Offres et services Votre récente recheche: Pas de recheches récentes Filtre avancé Publier une annonce Se connecter Boutiques ImmoNeuf Annonce Messages Profil Retour Accueil maisons-et-villas tunis jardins-de-carthage duplex-s6-avec-jardin-louer-aux-jardins-de-carthage-mal2892 ❯ ❮ ❯ ❮ ❯ ❮ ❯ ❮ ❯ ❮ ❯ ❮ Accueil Maisons et villas Tunis Jardins de carthage Duplex s6 avec jardin louer aux jardins de carthage mal2892 Boutique la croisette immo 195 annonce(s) Ain Zaghouane / La Marsa Chat avec le vendeur Discuter sur WhatsApp Afficher le numéro Simulez votre crédit Nous Contacter Partager l ' annonce Signaler Duplex S+6 avec jardin à louer aux Jardins de Carthage MAL2892 6 000 DT immobilier Tunis , an hour ago Entregitrer Signaler Description La Croisette Immobilière Tunisie vous propose à la location un duplex S+6 avec jardin située dans une petite résidence aux jardins de Carthage. 
Ce dernier se compose comme suit :
Au rez-de-chaussée : un salon-salle à manger spacieux donnant sur une terrasse, une cuisine aménagée et équipée attenante à un séchoir, une chambre de service, une salle d'eau invités, une suite, quatre chambres à coucher avec dressings et une salle de bain.  
Au Sous-sol : un bureau, un grand espace de vie, un cellier et un garage pour deux voitures.
Le duplex est équipé du chauffage central et de climatiseurs.

ref:MAL2892 Lire plus Critères Type de transaction À Louer Superficie 1 Salles de bains 3 Chambres 6 Vous trouverez aussi chez la croisette immo n'a pas d'autres annonces actives Boutique la croisette immo Chat avec le vendeur Acheter et vendre gratuitement près de chez vous Immo-Expert Aide Contactez-nous Professionnels Conditions d'utilisation Politiques relatives aux cookies Raccourcis Publier une annonce Visiter une boutique Filtres avancés Rechercher sur tayara Offres et services Bons plans Contactez-nous Vous avez une question? appelez ce numéro +216 95 256 096 Retrouvez-nous sur • صوّر بيع • لوّج إشري",2026-09-03T12:56:22
tayara_6a995679b6ae14216f5e7c21,tayara,https://www.tayara.tn/item/maisons-et-villas/tunis/el-menzah-1/-el-menzah-1-villa-dexception-vendre/6a995679b6ae14216f5e7c21/,vente,maison_villa,📍 EL MENZAH 1 – VILLA D’EXCEPTION À VENDRE,Tunis,El Menzah 1,,79.0,,1,1079,,False,False,False,False,False,False,"📍 EL MENZAH 1 – VILLA D’EXCEPTION À VENDRE
 | Tayara Publicité Contactez-nous : +216 95 256 096 Explorer Nos boutiques ImmoNeuf Promoteurs Offres et services Votre récente recheche: Pas de recheches récentes Filtre avancé Publier une annonce Se connecter Boutiques ImmoNeuf Annonce Messages Profil Retour Accueil maisons-et-villas tunis el-menzah-1 -el-menzah-1-villa-dexception-vendre ❯ ❮ ❯ ❮ ❯ ❮ ❯ ❮ Accueil Maisons et villas Tunis El menzah 1 el menzah 1 villa dexception vendre leila 1 annonce(s) Chat avec le vendeur Discuter sur WhatsApp Afficher le numéro Simulez votre crédit Partager l ' annonce Signaler 📍 EL MENZAH 1 – VILLA D’EXCEPTION À VENDRE immobilier Tunis , 42 minutes ago Entregitrer Signaler Description 📍 EL MENZAH 1 – VILLA D’EXCEPTION À VENDRE

L’Agence Mon Réseau Immobilier vous invite à découvrir une adresse prestigieuse au cœur d’El Menzah 1. Implantée sur un magnifique terrain de 1 079 m², cette villa offre un cadre de vie exclusif, alliant confort, espace et sérénité dans l’un des quartiers les plus recherchés de la capitale.
Avec une surface bâtie de 400 m², cette propriété séduit par ses volumes généreux, son fort potentiel d’aménagement et son emplacement stratégique à proximité des écoles, commerces, axes principaux et de toutes les commodités.

Que vous recherchiez une résidence familiale de standing ou une opportunité d’investissement à forte valeur patrimoniale, cette villa répondra à toutes vos attentes.

Caractéristiques :
✅ Terrain : 1 079 m²
✅ Surface bâtie : 400 m²
✅ Quartier résidentiel calme et sécurisé
✅ Titre individuel en règle
✅ Fort potentiel de valorisation

Une opportunité rare sur le marché, idéale pour les amateurs de belles demeures comme pour les investisseurs en quête d’un bien de qualité.

📞 Contactez dès aujourd’hui Mon Réseau Immobilier pour obtenir plus d’informations ou programmer une visite.
Téléphone / WhatsApp : Afficher le numéro Lire plus Critères Type de transaction À Vendre Superficie 1079 Salles de bains 1 Chambres 1 leila Chat avec le vendeur Acheter et vendre gratuitement près de chez vous Immo-Expert Aide Contactez-nous Professionnels Conditions d'utilisation Politiques relatives aux cookies Raccourcis Publier une annonce Visiter une boutique Filtres avancés Rechercher sur tayara Offres et services Bons plans Contactez-nous Vous avez une question? appelez ce numéro +216 95 256 096 Retrouvez-nous sur • صوّر بيع • لوّج إشري",2026-09-03T12:56:23
tayara_698d44dedd7586288626c741,tayara,https://www.tayara.tn/item/maisons-et-villas/nabeul/klibia/a-2km-de-la-plage-del-mansoura-klibia-et-hammem-leghzez-classe-5m-plage-du-monde-propritaire-vend-une-maison-arabe-bizantin-mre-un-mtre-plafond-en-pierre-rnove-au-cur-de-klibia-sidi-boudhaoui-205m-160m-bti-prix-180mdt-sera-160-000dt/698d44dedd7586288626c741/,vente,maison_villa,"A 2Km de la plage d’el Mansoura Kélibia et Hammem Leghzez ""classée 5ém plage du monde"" 
 Propriétaire Vend une Maison arabe Bizantin mûre un mètre plafond en pierre. rénovée au cœur de Kélibia, Sidi Boudhaoui 205m² 160m² Bâti. Prix 180Mdt  sera 
160 000dt",Nabeul,Klibia,160000.0,205.0,3,2,205,,False,False,False,False,False,False,"A 2Km de la plage d’el Mansoura Kélibia et Hammem Leghzez ""classée 5ém plage du monde"" 
 Propriétaire Vend une Maison arabe Bizantin mûre un mètre plafond en pierre. rénovée au cœur de Kélibia, Sidi Boudhaoui 205m² 160m² Bâti. Prix 180Mdt  sera 
160 000dt  | Tayara Publicité Contactez-nous : +216 95 256 096 Explorer Nos boutiques ImmoNeuf Promoteurs Offres et services Votre récente recheche: Pas de recheches récentes Filtre avancé Publier une annonce Se connecter Boutiques ImmoNeuf Annonce Messages Profil Retour Accueil maisons-et-villas nabeul klibia a-2km-de-la-plage-del-mansoura-klibia-et-hammem-leghzez-classe-5m-plage-du-monde-propritaire-vend-une-maison-arabe-bizantin-mre-un-mtre-plafond-en-pierre-rnove-au-cur-de-klibia-sidi-boudhaoui-205m-160m-bti-prix-180mdt-sera-160-000dt ❯ ❮ ❯ ❮ ❯ ❮ ❯ ❮ ❯ ❮ ❯ ❮ ❯ ❮ ❯ ❮ ❯ ❮ Accueil Maisons et villas Nabeul Klibia A 2km de la plage del mansoura klibia et hammem leghzez classe 5m plage du monde propritaire vend une maison arabe bizantin mre un mtre plaf ... habib khmaies zouaoui 1 annonce(s) Chat avec le vendeur Discuter sur WhatsApp Afficher le numéro Simulez votre crédit Partager l ' annonce Signaler A 2Km de la plage d’el Mansoura Kélibia et Hammem Leghzez ""classée 5ém plage du monde"" 
 Propriétaire Vend une Maison arabe Bizantin mûre un mètre plafond en pierre. rénovée au cœur de Kélibia, Sidi Boudhaoui 205m² 160m² Bâti. Prix 180Mdt  sera 
160 000dt 160 000 DT immobilier Nabeul , 5 days ago Entregitrer Signaler Description Pourquoi le prix de la maison a-t-il été réduit de 200 000 DT à 160 000 DT ?
Avant de vendre ma maison, j’ai acheté la maison du frère de mon épouse, située à la campagne. Je lui ai versé 40 000 DT comme avance, sans établir d’acte, le solde devant être payé après la vente de ma maison, sans délai fixé.
Par la suite, lui, son épouse et leurs enfants ont décidé de s’installer à Kélibia. Il a trouvé une maison et a signé une promesse de vente avec une date d’échéance précise.
À l’approche de cette échéance, il m’a demandé une première réduction de 20 000 DT, ramenant le prix de ma maison à 180 000 DT. Puis, à l’approche de la date finale, il m’a demandé une seconde réduction de 20 000 DT, portant ainsi le prix final de vente de sa maison et la mienne à 160 000 DT.

  🌹Propriétaire Vend une Maison arabe Bizantin mûre un mètre plafond pierre. rénovée au cœur de Kélibia - mosquée Sidi Boudhaoui
je vous propose à la vente une charmante maison arabe entièrement rénovée, dans le quartier calme et recherché de Cité Sidi Boudhaoui, à proximité immédiate de toutes les commodités.
Édifiée sur un terrain de 205 m², 160 m² Bâti
cette propriété allie le charme de
l'architecture traditionnelle au
confort moderne.
Composition: S+3
■ Une suite parentale
Une chambre à coucher
■ Un salon
■ Une salle de séjour
Salle à manger. 
Une cuisine neuve et moderne
Une cour aménagée
Caracteristiques & équipements :
Portes et fenêtres en aluminium
Sanitaires modernes
Système de surveillance installé
Entrée indépenda",2026-09-03T12:56:25
tayara_6a91e9c933f4b02206bc10c0,tayara,https://www.tayara.tn/item/maisons-et-villas/sousse/hammam-sousse/-vendre-villa-dexception-hammam-sousse-/6a91e9c933f4b02206bc10c0/,location,maison_villa,🏡✨ À VENDRE – Villa d’exception à Hammam Sousse ✨🏡,Sousse,Hammam Sousse,1500.0,56.0,2,2,1056,,False,False,False,False,False,False,"🏡✨ À VENDRE – Villa d’exception à Hammam Sousse ✨🏡 | Tayara Publicité Contactez-nous : +216 95 256 096 Explorer Nos boutiques ImmoNeuf Promoteurs Offres et services Votre récente recheche: Pas de recheches récentes Filtre avancé Publier une annonce Se connecter Boutiques ImmoNeuf Annonce Messages Profil Retour Accueil maisons-et-villas sousse hammam-sousse -vendre-villa-dexception-hammam-sousse- ❯ ❮ ❯ ❮ ❯ ❮ ❯ ❮ ❯ ❮ ❯ ❮ ❯ ❮ Accueil Maisons et villas Sousse Hammam sousse vendre villa dexception hammam sousse Boutique aura casa 10 annonce(s) Sousse Chat avec le vendeur Discuter sur WhatsApp Afficher le numéro Simulez votre crédit Nous Contacter Partager l ' annonce Signaler 🏡✨ À VENDRE – Villa d’exception à Hammam Sousse ✨🏡 1 500 DT immobilier Sousse , 6 days ago Entregitrer Signaler Description Vous recherchez une maison pour y vivre ou un projet d’investissement rentable  ? 💰

Cette villa représente une opportunité rare, située dans un quartier calme et résidentiel, dans une zone de villas, tout en étant proche de toutes les commodités 🛍️🏖️

📍 Localisation : Hammam Sousse

📐 Superficie totale : 1 056 m²

🔹 Le bien est composé de deux parties :

🏠 1ère partie : Villa haut standing S+2

🛋️ Très grand salon lumineux de 95 m²

🛏️ 2 chambres + suite parentale

🌿 Terrasse

🌳 Grand jardin entourant la maison sur 3 côtés

💎 Confort, espace et tranquillité

🏢 2ème partie : Espace investissement

🏘️ 5 studios prêts à la location💸

🏗️ Construction inachevée de 280 m² au premier étage

⬆️ Possibilité d’ajouter un deuxième étage

🔥 Excellent projet d’investissement avec un fort potentiel de rentabilité

💎 Un bien qui combine parfaitement habitation haut standing et investissement rentable.

📞 Pour plus d’informations :

☎️ Afficher le numéro 💬 WhatsApp : Afficher le numéro Lire plus Critères Type de transaction À Vendre Superficie 1056 Salles de bains 2 Chambres 3 Vous trouverez aussi chez aura casa n'a pas d'autres annonces actives Boutique aura casa Chat avec le vendeur Acheter et vendre gratuitement près de chez vous Immo-Expert Aide Contactez-nous Professionnels Conditions d'utilisation Politiques relatives aux cookies Raccourcis Publier une annonce Visiter une boutique Filtres avancés Rechercher sur tayara Offres et services Bons plans Contactez-nous Vous avez une question? appelez ce numéro +216 95 256 096 Retrouvez-nous sur • صوّر بيع • لوّج إشري",2026-09-03T12:56:28
tayara_6a6c6adb6ef0e97a6c136f40,tayara,https://www.tayara.tn/item/maisons-et-villas/ben-arous/ezzahra/-louer-un-duplex-s4-trs-haut-standing-ezzahra/6a6c6adb6ef0e97a6c136f40/,location,maison_villa,À LOUER UN DUPLEX S+4 TRÈS HAUT STANDING À EZZAHRA📍,Ben Arous,Ezzahra,,,4,4,2,,False,False,False,True,True,False,"À LOUER UN DUPLEX S+4 TRÈS HAUT STANDING À EZZAHRA📍 | Tayara Publicité Contactez-nous : +216 95 256 096 Explorer Nos boutiques ImmoNeuf Promoteurs Offres et services Votre récente recheche: Pas de recheches récentes Filtre avancé Publier une annonce Se connecter Boutiques ImmoNeuf Annonce Messages Profil Retour Accueil maisons-et-villas ben-arous ezzahra -louer-un-duplex-s4-trs-haut-standing-ezzahra ❯ ❮ ❯ ❮ ❯ ❮ ❯ ❮ ❯ ❮ ❯ ❮ Accueil Maisons et villas Ben arous Ezzahra louer un duplex s4 trs haut standing ezzahra Boutique max home 35 annonce(s) 07 avenue de l’environnement boumhel Chat avec le vendeur Discuter sur WhatsApp Afficher le numéro Simulez votre crédit Nous Contacter Partager l ' annonce Signaler À LOUER UN DUPLEX S+4 TRÈS HAUT STANDING À EZZAHRA📍 immobilier Ben Arous , 3 days ago Entregitrer Signaler Description 🏡 À LOUER – Duplex S+4 Très Haut Standing à Ezzahra

📍 Situé dans un quartier résidentiel calme et recherché à Ezzahra, ce magnifique duplex offre des prestations haut de gamme, idéales pour une famille à la recherche de confort et d’élégance.

✨ Il se compose de :
• Un vaste salon lumineux
• 4 chambres à coucher, dont une suite parentale
• Une cuisine moderne, aménagée et entièrement équipée (plaque, hotte, four)
• 2 salles de bain
• Une salle d’eau pour les invités
• Balcons
• Terrasse
• Chauffage central
• Climatisation en split

✅ Duplex neuf, finitions de luxe et matériaux de qualité.

📞 Pour plus d’informations ou pour organiser une visite : Afficher le numéro Lire plus Critères Type de transaction À Louer Superficie 0 Salles de bains 2 Chambres 4 Vous trouverez aussi chez max home n'a pas d'autres annonces actives Boutique max home Chat avec le vendeur Acheter et vendre gratuitement près de chez vous Immo-Expert Aide Contactez-nous Professionnels Conditions d'utilisation Politiques relatives aux cookies Raccourcis Publier une annonce Visiter une boutique Filtres avancés Rechercher sur tayara Offres et services Bons plans Contactez-nous Vous avez une question? appelez ce numéro +216 95 256 096 Retrouvez-nous sur • صوّر بيع • لوّج إشري",2026-09-03T12:56:30
tayara_6a92d01eb6ae14216f5b8373,tayara,https://www.tayara.tn/item/maisons-et-villas/ariana/riadh-andalous/a-vendre-terrain-riadh-andalos-ariana/6a92d01eb6ae14216f5b8373/,vente,maison_villa,A vendre terrain riadh andalos ariana,Ariana,Riadh Andalous,2000.0,400.0,,2,450,,False,False,False,False,False,False,"A vendre terrain riadh andalos ariana  | Tayara Publicité Contactez-nous : +216 95 256 096 Explorer Nos boutiques ImmoNeuf Promoteurs Offres et services Votre récente recheche: Pas de recheches récentes Filtre avancé Publier une annonce Se connecter Boutiques ImmoNeuf Annonce Messages Profil Retour Accueil maisons-et-villas ariana riadh-andalous a-vendre-terrain-riadh-andalos-ariana Accueil Maisons et villas Ariana Riadh andalous A vendre terrain riadh andalos ariana Boutique palmarès immobilière 15 annonce(s) Rue de la feuille d'érable, Résidence Omega lac 2، Chat avec le vendeur Discuter sur WhatsApp Afficher le numéro Simulez votre crédit Nous Contacter Partager l ' annonce Signaler A vendre terrain riadh andalos ariana 2 000 DT immobilier Ariana , 4 days ago Entregitrer Signaler Description Palmarès immobilier met en vente un terrain ,riadh andalous ariana taksim isaha,deuxième  position  très belle emplacement viabilise  cloturé. 
superficie.  400m2  
prix  . 2000DT le mètre carré 
☎️☎️ Afficher le numéro Lire plus Critères Type de transaction À Vendre Superficie 450 Salles de bains 2 Chambres 4 Vous trouverez aussi chez palmarès immobilière n'a pas d'autres annonces actives Boutique palmarès immobilière Chat avec le vendeur Acheter et vendre gratuitement près de chez vous Immo-Expert Aide Contactez-nous Professionnels Conditions d'utilisation Politiques relatives aux cookies Raccourcis Publier une annonce Visiter une boutique Filtres avancés Rechercher sur tayara Offres et services Bons plans Contactez-nous Vous avez une question? appelez ce numéro +216 95 256 096 Retrouvez-nous sur • صوّر بيع • لوّج إشري",2026-09-03T12:56:33
tayara_6a464ee2b3da6e91fdc243fb,tayara,https://www.tayara.tn/item/maisons-et-villas/tunis/tunis/rezdejardin-meubl-en-s2-el-manar-i/6a464ee2b3da6e91fdc243fb/,location,maison_villa,Rez-de-jardin meublé en S+2 à El Manar I.,Tunis,Tunis,1350.0,,2,1,90,,False,False,False,True,True,True,"Rez-de-jardin meublé en S+2 à El Manar I. | Tayara Publicité Contactez-nous : +216 95 256 096 Explorer Nos boutiques ImmoNeuf Promoteurs Offres et services Votre récente recheche: Pas de recheches récentes Filtre avancé Publier une annonce Se connecter Boutiques ImmoNeuf Annonce Messages Profil Retour Accueil maisons-et-villas tunis tunis rezdejardin-meubl-en-s2-el-manar-i ❯ ❮ ❯ ❮ ❯ ❮ ❯ ❮ Accueil Maisons et villas Tunis Tunis Rezdejardin meubl en s2 el manar i Boutique tecnocasa manar 1 48 annonce(s) 19,Avenue de l'universitéEl Manar 1- Tunis Chat avec le vendeur Discuter sur WhatsApp Afficher le numéro Simulez votre crédit Nous Contacter Partager l ' annonce Signaler Rez-de-jardin meublé en S+2 à El Manar I. 1 350 DT immobilier , 2 hours ago Entregitrer Signaler Description Ce rez-de-jardin meublé est situé dans un quartier calme à El Manar I.

Le salon est éclairé grâce à sa fenêtre.

La cuisine est aménagée et équipée d'une hotte, d'une gazinière, d'un micro-onde, d'un réfrigérateur et d'une machine à laver.

La partie nuit loge deux chambres à coucher, chacune avec deux lits une place. Elle se partagent une salle de bain.

Chauffage central et climatisation Split sont disponibles.

Ce rez-de-jardin bénéficie d'une entrée indépendante.

Le prix inclus les frais d’électricité, eau et gaz. Lire plus Critères Type de transaction À Louer Superficie 90 Salles de bains 1 Chambres 2 Vous trouverez aussi chez tecnocasa manar 1 n'a pas d'autres annonces actives Boutique tecnocasa manar 1 Chat avec le vendeur Acheter et vendre gratuitement près de chez vous Immo-Expert Aide Contactez-nous Professionnels Conditions d'utilisation Politiques relatives aux cookies Raccourcis Publier une annonce Visiter une boutique Filtres avancés Rechercher sur tayara Offres et services Bons plans Contactez-nous Vous avez une question? appelez ce numéro +216 95 256 096 Retrouvez-nous sur • صوّر بيع • لوّج إشري",2026-09-03T12:56:35
tayara_6a971f8033f4b02206be59e4,tayara,https://www.tayara.tn/item/maisons-et-villas/ben-arous/ezzahra/maison-de-ville-de-5-chambres-et-2-salles-de-bain/6a971f8033f4b02206be59e4/,location,maison_villa,Maison de ville de 5 chambres et 2 salles de bain,Ben Arous,Ezzahra,1100.0,,,5,2,2ème étage,False,False,True,False,True,False,"Maison de ville de 5 chambres et 2 salles de bain | Tayara Publicité Contactez-nous : +216 95 256 096 Explorer Nos boutiques ImmoNeuf Promoteurs Offres et services Votre récente recheche: Pas de recheches récentes Filtre avancé Publier une annonce Se connecter Boutiques ImmoNeuf Annonce Messages Profil Retour Accueil maisons-et-villas ben-arous ezzahra maison-de-ville-de-5-chambres-et-2-salles-de-bain ❯ ❮ ❯ ❮ ❯ ❮ ❯ ❮ ❯ ❮ ❯ ❮ ❯ ❮ ❯ ❮ ❯ ❮ ❯ ❮ ❯ ❮ Accueil Maisons et villas Ben arous Ezzahra Maison de ville de 5 chambres et 2 salles de bain jamel 1 annonce(s) Chat avec le vendeur Discuter sur WhatsApp Afficher le numéro Simulez votre crédit Partager l ' annonce Signaler Maison de ville de 5 chambres et 2 salles de bain 1 100 DT immobilier Ben Arous , 2 days ago Entregitrer Signaler Description À Louer – Superbe Étage de Villa Spacieux (2ème étage) à Ezzahra Ville (Côté Plage)
Situé dans un quartier résidentiel calme et très recherché d'Ezzahra Ville, cet étage de villa spacieux, lumineux et parfaitement équipé offre un cadre de vie idéal alliant confort , proximité de la mer et commodités du quotidien.
Caractéristiques du bien :
Espace de vie : Un grand salon lumineux
Chambres : 4 chambres à coucher 
Salles d'eau :
1 salle de bain avec toilette
1 salle d'eau indépendante
Cuisine : Cuisine fonctionnelle
Espaces extérieurs & Annexes :
Une terrasse
Une buanderie dédiée
Un débarras pratique pour le rangement
Équipements & Confort :
Chauffage central
Chauffe-eau
2 Climatiseurs
Emplacement & Points forts :
Proximité mer : À deux pas de la plage
Transport : À 8 minutes à pied de la gare / arrêt du train
Commerces à 5 minutes à pied : Magasin Général (MG), marché municipal, boulangerie et commerces de proximité
Sports & Loisirs : À proximité directe des installations sportives (piscine, terrains de basket, tennis et football)
Modalités :
Loyer : 1100 DT / mois
Contact : Pour plus d'informations ou pour organiser une visite, veuillez contacter le Afficher le numéro Lire plus Critères Type de transaction À Louer Salles de bains 2 Chambres 5 jamel Chat avec le vendeur Acheter et vendre gratuitement près de chez vous Immo-Expert Aide Contactez-nous Professionnels Conditions d'utilisation Politiques relatives aux cookies Raccourcis Publier une annonce Visiter une boutique Filtres avancés Rechercher sur tayara Offres et services Bons plans Contactez-nous Vous avez une question? appelez ce numéro +216 95 256 096 Retrouvez-nous sur • صوّر بيع • لوّج إشري",2026-09-03T12:56:37
tayara_6a68931004ad34411462e253,tayara,https://www.tayara.tn/item/maisons-et-villas/ariana/chotrana-2/al-belle-villa-s3-la-soukra-chotrana2-2500dt/6a68931004ad34411462e253/,location,maison_villa,AL Belle villa S3 la soukra chotrana2 2500dt,Tunis,Chotrana 2,2500.0,,3,3,300,,False,False,False,False,False,False,"AL Belle villa S3 la soukra chotrana2 2500dt | Tayara Publicité Contactez-nous : +216 95 256 096 Explorer Nos boutiques ImmoNeuf Promoteurs Offres et services Votre récente recheche: Pas de recheches récentes Filtre avancé Publier une annonce Se connecter Boutiques ImmoNeuf Annonce Messages Profil Retour Accueil maisons-et-villas ariana chotrana-2 al-belle-villa-s3-la-soukra-chotrana2-2500dt ❯ ❮ ❯ ❮ ❯ ❮ ❯ ❮ ❯ ❮ ❯ ❮ Accueil Maisons et villas Ariana Chotrana 2 Al belle villa s3 la soukra chotrana2 2500dt Boutique agence acs immo 23 annonce(s) bureau C210-Ariana centre 2080 Tunis, Tunisie Chat avec le vendeur Discuter sur WhatsApp Afficher le numéro Simulez votre crédit Nous Contacter Partager l ' annonce Signaler AL Belle villa S3 la soukra chotrana2 2500dt immobilier Ariana , an hour ago Entregitrer Signaler Description La Soukra Chotrana 2 : à louer une belle villa S+3 grand jardin salon 3 chambres cuisine chambre de service  vide 2500dt pour RDV et visite Afficher le numéro Lire plus Critères Type de transaction À Louer Superficie 300 Salles de bains 2 Chambres 1 Vous trouverez aussi chez agence acs immo n'a pas d'autres annonces actives Boutique agence acs immo Chat avec le vendeur Acheter et vendre gratuitement près de chez vous Immo-Expert Aide Contactez-nous Professionnels Conditions d'utilisation Politiques relatives aux cookies Raccourcis Publier une annonce Visiter une boutique Filtres avancés Rechercher sur tayara Offres et services Bons plans Contactez-nous Vous avez une question? appelez ce numéro +216 95 256 096 Retrouvez-nous sur • صوّر بيع • لوّج إشري",2026-09-03T12:56:40
tayara_6a99415c33f4b02206bf54be,tayara,https://www.tayara.tn/item/maisons-et-villas/nabeul/klibia/occasion-a-ne-pas-rater-charmante-villa-avec-piscine-jamais-habite-plage-dar-allouche/6a99415c33f4b02206bf54be/,vente,maison_villa,"Occasion a ne pas rater charmante villa avec piscine, jamais habitée — Plage Dar Allouche",Nabeul,Klibia,195000.0,,,2,167,,False,False,True,False,False,False,"Occasion a ne pas rater charmante villa avec piscine, jamais habitée — Plage Dar Allouche | Tayara Publicité Contactez-nous : +216 95 256 096 Explorer Nos boutiques ImmoNeuf Promoteurs Offres et services Votre récente recheche: Pas de recheches récentes Filtre avancé Publier une annonce Se connecter Boutiques ImmoNeuf Annonce Messages Profil Retour Accueil maisons-et-villas nabeul klibia occasion-a-ne-pas-rater-charmante-villa-avec-piscine-jamais-habite-plage-dar-allouche ❯ ❮ ❯ ❮ ❯ ❮ ❯ ❮ ❯ ❮ ❯ ❮ ❯ ❮ ❯ ❮ ❯ ❮ Accueil Maisons et villas Nabeul Klibia Occasion a ne pas rater charmante villa avec piscine jamais habite plage dar allouche sbh 1 annonce(s) Chat avec le vendeur Discuter sur WhatsApp Afficher le numéro Simulez votre crédit Partager l ' annonce Signaler Occasion a ne pas rater charmante villa avec piscine, jamais habitée — Plage Dar Allouche 195 000 DT immobilier Nabeul , 2 hours ago Entregitrer Signaler Description Découvrez notre toute nouvelle construction, pensée pour allier confort moderne et autonomie totale. Cette maison intègre des technologies innovantes qui vous permettent de vivre en toute indépendance : électricité et eau hors réseau, grâce à des installations solaires et un système d'approvisionnement autonome.
Concrètement, cela signifie que vous ne recevrez plus jamais de facture d'électricité ou d'eau, et que vous ne subirez plus jamais de coupures, quelles que soient les circonstances. Une tranquillité d'esprit inégalée, pensée pour votre confort au quotidien.
Côté détente, la villa dispose d'une piscine surdimensionnée, idéale pour se rafraîchir en famille ou entre amis, sans avoir à quitter votre propriété. Et si vous préférez l'air marin, la plage se trouve à proximité immédiate, à quelques minutes seulement.
Cette maison bénéficie d'un emplacement privilégié à Dar Allouche, un quartier calme et résidentiel, à l'écart de l'agitation et de la foule que connaît la région durant la période estivale. Vous profiterez ainsi d'un cadre de vie serein tout en restant proche des commodités.
Que ce soit pour une résidence principale ou secondaire, cette villa neuve, jamais habitée, représente une opportunité rare alliant modernité, autonomie énergétique et qualité de vie. contacter nous sur Afficher le numéro Lire plus Critères Type de transaction À Vendre Superficie 167 Salles de bains 2 Chambres 2 sbh Chat avec le vendeur Acheter et vendre gratuitement près de chez vous Immo-Expert Aide Contactez-nous Professionnels Conditions d'utilisation Politiques relatives aux cookies Raccourcis Publier une annonce Visiter une boutique Filtres avancés Rechercher sur tayara Offres et services Bons plans Contactez-nous Vous avez une question? appelez ce numéro +216 95 256 096 Retrouvez-nous sur • صوّر بيع • لوّج إشري",2026-09-03T12:56:43
tayara_6a064837e853e69bec023c04,tayara,https://www.tayara.tn/item/maisons-et-villas/tunis/la-marsa/a-louer-par-nuit-et-plus-un-1ar-tage-de-villa-s3-meubler-sidi-abdelaziz-la-marsa/6a064837e853e69bec023c04/,location,maison_villa,A louer par nuit et plus un 1ar étage de villa S+3 meubler à sidi ABDELAZIZ la Marsa,Tunis,La Marsa,,,3,3,150,,False,False,False,False,False,False,"A louer par nuit et plus un 1ar étage de villa S+3 meubler à sidi ABDELAZIZ la Marsa | Tayara Publicité Contactez-nous : +216 95 256 096 Explorer Nos boutiques ImmoNeuf Promoteurs Offres et services Votre récente recheche: Pas de recheches récentes Filtre avancé Publier une annonce Se connecter Boutiques ImmoNeuf Annonce Messages Profil Retour Accueil maisons-et-villas tunis la-marsa a-louer-par-nuit-et-plus-un-1ar-tage-de-villa-s3-meubler-sidi-abdelaziz-la-marsa ❯ ❮ ❯ ❮ ❯ ❮ ❯ ❮ ❯ ❮ ❯ ❮ ❯ ❮ ❯ ❮ Accueil Maisons et villas Tunis La marsa A louer par nuit et plus un 1ar tage de villa s3 meubler sidi abdelaziz la marsa Boutique groupe liliame  immobiliere 41 annonce(s) Chat avec le vendeur Discuter sur WhatsApp Afficher le numéro Simulez votre crédit Nous Contacter Partager l ' annonce Signaler A louer par nuit et plus un 1ar étage de villa S+3 meubler à sidi ABDELAZIZ la Marsa 180 DT immobilier Tunis , 29 minutes ago Entregitrer Signaler Description Immo Bhar Lazreg vous propose a louer par nuit et plus un 1ar étage de villa S+3 richement meubler à coté  AMEN BANC Sidi ABDELAZIZ la Marsa C'est la Zone la plus calme parmi les meilleurs cartier. ce compose comme suit une grande salon avec Balcon et 3 chambre à coucher cuisine bien bien aménager plaque four haute un grand réfrigérateur tous les éléments nécessaire pour passé une nuit sale d'eau pour les invité et sale de bains Gaz de ville chauffage centrale prix 180dt/nuit négociable par apport  le nombre de jours . pour plus D'info contacté nous au numéro suivant Afficher le numéro Afficher le numéro 04 visite sur RDV Réservation à L'avance Lire plus Critères Type de transaction À Louer Superficie 150 Salles de bains 2 Chambres 3 Vous trouverez aussi chez groupe liliame  immobiliere n'a pas d'autres annonces actives Boutique groupe liliame  immobiliere Chat avec le vendeur Acheter et vendre gratuitement près de chez vous Immo-Expert Aide Contactez-nous Professionnels Conditions d'utilisation Politiques relatives aux cookies Raccourcis Publier une annonce Visiter une boutique Filtres avancés Rechercher sur tayara Offres et services Bons plans Contactez-nous Vous avez une question? appelez ce numéro +216 95 256 096 Retrouvez-nous sur • صوّر بيع • لوّج إشري",2026-09-03T12:56:45
tayara_6a870a0686fe4424fc34f3d9,tayara,https://www.tayara.tn/item/maisons-et-villas/ben-arous/boumhel/a-vendre-une-superbe-villa-boumhel-belair/6a870a0686fe4424fc34f3d9/,vente,maison_villa,A vendre une superbe villa à boumhel belair,Ben Arous,Boumhel,1500000.0,751.0,,3,751,rez-de-chaussée,False,False,True,False,False,False,"A vendre une superbe villa à boumhel belair | Tayara Publicité Contactez-nous : +216 95 256 096 Explorer Nos boutiques ImmoNeuf Promoteurs Offres et services Votre récente recheche: Pas de recheches récentes Filtre avancé Publier une annonce Se connecter Boutiques ImmoNeuf Annonce Messages Profil Retour Accueil maisons-et-villas ben-arous boumhel a-vendre-une-superbe-villa-boumhel-belair ❯ ❮ Accueil Maisons et villas Ben arous Boumhel A vendre une superbe villa boumhel belair Boutique méditerrané boumhal 15 annonce(s) Avenue de L'environnement, Boumhel Chat avec le vendeur Discuter sur WhatsApp Afficher le numéro Simulez votre crédit Nous Contacter Partager l ' annonce Signaler A vendre une superbe villa à boumhel belair 1 500 000 DT immobilier Ben Arous , 3 hours ago Entregitrer Signaler Description La Méditerranée Immobilière vous propose à la vente une grande villa située à Boumhal Bel Air, dans un emplacement stratégique, calme et proche des principales commodités. Édifiée sur un terrain de 751 m², cette propriété se distingue par ses beaux volumes, son indépendance et son important potentiel d’habitation et d’investissement. La villa se compose d’un rez-de-jardin comprenant un espace pouvant accueillir deux voitures ainsi qu’un débarras. Le rez-de-chaussée dispose d’un très grand salon lumineux et spacieux, pouvant être aménagé en plusieurs espaces de réception et accueillir plus de quatre salons, d’une grande cuisine, d’une salle d’eau et d’une chambre. À l’étage, la partie nuit se compose de cinq chambres spacieuses, dont une suite parentale, avec des espaces de rangement et dressings. La propriété dispose également de deux appartements indépendants, offrant une excellente opportunité pour un investissement locatif, pour accueillir des membres de la famille ou pour disposer de revenus complémentaires. Deux entrées indépendantes permettent une utilisation pratique et une meilleure séparation des différents espaces. À l’extérieur, la villa est entourée d’un agréable jardin verdoyant et piscinable, offrant un cadre paisible, frais et convivial, avec la possibilité d’aménager une piscine et un espace de détente. La propriété bénéficie également de deux garages permettant d’accueillir plusieurs véhicules, avec une capacité globale pouvant atteindre cinq voitures. Un autre atout majeur de cette villa est son titre foncier individuel, garantissant une situation foncière claire et sécurisée. Grâce à sa superficie, ses nombreux espaces, ses appartements indépendants, ses accès séparés, son jardin piscinable et son emplacement stratégique, cette villa représente une opportunité particulièrement intéressante pour une grande famille ou un investisseur à la recherche d’un bien à fort potentiel à Boumhal Bel Air. Lire plus Critères Type de transaction À Vendre Superficie 751 Salles de bains 3 Chambres 6 Vous trouverez aussi chez méditerrané boumhal n'a pas d'autres annonces actives Boutique méditerrané boumhal Chat avec le vendeur Acheter et vendre grat",2026-09-03T12:56:48
tayara_6a588f5d4956ba003a41e24c,tayara,https://www.tayara.tn/item/maisons-et-villas/sousse/hergla/villa-inacheve-en-vente/6a588f5d4956ba003a41e24c/,vente,maison_villa,Villa inachevée en vente,Sousse,Hergla,432000.0,,,1,397,,False,True,False,False,False,False,"Villa inachevée en vente | Tayara Publicité Contactez-nous : +216 95 256 096 Explorer Nos boutiques ImmoNeuf Promoteurs Offres et services Votre récente recheche: Pas de recheches récentes Filtre avancé Publier une annonce Se connecter Boutiques ImmoNeuf Annonce Messages Profil Retour Accueil maisons-et-villas sousse hergla villa-inacheve-en-vente ❯ ❮ ❯ ❮ Accueil Maisons et villas Sousse Hergla Villa inacheve en vente Boutique tecnocasa hergla 29 annonce(s) Chat avec le vendeur Discuter sur WhatsApp Afficher le numéro Simulez votre crédit Nous Contacter Partager l ' annonce Signaler Villa inachevée en vente 432 000 DT immobilier Sousse , an hour ago Entregitrer Signaler Description Située à la Cité Nozha, à quelques pas de la corniche, cette villa de plain-pied inachevée offre une opportunité unique de créer un intérieur à votre image. Implantée sur un terrain d'angle, isolée sur ses quatre façades et orientée pour profiter d'une belle luminosité, elle propose un salon ouvert sur le jardin, une cuisine indépendante, trois chambres et un garage.

Édifiée sur un terrain à vocation R+2, cette propriété allie emplacement privilégié, cadre résidentiel composé exclusivement de villas et fort potentiel d'évolution grâce à la possibilité d'ajouter deux niveaux supplémentaires. Lire plus Critères Type de transaction À Vendre Superficie 397 Salles de bains 1 Chambres 3 Vous trouverez aussi chez tecnocasa hergla n'a pas d'autres annonces actives Boutique tecnocasa hergla Chat avec le vendeur Acheter et vendre gratuitement près de chez vous Immo-Expert Aide Contactez-nous Professionnels Conditions d'utilisation Politiques relatives aux cookies Raccourcis Publier une annonce Visiter une boutique Filtres avancés Rechercher sur tayara Offres et services Bons plans Contactez-nous Vous avez une question? appelez ce numéro +216 95 256 096 Retrouvez-nous sur • صوّر بيع • لوّج إشري",2026-09-03T12:56:49
tayara_6a96e55233f4b02206be326e,tayara,https://www.tayara.tn/item/maisons-et-villas/bizerte/tinja/villa-vendre-tinja-bizerte/6a96e55233f4b02206be326e/,vente,maison_villa,Villa à Vendre à Tinja Bizerte,Bizerte,Tinja,350000.0,403.0,4,2,300,,False,True,False,False,False,False,"Villa à Vendre à Tinja Bizerte | Tayara Publicité Contactez-nous : +216 95 256 096 Explorer Nos boutiques ImmoNeuf Promoteurs Offres et services Votre récente recheche: Pas de recheches récentes Filtre avancé Publier une annonce Se connecter Boutiques ImmoNeuf Annonce Messages Profil Retour Accueil maisons-et-villas bizerte tinja villa-vendre-tinja-bizerte ❯ ❮ ❯ ❮ ❯ ❮ ❯ ❮ ❯ ❮ ❯ ❮ ❯ ❮ ❯ ❮ ❯ ❮ ❯ ❮ ❯ ❮ Accueil Maisons et villas Bizerte Tinja Villa vendre tinja bizerte Boutique edf immobilière 99 annonce(s) Chat avec le vendeur Discuter sur WhatsApp Afficher le numéro Simulez votre crédit Nous Contacter Partager l ' annonce Signaler Villa à Vendre à Tinja Bizerte 350 000 DT immobilier Bizerte , 21 hours ago Entregitrer Signaler Description Réf  2724 -EDF Immobilière 
🏡 VILLA DE STYLE AMÉRICAIN À TINJA (BIZERTE)

À vendre  une superbe villa très bien située à Tinja

Villa en S+4 avec garage

Terrain de 403 m² titrés (+ 126 m² non titrés)

Équipée de panneaux photovoltaïques et d'un sondage d'eau

Prix de Vente : 350 MD

Contactez-nous vite au Afficher le numéro / Afficher le numéro ou rendez-vous au Complexe Commercial Bizerte Centre, bureau n° 58. Lire plus Critères Type de transaction À Vendre Superficie 300 Salles de bains 2 Chambres 4 Vous trouverez aussi chez edf immobilière n'a pas d'autres annonces actives Boutique edf immobilière Chat avec le vendeur Acheter et vendre gratuitement près de chez vous Immo-Expert Aide Contactez-nous Professionnels Conditions d'utilisation Politiques relatives aux cookies Raccourcis Publier une annonce Visiter une boutique Filtres avancés Rechercher sur tayara Offres et services Bons plans Contactez-nous Vous avez une question? appelez ce numéro +216 95 256 096 Retrouvez-nous sur • صوّر بيع • لوّج إشري",2026-09-03T12:56:52
tayara_6a9414cd33f4b02206bceaee,tayara,https://www.tayara.tn/item/maisons-et-villas/ben-arous/medina-jedida/etage-de-villa/6a9414cd33f4b02206bceaee/,location,maison_villa,Etage de villa,Ben Arous,Medina Jedida,1000.0,,,2,140,,False,False,False,False,True,False,"Etage de villa  | Tayara Publicité Contactez-nous : +216 95 256 096 Explorer Nos boutiques ImmoNeuf Promoteurs Offres et services Votre récente recheche: Pas de recheches récentes Filtre avancé Publier une annonce Se connecter Boutiques ImmoNeuf Annonce Messages Profil Retour Accueil maisons-et-villas ben-arous medina-jedida etage-de-villa Accueil Maisons et villas Ben arous Medina jedida Etage de villa Boutique soltane immobilier 18 annonce(s) Nouvelle Médina, Ben Arous Chat avec le vendeur Discuter sur WhatsApp Afficher le numéro Simulez votre crédit Nous Contacter Partager l ' annonce Signaler Etage de villa 1 000 DT immobilier Ben Arous , 4 days ago Entregitrer Signaler Description A louer etage de villa dans un emplacement stratégique,  se compose de trois chambres à coucher salon salle de bain,  chauffage central et climatiseurs Lire plus Critères Type de transaction À Louer Superficie 140 Salles de bains 2 Chambres 3 Vous trouverez aussi chez soltane immobilier n'a pas d'autres annonces actives Boutique soltane immobilier Chat avec le vendeur Acheter et vendre gratuitement près de chez vous Immo-Expert Aide Contactez-nous Professionnels Conditions d'utilisation Politiques relatives aux cookies Raccourcis Publier une annonce Visiter une boutique Filtres avancés Rechercher sur tayara Offres et services Bons plans Contactez-nous Vous avez une question? appelez ce numéro +216 95 256 096 Retrouvez-nous sur • صوّر بيع • لوّج إشري",2026-09-03T12:56:55
tayara_686ac07694cd0376dcd71b3c,tayara,https://www.tayara.tn/item/maisons-et-villas/ariana/ghazela/a-vendre-villa-ghazela-ariana/686ac07694cd0376dcd71b3c/,vente,maison_villa,A VENDRE  VILLA     GHAZELA     ARIANA,Ariana,Ghazela,,,,,,,False,False,False,False,False,False,"A VENDRE  VILLA     GHAZELA     ARIANA | Tayara Publicité Contactez-nous : +216 95 256 096 Explorer Nos boutiques ImmoNeuf Promoteurs Offres et services Votre récente recheche: Pas de recheches récentes Filtre avancé Publier une annonce Se connecter Boutiques ImmoNeuf Annonce Messages Profil Retour Accueil maisons-et-villas ariana ghazela a-vendre-villa-ghazela-ariana ❯ ❮ ❯ ❮ ❯ ❮ ❯ ❮ ❯ ❮ Accueil Maisons et villas Ariana Ghazela A vendre villa ghazela ariana Boutique palmarès immobilière 15 annonce(s) Rue de la feuille d'érable, Résidence Omega lac 2، Chat avec le vendeur Discuter sur WhatsApp Afficher le numéro Simulez votre crédit Nous Contacter Partager l ' annonce Signaler A VENDRE  VILLA     GHAZELA     ARIANA 730 DT immobilier Ariana , 4 days ago Entregitrer Signaler Description **** *A VENDRE VILLA *****
 - LA VILLA EST REPARTI SUR UN NIVEAU SITUEE DANS UN QUARTIER RESEDIENTIEL
- PRIX ; 730MD
- TEL ; Afficher le numéro Lire plus Critères Type de transaction À Vendre Superficie 350 Vous trouverez aussi chez palmarès immobilière n'a pas d'autres annonces actives Boutique palmarès immobilière Chat avec le vendeur Acheter et vendre gratuitement près de chez vous Immo-Expert Aide Contactez-nous Professionnels Conditions d'utilisation Politiques relatives aux cookies Raccourcis Publier une annonce Visiter une boutique Filtres avancés Rechercher sur tayara Offres et services Bons plans Contactez-nous Vous avez une question? appelez ce numéro +216 95 256 096 Retrouvez-nous sur • صوّر بيع • لوّج إشري",2026-09-03T12:56:57
tayara_6a994b2433f4b02206bf5afe,tayara,https://www.tayara.tn/item/maisons-et-villas/mdenine/djerba-houmt-souk/spacieux-tage-de-villa-200m-de-la-marina-2-salons-et-4-chambres/6a994b2433f4b02206bf5afe/,location,maison_villa,Spacieux étage de villa à 200m de la marina 2 Salons et 4 Chambres,Médenine,Djerba Houmt Souk,1300.0,160.0,,4,160,,False,False,False,True,False,False,"Spacieux étage de villa à 200m de la marina 2 Salons et 4 Chambres | Tayara Publicité Contactez-nous : +216 95 256 096 Explorer Nos boutiques ImmoNeuf Promoteurs Offres et services Votre récente recheche: Pas de recheches récentes Filtre avancé Publier une annonce Se connecter Boutiques ImmoNeuf Annonce Messages Profil Retour Accueil maisons-et-villas mdenine djerba-houmt-souk spacieux-tage-de-villa-200m-de-la-marina-2-salons-et-4-chambres ❯ ❮ ❯ ❮ ❯ ❮ ❯ ❮ ❯ ❮ ❯ ❮ ❯ ❮ ❯ ❮ ❯ ❮ Accueil Maisons et villas Mdenine Djerba houmt souk Spacieux tage de villa 200m de la marina 2 salons et 4 chambres mhamedb 1 annonce(s) Chat avec le vendeur Discuter sur WhatsApp Afficher le numéro Simulez votre crédit Partager l ' annonce Signaler Spacieux étage de villa à 200m de la marina 2 Salons et 4 Chambres 1 300 DT immobilier Médenine , 2 hours ago Entregitrer Signaler Description [Location non meublée à l'année]
Location entre particuliers

A louer dans un quartier résidentiel calme:

Un spacieux étage de villa de 160 m² qui se compose de 2 Salons et de 4 Chambres à Coucher dont une suite parentale.

Le bien se compose de:
- 1 salon avec baie vitrée en Aluminium
- 1 salon spacieux exposé Nord/Est
- 3 chambres à coucher toutes équipées de dressings
- 1 Suite parentale (Chambre + Salle d'eau) avec climatiseur
- 1 cuisine agencée et équipée (Plaque, Four, Hotte, Extracteur, Plusieurs Placards)
- 1 salle d'eau
- 2 Terrasses 

Loyer 1300 DT / mois
Emplacement: à 200 mètres de la Marina Houmt Souk

Pour vos rendez-vous de visite, veuillez nous contacter au Afficher le numéro Lire plus Critères Type de transaction À Louer Superficie 160 Salles de bains 2 Chambres 6 mhamedb Chat avec le vendeur Acheter et vendre gratuitement près de chez vous Immo-Expert Aide Contactez-nous Professionnels Conditions d'utilisation Politiques relatives aux cookies Raccourcis Publier une annonce Visiter une boutique Filtres avancés Rechercher sur tayara Offres et services Bons plans Contactez-nous Vous avez une question? appelez ce numéro +216 95 256 096 Retrouvez-nous sur • صوّر بيع • لوّج إشري",2026-09-03T12:57:01
tayara_6a994c1cb6ae14216f5e74e6,tayara,https://www.tayara.tn/item/maisons-et-villas/tunis/autres-villes/-/6a994c1cb6ae14216f5e74e6/,vente,maison_villa,وسيط عقاري,Tunis,Autres Villes,,,,1,1,,False,False,False,False,False,False,"وسيط عقاري | Tayara Publicité Contactez-nous : +216 95 256 096 Explorer Nos boutiques ImmoNeuf Promoteurs Offres et services Votre récente recheche: Pas de recheches récentes Filtre avancé Publier une annonce Se connecter Boutiques ImmoNeuf Annonce Messages Profil Retour Accueil maisons-et-villas tunis autres-villes - Accueil Maisons et villas Tunis Autres villes med youssef 13 annonce(s) Chat avec le vendeur Discuter sur WhatsApp Afficher le numéro Simulez votre crédit Partager l ' annonce Signaler وسيط عقاري immobilier Tunis , an hour ago Entregitrer Signaler Description وسيط عقاري

عندك منزل،شقّة \او أرض تحب تبيع أو تشري 
نخمو كامل البلاد التونسية
تنجم تكلمنا على
الهاتف أو واتساب 
☎ : Afficher le numéro Lire plus Critères Type de transaction À Vendre Superficie 1 Salles de bains 1 Chambres 1 med youssef Chat avec le vendeur Acheter et vendre gratuitement près de chez vous Immo-Expert Aide Contactez-nous Professionnels Conditions d'utilisation Politiques relatives aux cookies Raccourcis Publier une annonce Visiter une boutique Filtres avancés Rechercher sur tayara Offres et services Bons plans Contactez-nous Vous avez une question? appelez ce numéro +216 95 256 096 Retrouvez-nous sur • صوّر بيع • لوّج إشري",2026-09-03T12:57:04
tayara_6a4fa3b87b31d9554f39e9d4,tayara,https://www.tayara.tn/item/maisons-et-villas/nabeul/hammamet/villa-avec-piscine-vendre-quartier-rsidentiel-recherch/6a4fa3b87b31d9554f39e9d4/,vente,maison_villa,Villa avec piscine à vendre – Quartier résidentiel recherché,Nabeul,Hammamet,790000.0,,,500,,,False,False,True,True,True,False,"Villa avec piscine à vendre – Quartier résidentiel recherché | Tayara Publicité Contactez-nous : +216 95 256 096 Explorer Nos boutiques ImmoNeuf Promoteurs Offres et services Votre récente recheche: Pas de recheches récentes Filtre avancé Publier une annonce Se connecter Boutiques ImmoNeuf Annonce Messages Profil Retour Accueil maisons-et-villas nabeul hammamet villa-avec-piscine-vendre-quartier-rsidentiel-recherch ❯ ❮ ❯ ❮ ❯ ❮ ❯ ❮ ❯ ❮ ❯ ❮ ❯ ❮ ❯ ❮ ❯ ❮ ❯ ❮ ❯ ❮ Accueil Maisons et villas Nabeul Hammamet Villa avec piscine vendre quartier rsidentiel recherch Boutique toscanacasa hammamet 19 annonce(s) Hammamet, Hammamet, Tunisia Chat avec le vendeur Discuter sur WhatsApp Afficher le numéro Simulez votre crédit Nous Contacter Partager l ' annonce Signaler Villa avec piscine à vendre – Quartier résidentiel recherché 790 000 DT immobilier Nabeul , 2 days ago Entregitrer Signaler Description Découvrez cette belle villa située dans un environnement calme et résidentiel, offrant un cadre de vie privilégié alliant confort, modernité et tranquillité.

La villa se compose d’un salon lumineux avec ouverture directe sur le jardin et la piscine, créant un espace de vie chaleureux et convivial.

Elle dispose d’une cuisine indépendante entièrement aménagée et équipée avec plaque de cuisson, hotte aspirante et four.

L’espace nuit comprend :

Deux chambres à coucher partageant une salle de douche.

Une suite parentale avec placard de rangement et salle de douche privative.

La villa bénéficie également d’une salle d’eau supplémentaire .

Pour un confort optimal, la propriété est équipée de :

Chauffage central

Climatisation split dans chaque pièce

Abri pour voiture

Cette villa représente une excellente opportunité pour une résidence principale ou secondaire, offrant un cadre agréable avec piscine et jardin dans un secteur recherché.

Pour plus d’informations ou pour organiser une visite, veuillez nous contacter. Lire plus Critères Type de transaction À Vendre Salles de bains 3 Superficie 500 Chambres 3 Vous trouverez aussi chez toscanacasa hammamet n'a pas d'autres annonces actives Boutique toscanacasa hammamet Chat avec le vendeur Acheter et vendre gratuitement près de chez vous Immo-Expert Aide Contactez-nous Professionnels Conditions d'utilisation Politiques relatives aux cookies Raccourcis Publier une annonce Visiter une boutique Filtres avancés Rechercher sur tayara Offres et services Bons plans Contactez-nous Vous avez une question? appelez ce numéro +216 95 256 096 Retrouvez-nous sur • صوّر بيع • لوّج إشري",2026-09-03T12:57:07
tayara_6a84959186fe4424fc3391eb,tayara,https://www.tayara.tn/item/maisons-et-villas/ariana/la-soukra/maison-soukra-avec-jardin-et-place-parking/6a84959186fe4424fc3391eb/,location,maison_villa,Maison soukra avec Jardin et place Parking,Ariana,La Soukra,,,,1,220,,False,True,False,False,False,False,"Maison soukra avec Jardin et place Parking  | Tayara Publicité Contactez-nous : +216 95 256 096 Explorer Nos boutiques ImmoNeuf Promoteurs Offres et services Votre récente recheche: Pas de recheches récentes Filtre avancé Publier une annonce Se connecter Boutiques ImmoNeuf Annonce Messages Profil Retour Accueil maisons-et-villas ariana la-soukra maison-soukra-avec-jardin-et-place-parking ❯ ❮ ❯ ❮ Accueil Maisons et villas Ariana La soukra Maison soukra avec jardin et place parking sana naamane 3 annonce(s) Chat avec le vendeur Discuter sur WhatsApp Afficher le numéro Simulez votre crédit Partager l ' annonce Signaler Maison soukra avec Jardin et place Parking 950 DT immobilier Ariana , 6 days ago Entregitrer Signaler Description A louer une Maison 110 m Couvert (3+S) sur un Terrain de 220m (Jardin)

Emplaccement ideal, a 200 m de mosquee errawdha. Et pres de hamadi abid soukra.
La Maison se trouve dans un impasse
Une place pour parking.

La Maison est non meublée
950d/mois + frais du courant et de l eau.
L eau et le Courant a payer par le locuteur.
Conditions:
1. 3 mois d avance 
2. 1 mois loyer
3. fiche de pay
4. le propriétaire pay le courant et l eau
5. contract  

Maison ideal pour familles avec enfants.


A louer a partir du 7 septembre 2026
Merci Lire plus Critères Type de transaction À Louer Superficie 220 Salles de bains 1 Chambres 4 sana naamane Chat avec le vendeur Acheter et vendre gratuitement près de chez vous Immo-Expert Aide Contactez-nous Professionnels Conditions d'utilisation Politiques relatives aux cookies Raccourcis Publier une annonce Visiter une boutique Filtres avancés Rechercher sur tayara Offres et services Bons plans Contactez-nous Vous avez une question? appelez ce numéro +216 95 256 096 Retrouvez-nous sur • صوّر بيع • لوّج إشري",2026-09-03T12:57:09
tayara_69cd447b23b4f84682769256,tayara,https://www.tayara.tn/item/maisons-et-villas/ariana/ariana-essoughra/villa-vendre-nour-jaafer-ariana/69cd447b23b4f84682769256/,vente,maison_villa,"Villa à vendre 
 Nour jaafer ariana",Ariana,Ariana Essoughra,320000.0,,2,3,160,,False,True,False,False,False,False,"Villa à vendre 
 Nour jaafer ariana  | Tayara Publicité Contactez-nous : +216 95 256 096 Explorer Nos boutiques ImmoNeuf Promoteurs Offres et services Votre récente recheche: Pas de recheches récentes Filtre avancé Publier une annonce Se connecter Boutiques ImmoNeuf Annonce Messages Profil Retour Accueil maisons-et-villas ariana ariana-essoughra villa-vendre-nour-jaafer-ariana ❯ ❮ ❯ ❮ Accueil Maisons et villas Ariana Ariana essoughra Villa vendre nour jaafer ariana Boutique palmarès immobilière 15 annonce(s) Rue de la feuille d'érable, Résidence Omega lac 2، Chat avec le vendeur Discuter sur WhatsApp Afficher le numéro Simulez votre crédit Nous Contacter Partager l ' annonce Signaler Villa à vendre 
 Nour jaafer ariana 320 000 DT immobilier Ariana , 4 days ago Entregitrer Signaler Description Palmarès immobilier Met à la vente petite villa :
un S+2 avec studio S+1 jardin garage et abri de voiture Afficher le numéro Lire plus Critères Type de transaction À Vendre Superficie 160 Salles de bains 3 Chambres 4 Vous trouverez aussi chez palmarès immobilière n'a pas d'autres annonces actives Boutique palmarès immobilière Chat avec le vendeur Acheter et vendre gratuitement près de chez vous Immo-Expert Aide Contactez-nous Professionnels Conditions d'utilisation Politiques relatives aux cookies Raccourcis Publier une annonce Visiter une boutique Filtres avancés Rechercher sur tayara Offres et services Bons plans Contactez-nous Vous avez une question? appelez ce numéro +216 95 256 096 Retrouvez-nous sur • صوّر بيع • لوّج إشري",2026-09-03T12:57:12
tayara_6a1d96cea0501373f0832984,tayara,https://www.tayara.tn/item/maisons-et-villas/sousse/hammam-sousse/villa-a-ghrabi-hammem-sousse/6a1d96cea0501373f0832984/,vente,maison_villa,villa a ghrabi hammem sousse,Sousse,Hammam Sousse,530000.0,260.0,,1,260,,False,False,False,False,False,False,"villa a ghrabi hammem sousse | Tayara Publicité Contactez-nous : +216 95 256 096 Explorer Nos boutiques ImmoNeuf Promoteurs Offres et services Votre récente recheche: Pas de recheches récentes Filtre avancé Publier une annonce Se connecter Boutiques ImmoNeuf Annonce Messages Profil Retour Accueil maisons-et-villas sousse hammam-sousse villa-a-ghrabi-hammem-sousse Accueil Maisons et villas Sousse Hammam sousse Villa a ghrabi hammem sousse Boutique house presso & services 115 annonce(s) Sousse boulevard 14 Janvier Carthage Centre Khzema Est , Sousse, Tunisia Chat avec le vendeur Discuter sur WhatsApp Afficher le numéro Simulez votre crédit Nous Contacter Partager l ' annonce Signaler villa a ghrabi hammem sousse 530 000 DT immobilier Sousse , 2 hours ago Entregitrer Signaler Description a vendre villa a ghrabi hammem sousse en face mosquee sahaba de 260m2 terrain .couvert 180m2 avec entree de voiture et terrasse toute neuve prix 530000d pour plus d'informations contactez ridha Afficher le numéro ou kamel Afficher le numéro ou visitez notre page face book housepresso&services Lire plus Critères Type de transaction À Vendre Superficie 260 Salles de bains -1 Chambres -4 Vous trouverez aussi chez house presso & services n'a pas d'autres annonces actives Boutique house presso & services Chat avec le vendeur Acheter et vendre gratuitement près de chez vous Immo-Expert Aide Contactez-nous Professionnels Conditions d'utilisation Politiques relatives aux cookies Raccourcis Publier une annonce Visiter une boutique Filtres avancés Rechercher sur tayara Offres et services Bons plans Contactez-nous Vous avez une question? appelez ce numéro +216 95 256 096 Retrouvez-nous sur • صوّر بيع • لوّج إشري",2026-09-03T12:57:15
tayara_6a92c9d233f4b02206bc644a,tayara,https://www.tayara.tn/item/maisons-et-villas/ariana/el-menzah-8/a-louer-un-studio-s2-menzah8-ariana/6a92c9d233f4b02206bc644a/,location,maison_villa,"A louer un   studio S+2 
 menzah8  ariana",Ariana,El Menzah 8,,,2,1,80,,False,False,False,False,False,False,"A louer un   studio S+2 
 menzah8  ariana | Tayara Publicité Contactez-nous : +216 95 256 096 Explorer Nos boutiques ImmoNeuf Promoteurs Offres et services Votre récente recheche: Pas de recheches récentes Filtre avancé Publier une annonce Se connecter Boutiques ImmoNeuf Annonce Messages Profil Retour Accueil maisons-et-villas ariana el-menzah-8 a-louer-un-studio-s2-menzah8-ariana Accueil Maisons et villas Ariana El menzah 8 A louer un studio s2 menzah8 ariana Boutique palmarès immobilière 15 annonce(s) Rue de la feuille d'érable, Résidence Omega lac 2، Chat avec le vendeur Discuter sur WhatsApp Afficher le numéro Simulez votre crédit Nous Contacter Partager l ' annonce Signaler A louer un   studio S+2 
 menzah8  ariana 650 DT immobilier Ariana , 4 days ago Entregitrer Signaler Description Palmarès immobilier met à la location un grand  studio,  entre  indépendante, sur la route principale  menzah8 près toute commodités. Ok
 deux chambres à coucher,  salon , salle de bain ,terrasse. 
prix de loyer  650d par mois  ☎️ Afficher le numéro Lire plus Critères Type de transaction À Louer Superficie 80 Salles de bains 1 Chambres 3 Vous trouverez aussi chez palmarès immobilière n'a pas d'autres annonces actives Boutique palmarès immobilière Chat avec le vendeur Acheter et vendre gratuitement près de chez vous Immo-Expert Aide Contactez-nous Professionnels Conditions d'utilisation Politiques relatives aux cookies Raccourcis Publier une annonce Visiter une boutique Filtres avancés Rechercher sur tayara Offres et services Bons plans Contactez-nous Vous avez une question? appelez ce numéro +216 95 256 096 Retrouvez-nous sur • صوّر بيع • لوّج إشري",2026-09-03T12:57:18
tayara_6a99288733f4b02206bf4638,tayara,https://www.tayara.tn/item/maisons-et-villas/ariana/el-menzah-7/rez-de-jardin-s-plus-2-meubl-a-el-manzah-7-wb1334/6a99288733f4b02206bf4638/,location,maison_villa,rez de jardin s plus 2 meublé a el manzah 7 wb1334,Ariana,El Menzah 7,334900.0,,,1,90,,False,False,False,False,False,True,"rez de jardin s plus 2 meublé a el manzah 7 wb1334 | Tayara Publicité Contactez-nous : +216 95 256 096 Explorer Nos boutiques ImmoNeuf Promoteurs Offres et services Votre récente recheche: Pas de recheches récentes Filtre avancé Publier une annonce Se connecter Boutiques ImmoNeuf Annonce Messages Profil Retour Accueil maisons-et-villas ariana el-menzah-7 rez-de-jardin-s-plus-2-meubl-a-el-manzah-7-wb1334 ❯ ❮ ❯ ❮ ❯ ❮ ❯ ❮ ❯ ❮ ❯ ❮ ❯ ❮ ❯ ❮ ❯ ❮ ❯ ❮ Accueil Maisons et villas Ariana El menzah 7 Rez de jardin s plus 2 meubl a el manzah 7 wb1334 hamma 3 annonce(s) Chat avec le vendeur Discuter sur WhatsApp Afficher le numéro Simulez votre crédit Partager l ' annonce Signaler rez de jardin s plus 2 meublé a el manzah 7 wb1334 900 DT immobilier Ariana , 4 hours ago Entregitrer Signaler Description l'agence immo contact met en location a el manzah  7  pour 900 dt par mois un rez de jardin s plus 2 meublé (90m) avec terrasse , entrée commune , pour filles (wb1334) frais de visite 20dt , commission agence 1 mois Lire plus Critères Type de transaction À Louer Superficie 90 Salles de bains 1 Chambres 2 hamma Chat avec le vendeur Acheter et vendre gratuitement près de chez vous Immo-Expert Aide Contactez-nous Professionnels Conditions d'utilisation Politiques relatives aux cookies Raccourcis Publier une annonce Visiter une boutique Filtres avancés Rechercher sur tayara Offres et services Bons plans Contactez-nous Vous avez une question? appelez ce numéro +216 95 256 096 Retrouvez-nous sur • صوّر بيع • لوّج إشري",2026-09-03T12:57:23
tayara_6a8587eb86fe4424fc3402e7,tayara,https://www.tayara.tn/item/maisons-et-villas/ben-arous/boumhel/un-rdc-de-villa-s3-bougarnin/6a8587eb86fe4424fc3402e7/,location,maison_villa,Un RDC  de villa S+3 à bougarnin,Ben Arous,Boumhel,2000.0,,3,2,140,RDC,False,False,False,False,False,False,"Un RDC  de villa S+3 à bougarnin  | Tayara Publicité Contactez-nous : +216 95 256 096 Explorer Nos boutiques ImmoNeuf Promoteurs Offres et services Votre récente recheche: Pas de recheches récentes Filtre avancé Publier une annonce Se connecter Boutiques ImmoNeuf Annonce Messages Profil Retour Accueil maisons-et-villas ben-arous boumhel un-rdc-de-villa-s3-bougarnin ❯ ❮ ❯ ❮ ❯ ❮ ❯ ❮ ❯ ❮ ❯ ❮ ❯ ❮ ❯ ❮ ❯ ❮ Accueil Maisons et villas Ben arous Boumhel Un rdc de villa s3 bougarnin Boutique méditerrané boumhal 15 annonce(s) Avenue de L'environnement, Boumhel Chat avec le vendeur Discuter sur WhatsApp Afficher le numéro Simulez votre crédit Nous Contacter Partager l ' annonce Signaler Un RDC  de villa S+3 à bougarnin 2 000 DT immobilier Ben Arous , 3 hours ago Entregitrer Signaler Description La Méditerranée Immobilière à Boumhel vous propose à la location un agréable étage de villa S+3 situé au rez-de-chaussée dans un quartier calme à bougarnin. Ce bien se compose d’un spacieux salon, de trois chambres à coucher dont deux avec dressings, de deux salles d’eau dont une avec douche, ainsi que d’une cuisine équipée par plaque ,hotte et des éléments de rangement. Il dispose également d’une entrée indépendante avec jardin et grand terrasse avec débarrât . Lire plus Critères Type de transaction À Louer Superficie 140 Salles de bains 2 Chambres 3 Vous trouverez aussi chez méditerrané boumhal n'a pas d'autres annonces actives Boutique méditerrané boumhal Chat avec le vendeur Acheter et vendre gratuitement près de chez vous Immo-Expert Aide Contactez-nous Professionnels Conditions d'utilisation Politiques relatives aux cookies Raccourcis Publier une annonce Visiter une boutique Filtres avancés Rechercher sur tayara Offres et services Bons plans Contactez-nous Vous avez une question? appelez ce numéro +216 95 256 096 Retrouvez-nous sur • صوّر بيع • لوّج إشري",2026-09-03T12:57:25
tayara_6a9929f533f4b02206bf4705,tayara,https://www.tayara.tn/item/maisons-et-villas/tunis/el-menzah-9/studio-s-plus-1-meubl-a-el-manzah-9b-wb4300/6a9929f533f4b02206bf4705/,location,maison_villa,studio s plus 1 meublé a el manzah 9b wb4300,Tunis,El Menzah 9,300700.0,,,1,50,,False,False,False,False,False,True,"studio s plus 1 meublé a el manzah 9b wb4300 | Tayara Publicité Contactez-nous : +216 95 256 096 Explorer Nos boutiques ImmoNeuf Promoteurs Offres et services Votre récente recheche: Pas de recheches récentes Filtre avancé Publier une annonce Se connecter Boutiques ImmoNeuf Annonce Messages Profil Retour Accueil maisons-et-villas tunis el-menzah-9 studio-s-plus-1-meubl-a-el-manzah-9b-wb4300 ❯ ❮ ❯ ❮ ❯ ❮ ❯ ❮ ❯ ❮ ❯ ❮ ❯ ❮ Accueil Maisons et villas Tunis El menzah 9 Studio s plus 1 meubl a el manzah 9b wb4300 wajdi bouzaidi 2 annonce(s) Chat avec le vendeur Discuter sur WhatsApp Afficher le numéro Simulez votre crédit Partager l ' annonce Signaler studio s plus 1 meublé a el manzah 9b wb4300 700 DT immobilier Tunis , 4 hours ago Entregitrer Signaler Description l'agence immo contact met en location pour 700 dt par mois a el manzah 9b ( pas loin du marché ) un studio s plus 1 meublé (50m) avec entrée commune , pour filles ou couples (wb4300) frais de visite 20dt , commission agence 1 mois Lire plus Critères Type de transaction À Louer Superficie 50 Salles de bains 1 Chambres 1 wajdi bouzaidi Chat avec le vendeur Acheter et vendre gratuitement près de chez vous Immo-Expert Aide Contactez-nous Professionnels Conditions d'utilisation Politiques relatives aux cookies Raccourcis Publier une annonce Visiter une boutique Filtres avancés Rechercher sur tayara Offres et services Bons plans Contactez-nous Vous avez une question? appelez ce numéro +216 95 256 096 Retrouvez-nous sur • صوّر بيع • لوّج إشري",2026-09-03T12:57:28
tayara_6a992bd333f4b02206bf480f,tayara,https://www.tayara.tn/item/maisons-et-villas/la-manouba/denden/villa-mannouba/6a992bd333f4b02206bf480f/,vente,maison_villa,"villa , mannouba",Manouba,Denden,230000.0,,3,2,130,,False,False,False,False,False,False,"villa , mannouba  | Tayara Publicité Contactez-nous : +216 95 256 096 Explorer Nos boutiques ImmoNeuf Promoteurs Offres et services Votre récente recheche: Pas de recheches récentes Filtre avancé Publier une annonce Se connecter Boutiques ImmoNeuf Annonce Messages Profil Retour Accueil maisons-et-villas la-manouba denden villa-mannouba ❯ ❮ ❯ ❮ ❯ ❮ ❯ ❮ ❯ ❮ ❯ ❮ ❯ ❮ ❯ ❮ ❯ ❮ Accueil Maisons et villas La manouba Denden Villa mannouba hosni 1 annonce(s) Chat avec le vendeur Discuter sur WhatsApp Afficher le numéro Simulez votre crédit Partager l ' annonce Signaler villa , mannouba 230 000 DT immobilier La Manouba , 4 hours ago Entregitrer Signaler Description villa comme neuve endroit calme s+3 spatieuse prix 230 négociable occasion a ne pas rater Lire plus Critères Type de transaction À Vendre Superficie 130 Salles de bains 2 Chambres 4 hosni Chat avec le vendeur Acheter et vendre gratuitement près de chez vous Immo-Expert Aide Contactez-nous Professionnels Conditions d'utilisation Politiques relatives aux cookies Raccourcis Publier une annonce Visiter une boutique Filtres avancés Rechercher sur tayara Offres et services Bons plans Contactez-nous Vous avez une question? appelez ce numéro +216 95 256 096 Retrouvez-nous sur • صوّر بيع • لوّج إشري",2026-09-03T12:57:30
tayara_6a98d70d33f4b02206bf3402,tayara,https://www.tayara.tn/item/maisons-et-villas/ariana/la-soukra/une-villa-s4-avec-jardin-louer-la-soukra/6a98d70d33f4b02206bf3402/,location,maison_villa,Une villa S+4 avec jardin à Louer à La Soukra,Ariana,La Soukra,1800.0,400.0,4,4,2,,False,False,False,True,True,False,"Une villa S+4 avec jardin à Louer à La Soukra  | Tayara Publicité Contactez-nous : +216 95 256 096 Explorer Nos boutiques ImmoNeuf Promoteurs Offres et services Votre récente recheche: Pas de recheches récentes Filtre avancé Publier une annonce Se connecter Boutiques ImmoNeuf Annonce Messages Profil Retour Accueil maisons-et-villas ariana la-soukra une-villa-s4-avec-jardin-louer-la-soukra ❯ ❮ ❯ ❮ ❯ ❮ ❯ ❮ ❯ ❮ ❯ ❮ ❯ ❮ ❯ ❮ ❯ ❮ Accueil Maisons et villas Ariana La soukra Une villa s4 avec jardin louer la soukra mon bien immobilier 1 annonce(s) Chat avec le vendeur Discuter sur WhatsApp Afficher le numéro Simulez votre crédit Partager l ' annonce Signaler Une villa S+4 avec jardin à Louer à La Soukra 1 800 DT immobilier Ariana , 10 hours ago Entregitrer Signaler Description Notre Agence ""Mon Bien"" met en location un étage de villa S+4 avec jardin totalement indépendant  à La Soukra chotrana 3 situé dans un cartier luxueux entoure par des villas de luxe, il se compose d'un grand salon, une cuisine bien équipée (plaque four hotte), 4 chambres à coucheret balcon et 2 salles de bain chauffage central abri de voiture (3places) 
Dressing climatiseur chauffage centrale jardin 400m2
Prix: 1800TND
Pour plus d'informations merci de nous contacter sur le Afficher le numéro Lire plus Critères Type de transaction À Louer Superficie 600 Salles de bains 2 Chambres 4 mon bien immobilier Chat avec le vendeur Acheter et vendre gratuitement près de chez vous Immo-Expert Aide Contactez-nous Professionnels Conditions d'utilisation Politiques relatives aux cookies Raccourcis Publier une annonce Visiter une boutique Filtres avancés Rechercher sur tayara Offres et services Bons plans Contactez-nous Vous avez une question? appelez ce numéro +216 95 256 096 Retrouvez-nous sur • صوّر بيع • لوّج إشري",2026-09-03T12:57:33
tayara_6a9928ee33f4b02206bf4684,tayara,https://www.tayara.tn/item/maisons-et-villas/ariana/jardins-el-menzah/studio-s-plus-1-aux-jzmh-2-wb4320/6a9928ee33f4b02206bf4684/,location,maison_villa,studio s plus 1 aux jzmh 2 wb4320,Ariana,Jardins El Menzah,320730.0,,,1,75,,False,False,False,False,True,False,"studio s plus 1 aux jzmh 2 wb4320 | Tayara Publicité Contactez-nous : +216 95 256 096 Explorer Nos boutiques ImmoNeuf Promoteurs Offres et services Votre récente recheche: Pas de recheches récentes Filtre avancé Publier une annonce Se connecter Boutiques ImmoNeuf Annonce Messages Profil Retour Accueil maisons-et-villas ariana jardins-el-menzah studio-s-plus-1-aux-jzmh-2-wb4320 ❯ ❮ ❯ ❮ ❯ ❮ ❯ ❮ ❯ ❮ Accueil Maisons et villas Ariana Jardins el menzah Studio s plus 1 aux jzmh 2 wb4320 mohamed ben amor 3 annonce(s) Chat avec le vendeur Discuter sur WhatsApp Afficher le numéro Simulez votre crédit Partager l ' annonce Signaler studio s plus 1 aux jzmh 2 wb4320 730 DT immobilier Ariana , 4 hours ago Entregitrer Signaler Description l'agence immo contact met en location aux jardins d'el manzah 2 ( lotissement afh , proche x3 et rond point de la foire ) pour 730 dt par mois un s plus 1 hst (75m) avec chauffage central  (wb4320) frais de visite 20dt , commission agence 1 mois Lire plus Critères Type de transaction À Louer Superficie 75 Salles de bains 1 Chambres 1 mohamed ben amor Chat avec le vendeur Acheter et vendre gratuitement près de chez vous Immo-Expert Aide Contactez-nous Professionnels Conditions d'utilisation Politiques relatives aux cookies Raccourcis Publier une annonce Visiter une boutique Filtres avancés Rechercher sur tayara Offres et services Bons plans Contactez-nous Vous avez une question? appelez ce numéro +216 95 256 096 Retrouvez-nous sur • صوّر بيع • لوّج إشري",2026-09-03T12:57:35
tayara_6a47060642ac9a3b7d1fbb04,tayara,https://www.tayara.tn/item/maisons-et-villas/mdenine/djerba-midoun/villa-459m-vendre-djerba-midoun/6a47060642ac9a3b7d1fbb04/,vente,maison_villa,Villa 459m² à vendre Djerba Midoun,Médenine,Djerba Midoun,,459.0,,2,459,,False,False,False,False,False,False,"Villa 459m² à vendre Djerba Midoun | Tayara Publicité Contactez-nous : +216 95 256 096 Explorer Nos boutiques ImmoNeuf Promoteurs Offres et services Votre récente recheche: Pas de recheches récentes Filtre avancé Publier une annonce Se connecter Boutiques ImmoNeuf Annonce Messages Profil Retour Accueil maisons-et-villas mdenine djerba-midoun villa-459m-vendre-djerba-midoun ❯ ❮ ❯ ❮ ❯ ❮ ❯ ❮ ❯ ❮ ❯ ❮ ❯ ❮ ❯ ❮ Accueil Maisons et villas Mdenine Djerba midoun Villa 459m vendre djerba midoun Boutique gest immo - logistique 25 annonce(s) Immeuble Amen Bank, Zone Industrielle Charguia I. Chat avec le vendeur Discuter sur WhatsApp Afficher le numéro Simulez votre crédit Nous Contacter Partager l ' annonce Signaler Villa 459m² à vendre Djerba Midoun immobilier Médenine , 5 hours ago Entregitrer Signaler Description 🏡 GEST IMMO LOGISTIQUE vous propose à la vente une villa R+1 de standing à Midoun – Djerba.

Bâtie sur un terrain de 459 m², cette villa allie confort, fonctionnalité et qualité de vie dans un environnement calme et sécurisé.

✔️ Hall d'entrée
✔️ Salon, séjour et salle à manger
✔️ Cuisine et buanderie
✔️ Suite parentale avec dressing
✔️ 2 chambres à coucher
✔️ Salle de bain et terrasse

🌴 Résidence privée de 24 villas avec gardiennage.
✅ 0 % de commission avec GEST IMMO.
📞 Contactez-nous au Afficher le numéro Lire plus Critères Type de transaction À Vendre Superficie 459 Salles de bains 2 Chambres 3 Vous trouverez aussi chez gest immo - logistique n'a pas d'autres annonces actives Boutique gest immo - logistique Chat avec le vendeur Acheter et vendre gratuitement près de chez vous Immo-Expert Aide Contactez-nous Professionnels Conditions d'utilisation Politiques relatives aux cookies Raccourcis Publier une annonce Visiter une boutique Filtres avancés Rechercher sur tayara Offres et services Bons plans Contactez-nous Vous avez une question? appelez ce numéro +216 95 256 096 Retrouvez-nous sur • صوّر بيع • لوّج إشري",2026-09-03T12:57:37
tayara_6a4703f6c59ab3cb25a50902,tayara,https://www.tayara.tn/item/maisons-et-villas/mdenine/djerba-midoun/villa-396-m-vendre-djerba/6a4703f6c59ab3cb25a50902/,vente,maison_villa,Villa 396 m² à vendre Djerba,Médenine,Djerba Midoun,,396.0,,2,395,,False,False,False,False,False,False,"Villa 396 m² à vendre Djerba | Tayara Publicité Contactez-nous : +216 95 256 096 Explorer Nos boutiques ImmoNeuf Promoteurs Offres et services Votre récente recheche: Pas de recheches récentes Filtre avancé Publier une annonce Se connecter Boutiques ImmoNeuf Annonce Messages Profil Retour Accueil maisons-et-villas mdenine djerba-midoun villa-396-m-vendre-djerba ❯ ❮ ❯ ❮ ❯ ❮ ❯ ❮ ❯ ❮ ❯ ❮ ❯ ❮ ❯ ❮ ❯ ❮ Accueil Maisons et villas Mdenine Djerba midoun Villa 396 m vendre djerba Boutique gest immo - logistique 25 annonce(s) Immeuble Amen Bank, Zone Industrielle Charguia I. Chat avec le vendeur Discuter sur WhatsApp Afficher le numéro Simulez votre crédit Nous Contacter Partager l ' annonce Signaler Villa 396 m² à vendre Djerba immobilier Médenine , 5 hours ago Entregitrer Signaler Description 🏡 GEST IMMO LOGISTIQUE vous propose à la vente une villa R+1 de standing à Midoun – Djerba.
Édifiée sur un terrain de 395 m², cette villa est située au sein d'une résidence privée, sécurisée et soigneusement entretenue.
Composition :
Hall d'entrée
Salon
Salle à manger
Séjour
Cuisine
Buanderie
Suite parentale avec dressing et salle de bain
2 chambres à coucher
Salle de bain
Terrasse
🌴 Résidence clôturée de 24 villas avec gardiennage, entretien des espaces communs et plantations de palmiers.
✅ 0 % de commission avec GEST IMMO.
📞 Pour plus d'informations ou pour organiser une visite, contactez-nous au Afficher le numéro . Lire plus Critères Type de transaction À Vendre Superficie 395 Salles de bains 2 Chambres 3 Vous trouverez aussi chez gest immo - logistique n'a pas d'autres annonces actives Boutique gest immo - logistique Chat avec le vendeur Acheter et vendre gratuitement près de chez vous Immo-Expert Aide Contactez-nous Professionnels Conditions d'utilisation Politiques relatives aux cookies Raccourcis Publier une annonce Visiter une boutique Filtres avancés Rechercher sur tayara Offres et services Bons plans Contactez-nous Vous avez une question? appelez ce numéro +216 95 256 096 Retrouvez-nous sur • صوّر بيع • لوّج إشري",2026-09-03T12:57:40
tayara_6a4cd98e4956ba003a3b35d2,tayara,https://www.tayara.tn/item/maisons-et-villas/nabeul/yasmine-hammamet/-vendre-villa-avec-piscine-5-appartement-s2-yasmine-hamammet/6a4cd98e4956ba003a3b35d2/,vente,maison_villa,À vendre Villa avec piscine + 5 Appartement s+2 à Yasmine hamammet,Nabeul,Yasmine Hammamet,,348.0,2,3,2,,False,False,True,True,True,False,"À vendre Villa avec piscine + 5 Appartement s+2 à Yasmine hamammet | Tayara Publicité Contactez-nous : +216 95 256 096 Explorer Nos boutiques ImmoNeuf Promoteurs Offres et services Votre récente recheche: Pas de recheches récentes Filtre avancé Publier une annonce Se connecter Boutiques ImmoNeuf Annonce Messages Profil Retour Accueil maisons-et-villas nabeul yasmine-hammamet -vendre-villa-avec-piscine-5-appartement-s2-yasmine-hamammet ❯ ❮ Accueil Maisons et villas Nabeul Yasmine hammamet vendre villa avec piscine 5 appartement s2 yasmine hamammet Boutique gest immo - logistique 25 annonce(s) Immeuble Amen Bank, Zone Industrielle Charguia I. Chat avec le vendeur Discuter sur WhatsApp Afficher le numéro Simulez votre crédit Nous Contacter Partager l ' annonce Signaler À vendre Villa avec piscine + 5 Appartement s+2 à Yasmine hamammet 1.3 DT immobilier Nabeul , 5 hours ago Entregitrer Signaler Description À Vendre – Ensemble Immobilier d'Exception à Yasmine Hammamet

GEST-IMMO vous propose un ensemble immobilier rare situé dans le quartier résidentiel de Yasmine Hammamet, à seulement 500 mètres de la plage, à proximité de la Marina, des hôtels, des espaces de loisirs et de toutes les commodités.

Édifié sur un terrain de 348 m² avec une surface bâtie de 510 m² répartie sur 4 niveaux, ce bien bénéficie d'un titre foncier individuel et de deux entrées indépendantes avec portail électrique.

Villa principale :

- Grand salon et salle à manger ouverts sur la piscine
- Cuisine
- 3 chambres, dont une suite parentale
- 2 salles de bains
- Terrasse de 70 m² avec vue dégagée
- Piscine privée et jardin

Résidence indépendante :

- 5 appartements indépendants
- Accès séparé
- Compteurs STEG, SONEDE et gaz individuels

Prestations :

- Chauffage central
- Climatisation en split
- Double vitrage aluminium
- Marbre de Thala
- Volets roulants électriques
- Local technique
- Clôture périphérique

Cet ensemble offre un excellent potentiel de valorisation après rafraîchissement et convient parfaitement pour une résidence familiale, un investissement locatif ou un projet touristique.

Dossier technique et expertise disponibles sur demande.

0 % de commission avec GEST-IMMO.

📞 Contact : Afficher le numéro Lire plus Critères Type de transaction À Vendre Superficie 510 Salles de bains 7 Chambres 13 Vous trouverez aussi chez gest immo - logistique n'a pas d'autres annonces actives Boutique gest immo - logistique Chat avec le vendeur Acheter et vendre gratuitement près de chez vous Immo-Expert Aide Contactez-nous Professionnels Conditions d'utilisation Politiques relatives aux cookies Raccourcis Publier une annonce Visiter une boutique Filtres avancés Rechercher sur tayara Offres et services Bons plans Contactez-nous Vous avez une question? appelez ce numéro +216 95 256 096 Retrouvez-nous sur • صوّر بيع • لوّج إشري",2026-09-03T12:57:42
tayara_6a9928ee33f4b02206bf4683,tayara,https://www.tayara.tn/item/maisons-et-villas/ariana/el-menzah-7/rez-de-jardin-s-plus-2-meubl-a-el-manzah-7-wb1620/6a9928ee33f4b02206bf4683/,location,maison_villa,rez de jardin s plus 2 meublé a el manzah 7 wb1620,Ariana,El Menzah 7,620750.0,,,1,75,,False,False,False,False,False,True,"rez de jardin s plus 2 meublé a el manzah 7 wb1620 | Tayara Publicité Contactez-nous : +216 95 256 096 Explorer Nos boutiques ImmoNeuf Promoteurs Offres et services Votre récente recheche: Pas de recheches récentes Filtre avancé Publier une annonce Se connecter Boutiques ImmoNeuf Annonce Messages Profil Retour Accueil maisons-et-villas ariana el-menzah-7 rez-de-jardin-s-plus-2-meubl-a-el-manzah-7-wb1620 ❯ ❮ ❯ ❮ ❯ ❮ ❯ ❮ ❯ ❮ ❯ ❮ ❯ ❮ Accueil Maisons et villas Ariana El menzah 7 Rez de jardin s plus 2 meubl a el manzah 7 wb1620 mohamed ben amor 3 annonce(s) Chat avec le vendeur Discuter sur WhatsApp Afficher le numéro Simulez votre crédit Partager l ' annonce Signaler rez de jardin s plus 2 meublé a el manzah 7 wb1620 750 DT immobilier Ariana , 4 hours ago Entregitrer Signaler Description l'agence immo contact met en location a el manzah 7 pour 750 dt par mois un rez de jardin s plus 2 (75m) semi meublé avec gaz de ville , salle de bain , entrée commune , pour filles  (wb1620) frais de visite 20dt , commission agence 1 mois Lire plus Critères Type de transaction À Louer Superficie 75 Salles de bains 1 Chambres 2 mohamed ben amor Chat avec le vendeur Acheter et vendre gratuitement près de chez vous Immo-Expert Aide Contactez-nous Professionnels Conditions d'utilisation Politiques relatives aux cookies Raccourcis Publier une annonce Visiter une boutique Filtres avancés Rechercher sur tayara Offres et services Bons plans Contactez-nous Vous avez une question? appelez ce numéro +216 95 256 096 Retrouvez-nous sur • صوّر بيع • لوّج إشري",2026-09-03T12:57:46
tayara_6a99349733f4b02206bf4ceb,tayara,https://www.tayara.tn/item/maisons-et-villas/ariana/borj-louzir/maison-meuble-climatis-louer-borj-louzir-ariana-s2/6a99349733f4b02206bf4ceb/,location,maison_villa,Maison meublée Climatisé à louer à Borj louzir Ariana s+2,Ariana,Borj Louzir,,,2,1,,,False,False,False,False,False,True,"Maison meublée Climatisé à louer à Borj louzir Ariana s+2 | Tayara Publicité Contactez-nous : +216 95 256 096 Explorer Nos boutiques ImmoNeuf Promoteurs Offres et services Votre récente recheche: Pas de recheches récentes Filtre avancé Publier une annonce Se connecter Boutiques ImmoNeuf Annonce Messages Profil Retour Accueil maisons-et-villas ariana borj-louzir maison-meuble-climatis-louer-borj-louzir-ariana-s2 ❯ ❮ ❯ ❮ ❯ ❮ ❯ ❮ ❯ ❮ ❯ ❮ ❯ ❮ ❯ ❮ ❯ ❮ Accueil Maisons et villas Ariana Borj louzir Maison meuble climatis louer borj louzir ariana s2 anonyme 1 annonce(s) Chat avec le vendeur Discuter sur WhatsApp Afficher le numéro Simulez votre crédit Partager l ' annonce Signaler Maison meublée Climatisé à louer à Borj louzir Ariana s+2 immobilier Ariana , 3 hours ago Entregitrer Signaler Description s+2 Climatisé Critères Type de transaction À Louer Salles de bains 1 Chambres 2 Superficie 80 anonyme Chat avec le vendeur Acheter et vendre gratuitement près de chez vous Immo-Expert Aide Contactez-nous Professionnels Conditions d'utilisation Politiques relatives aux cookies Raccourcis Publier une annonce Visiter une boutique Filtres avancés Rechercher sur tayara Offres et services Bons plans Contactez-nous Vous avez une question? appelez ce numéro +216 95 256 096 Retrouvez-nous sur • صوّر بيع • لوّج إشري",2026-09-03T12:57:49
tayara_6a470513c59ab3cb25a5094b,tayara,https://www.tayara.tn/item/maisons-et-villas/mdenine/djerba-midoun/villa-486m-vendre-djerba-midoun/6a470513c59ab3cb25a5094b/,vente,maison_villa,Villa 486m² à Vendre Djerba Midoun,Médenine,Djerba Midoun,,486.0,,4,486,,False,False,False,False,False,False,"Villa 486m² à Vendre Djerba Midoun | Tayara Publicité Contactez-nous : +216 95 256 096 Explorer Nos boutiques ImmoNeuf Promoteurs Offres et services Votre récente recheche: Pas de recheches récentes Filtre avancé Publier une annonce Se connecter Boutiques ImmoNeuf Annonce Messages Profil Retour Accueil maisons-et-villas mdenine djerba-midoun villa-486m-vendre-djerba-midoun ❯ ❮ ❯ ❮ ❯ ❮ ❯ ❮ ❯ ❮ ❯ ❮ ❯ ❮ ❯ ❮ ❯ ❮ Accueil Maisons et villas Mdenine Djerba midoun Villa 486m vendre djerba midoun Boutique gest immo - logistique 25 annonce(s) Immeuble Amen Bank, Zone Industrielle Charguia I. Chat avec le vendeur Discuter sur WhatsApp Afficher le numéro Simulez votre crédit Nous Contacter Partager l ' annonce Signaler Villa 486m² à Vendre Djerba Midoun immobilier Médenine , 5 hours ago Entregitrer Signaler Description GEST IMMO LOGISTIQUE vous propose à la vente une villa R+1 de standing à Midoun – Djerba.
Implantée sur un terrain de 486 m², cette villa offre de beaux espaces de vie dans une résidence privée et sécurisée.

Composition :

Hall d'entrée
Salon
Salle à manger
Séjour
Cuisine
Buanderie
Suite parentale avec dressing et salle de bain
4 chambres à coucher
Salle de bain
Terrasse
🌴 Résidence clôturée avec gardiennage et espaces verts entretenus.
✅ 0 % de commission avec GEST IMMO.
📞 Contact : Afficher le numéro Lire plus Critères Type de transaction À Vendre Superficie 486 Salles de bains 2 Chambres 3 Vous trouverez aussi chez gest immo - logistique n'a pas d'autres annonces actives Boutique gest immo - logistique Chat avec le vendeur Acheter et vendre gratuitement près de chez vous Immo-Expert Aide Contactez-nous Professionnels Conditions d'utilisation Politiques relatives aux cookies Raccourcis Publier une annonce Visiter une boutique Filtres avancés Rechercher sur tayara Offres et services Bons plans Contactez-nous Vous avez une question? appelez ce numéro +216 95 256 096 Retrouvez-nous sur • صوّر بيع • لوّج إشري",2026-09-03T12:57:51
tayara_69f2065dc8fe7f45665db60e,tayara,https://www.tayara.tn/item/maisons-et-villas/mahdia/mahdia/-a-vendre-rezdechausse-s3-la-corniche-mahdia-/69f2065dc8fe7f45665db60e/,vente,maison_villa,🏠 A vendre Rez-de-chaussée S+3- La corniche Mahdia 🏠,Mahdia,Mahdia,315000.0,123.0,3,2,,Rez-de-chaussée,False,False,False,True,False,False,"🏠 A vendre Rez-de-chaussée S+3- La corniche Mahdia 🏠 | Tayara Publicité Contactez-nous : +216 95 256 096 Explorer Nos boutiques ImmoNeuf Promoteurs Offres et services Votre récente recheche: Pas de recheches récentes Filtre avancé Publier une annonce Se connecter Boutiques ImmoNeuf Annonce Messages Profil Retour Accueil maisons-et-villas mahdia mahdia -a-vendre-rezdechausse-s3-la-corniche-mahdia- ❯ ❮ ❯ ❮ ❯ ❮ ❯ ❮ ❯ ❮ ❯ ❮ ❯ ❮ ❯ ❮ ❯ ❮ Accueil Maisons et villas Mahdia Mahdia a vendre rezdechausse s3 la corniche mahdia Boutique memmi immo 33 annonce(s) Adresse: 348 Avenue Habib bourguiba Mahdia Chat avec le vendeur Discuter sur WhatsApp Afficher le numéro Simulez votre crédit Nous Contacter Partager l ' annonce Signaler 🏠 A vendre Rez-de-chaussée S+3- La corniche Mahdia 🏠 315 000 DT immobilier Mahdia , 3 hours ago Entregitrer Signaler Description #Memmimmo vous présente en EXCUSIVITE cet agréable rez-de-chaussée situé à deux pas de la plage. Il se compose d'une entrée, un salon, une cuisine, trois chambres à coucher, une salle de bain, une salle de douche et un patio. 
▫️Rez-de-chaussée
▫️Superficie: 123 m²
▫️Climatiseur au salon
▫️Placard dans chaque chambre 
▫️Orientation Sud-Est
Vous souhaitez plus d'informations sur ce bien?⬇️
☎️ Afficher le numéro / Afficher le numéro 📧 [email protected] Lire plus Critères Type de transaction À Vendre Salles de bains 2 Chambres 3 Superficie 122 Vous trouverez aussi chez memmi immo n'a pas d'autres annonces actives Boutique memmi immo Chat avec le vendeur Acheter et vendre gratuitement près de chez vous Immo-Expert Aide Contactez-nous Professionnels Conditions d'utilisation Politiques relatives aux cookies Raccourcis Publier une annonce Visiter une boutique Filtres avancés Rechercher sur tayara Offres et services Bons plans Contactez-nous Vous avez une question? appelez ce numéro +216 95 256 096 Retrouvez-nous sur • صوّر بيع • لوّج إشري",2026-09-03T12:57:55
tayara_69f085c39ab1fd1e1093b364,tayara,https://www.tayara.tn/item/maisons-et-villas/mahdia/mahdia/-villa-s5-avec-jardin-rejiche-mahdia/69f085c39ab1fd1e1093b364/,vente,maison_villa,🏠  𝐀 𝐕𝐄𝐍𝐃𝐑𝐄 Villa S+5 avec jardin 🏠 Rejiche Mahdia,Mahdia,Mahdia,880000.0,493.0,5,4,493,rez-de-chaussée,False,True,False,False,False,False,"🏠  𝐀 𝐕𝐄𝐍𝐃𝐑𝐄 Villa S+5 avec jardin 🏠 Rejiche Mahdia | Tayara Publicité Contactez-nous : +216 95 256 096 Explorer Nos boutiques ImmoNeuf Promoteurs Offres et services Votre récente recheche: Pas de recheches récentes Filtre avancé Publier une annonce Se connecter Boutiques ImmoNeuf Annonce Messages Profil Retour Accueil maisons-et-villas mahdia mahdia -villa-s5-avec-jardin-rejiche-mahdia ❯ ❮ ❯ ❮ ❯ ❮ ❯ ❮ ❯ ❮ ❯ ❮ ❯ ❮ ❯ ❮ ❯ ❮ ❯ ❮ ❯ ❮ Accueil Maisons et villas Mahdia Mahdia villa s5 avec jardin rejiche mahdia Boutique memmi immo 33 annonce(s) Adresse: 348 Avenue Habib bourguiba Mahdia Chat avec le vendeur Discuter sur WhatsApp Afficher le numéro Simulez votre crédit Nous Contacter Partager l ' annonce Signaler 🏠  𝐀 𝐕𝐄𝐍𝐃𝐑𝐄 Villa S+5 avec jardin 🏠 Rejiche Mahdia 880 000 DT immobilier Mahdia , 3 hours ago Entregitrer Signaler Description Un coup de cœur assuré ❤️
Découvrez le charme et le potentiel de cette grande villa avec jardin qui fait le coin bénéficiant d’une bonne exposition au soleil ☀️☀️. Idéalement située à quelques pas du centre ville, de tous les commerces et à 15 minutes à pieds de la plage. 
Surface Terrain: 493 m2
𝕾𝖊 𝖈𝖔𝖒𝖕𝖔𝖘𝖊 𝖉𝖊 :
Au rez-de-chaussée: 
✅Salon/ Salle à manger
✅Cuisine équipée et aménagée donnant sur une terrasse
✅Une suite parentale avec salle de douche
✅Salle d’eau 
✅Parking au sous-sol 
Au premier étage: 
✅Suite parentale avec salle de bain
✅Trois chambres à coucher 
✅Salle de douche
✅Terrasse
À L’extérieur: 
✅Un jardin 🪴 🪴
✅Un garage
✔️Vous bénéficierez d’un espace habitable avec kitchenette au toit avec une belle vue dégagée 
📜Le titre foncier est disponible à l’agence 
ℹ️ 𝑷𝒐𝒖𝒓 𝒑𝒍𝒖𝒔 𝒅'𝒊𝒏𝒇𝒐𝒓𝒎𝒂𝒕𝒊𝒐𝒏𝒔 𝒗𝒆𝒖𝒊𝒍𝒍𝒆𝒛 𝒏𝒐𝒖𝒔 𝒄𝒐𝒏𝒕𝒂𝒄𝒕𝒆𝒓 :☎️🇹🇳 Afficher le numéro / Afficher le numéro 📲 WhatsApp Lire plus Critères Type de transaction À Vendre Superficie 493 Salles de bains 4 Chambres 5 Vous trouverez aussi chez memmi immo n'a pas d'autres annonces actives Boutique memmi immo Chat avec le vendeur Acheter et vendre gratuitement près de chez vous Immo-Expert Aide Contactez-nous Professionnels Conditions d'utilisation Politiques relatives aux cookies Raccourcis Publier une annonce Visiter une boutique Filtres avancés Rechercher sur tayara Offres et services Bons plans Contactez-nous Vous avez une question? appelez ce numéro +216 95 256 096 Retrouvez-nous sur • صوّر بيع • لوّج إشري",2026-09-03T12:57:58
tayara_6a9929f6b6ae14216f5e5f67,tayara,https://www.tayara.tn/item/maisons-et-villas/ariana/ariana/villa-s-plus-4-sur-2-niveaux-a-la-nouvelle-ariana-wb3513/6a9929f6b6ae14216f5e5f67/,location,maison_villa,villa s plus 4 sur 2 niveaux a la nouvelle ariana wb3513,Ariana,Ariana,2000.0,,,2,400,,False,True,False,False,True,False,"villa s plus 4 sur 2 niveaux a la nouvelle ariana wb3513 | Tayara Publicité Contactez-nous : +216 95 256 096 Explorer Nos boutiques ImmoNeuf Promoteurs Offres et services Votre récente recheche: Pas de recheches récentes Filtre avancé Publier une annonce Se connecter Boutiques ImmoNeuf Annonce Messages Profil Retour Accueil maisons-et-villas ariana ariana villa-s-plus-4-sur-2-niveaux-a-la-nouvelle-ariana-wb3513 ❯ ❮ ❯ ❮ ❯ ❮ ❯ ❮ ❯ ❮ ❯ ❮ ❯ ❮ ❯ ❮ ❯ ❮ ❯ ❮ ❯ ❮ Accueil Maisons et villas Ariana Ariana Villa s plus 4 sur 2 niveaux a la nouvelle ariana wb3513 wajdi bouzaidi 2 annonce(s) Chat avec le vendeur Discuter sur WhatsApp Afficher le numéro Simulez votre crédit Partager l ' annonce Signaler villa s plus 4 sur 2 niveaux a la nouvelle ariana wb3513 2 000 DT immobilier Ariana , 4 hours ago Entregitrer Signaler Description l'agence immo contact met en location a la nouvelle ariana pour 2000 dt par mois une villa s plus 4 sur 2 niveaux ( terrain 500m et bati 400m ) avec chauffage central , salle de bain , 2 salles d'eau , jardin , terrasse , garage  (wb3513) frais de visite 20dt , commission agence 1 mois Lire plus Critères Type de transaction À Louer Superficie 400 Salles de bains 2 Chambres 4 wajdi bouzaidi Chat avec le vendeur Acheter et vendre gratuitement près de chez vous Immo-Expert Aide Contactez-nous Professionnels Conditions d'utilisation Politiques relatives aux cookies Raccourcis Publier une annonce Visiter une boutique Filtres avancés Rechercher sur tayara Offres et services Bons plans Contactez-nous Vous avez une question? appelez ce numéro +216 95 256 096 Retrouvez-nous sur • صوّر بيع • لوّج إشري",2026-09-03T12:58:01
tayara_6a47079542ac9a3b7d1fbb6b,tayara,https://www.tayara.tn/item/maisons-et-villas/mdenine/djerba-midoun/villa-r1-372m-vendre-djerba-midoun/6a47079542ac9a3b7d1fbb6b/,vente,maison_villa,Villa R+1 372m² à Vendre | Djerba Midoun,Médenine,Djerba Midoun,,372.0,,2,372,,False,False,False,False,False,False,"Villa R+1 372m² à Vendre | Djerba Midoun | Tayara Publicité Contactez-nous : +216 95 256 096 Explorer Nos boutiques ImmoNeuf Promoteurs Offres et services Votre récente recheche: Pas de recheches récentes Filtre avancé Publier une annonce Se connecter Boutiques ImmoNeuf Annonce Messages Profil Retour Accueil maisons-et-villas mdenine djerba-midoun villa-r1-372m-vendre-djerba-midoun ❯ ❮ ❯ ❮ ❯ ❮ ❯ ❮ ❯ ❮ ❯ ❮ ❯ ❮ Accueil Maisons et villas Mdenine Djerba midoun Villa r1 372m vendre djerba midoun Boutique gest immo - logistique 25 annonce(s) Immeuble Amen Bank, Zone Industrielle Charguia I. Chat avec le vendeur Discuter sur WhatsApp Afficher le numéro Simulez votre crédit Nous Contacter Partager l ' annonce Signaler Villa R+1 372m² à Vendre | Djerba Midoun immobilier Médenine , 5 hours ago Entregitrer Signaler Description 🏡 GEST IMMO LOGISTIQUE vous propose à la vente une villa R+1 à Midoun – Djerba.

Édifiée sur un terrain de 372 m², cette villa est idéale pour une résidence principale ou secondaire.

Elle se compose de :
Hall d'entrée
Salon
Salle à manger
Séjour
Cuisine
Buanderie
Suite parentale avec dressing
2 chambres à coucher
Salle de bain
Terrasse

🌴 Résidence privée clôturée de 24 villas avec gardiennage et entretien des espaces communs.
✅ 0 % de commission avec GEST IMMO.

📞 Pour plus d'informations, contactez-nous au Afficher le numéro . Lire plus Critères Type de transaction À Vendre Superficie 372 Salles de bains 2 Chambres 3 Vous trouverez aussi chez gest immo - logistique n'a pas d'autres annonces actives Boutique gest immo - logistique Chat avec le vendeur Acheter et vendre gratuitement près de chez vous Immo-Expert Aide Contactez-nous Professionnels Conditions d'utilisation Politiques relatives aux cookies Raccourcis Publier une annonce Visiter une boutique Filtres avancés Rechercher sur tayara Offres et services Bons plans Contactez-nous Vous avez une question? appelez ce numéro +216 95 256 096 Retrouvez-nous sur • صوّر بيع • لوّج إشري",2026-09-03T12:58:04
tayara_6a99369f33f4b02206bf4e48,tayara,https://www.tayara.tn/item/maisons-et-villas/ariana/la-soukra/-vendre-villa-haut-standing-direct-promoteur-/6a99369f33f4b02206bf4e48/,vente,maison_villa,✨ À vendre – Villa haut standing (Direct promoteur) ✨,Ariana,La Soukra,1450000.0,350.0,,,,,False,False,False,False,False,False,"✨ À vendre – Villa haut standing (Direct promoteur) ✨ | Tayara Publicité Contactez-nous : +216 95 256 096 Explorer Nos boutiques ImmoNeuf Promoteurs Offres et services Votre récente recheche: Pas de recheches récentes Filtre avancé Publier une annonce Se connecter Boutiques ImmoNeuf Annonce Messages Profil Retour Accueil maisons-et-villas ariana la-soukra -vendre-villa-haut-standing-direct-promoteur- ❯ ❮ ❯ ❮ ❯ ❮ ❯ ❮ ❯ ❮ ❯ ❮ ❯ ❮ ❯ ❮ Accueil Maisons et villas Ariana La soukra vendre villa haut standing direct promoteur capital bravoo 5 1 annonce(s) Chat avec le vendeur Discuter sur WhatsApp Afficher le numéro Simulez votre crédit Partager l ' annonce Signaler ✨ À vendre – Villa haut standing (Direct promoteur) ✨ 1 450 000 DT immobilier Ariana , 3 hours ago Entregitrer Signaler Description ✨ À vendre – Villa haut standing (Direct promoteur) ✨

Découvrez cette magnifique villa moderne, offrant des prestations de qualité et un cadre de vie confortable et élégant.

📐 Terrain : 350 m²
🏡 Surface couverte : 180 m² sur 2 niveaux

🔹 Composition :
✔️ Spacieux salon lumineux
✔️ Salle d’eau invités
✔️ 3 suites parentales avec dressings et salles d’eau
✔️ Cuisine interne moderne et fonctionnelle
✔️ Cuisine externe pratique pour vos réceptions

🌿 Atouts :
✔️ Architecture moderne
✔️ Espaces bien optimisés
✔️ Direct promoteur

💰 Une opportunité idéale pour habitation ou investissement
Prix 1450 000 DT
📞 Contact : Afficher le numéro | Afficher le numéro | Afficher le numéro / Afficher le numéro Lire plus Critères Type de transaction À Vendre capital bravoo 5 Chat avec le vendeur Acheter et vendre gratuitement près de chez vous Immo-Expert Aide Contactez-nous Professionnels Conditions d'utilisation Politiques relatives aux cookies Raccourcis Publier une annonce Visiter une boutique Filtres avancés Rechercher sur tayara Offres et services Bons plans Contactez-nous Vous avez une question? appelez ce numéro +216 95 256 096 Retrouvez-nous sur • صوّر بيع • لوّج إشري",2026-09-03T12:58:06
tayara_6a30453314106929dedc6f10,tayara,https://www.tayara.tn/item/maisons-et-villas/ben-arous/boumhel/villa-s5-boumhel-bel-air/6a30453314106929dedc6f10/,vente,maison_villa,Villa s+5 à boumhel bel air,Ben Arous,Boumhel,1700000000.0,,5,3,700,,False,True,True,False,False,False,"Villa s+5 à boumhel bel air | Tayara Publicité Contactez-nous : +216 95 256 096 Explorer Nos boutiques ImmoNeuf Promoteurs Offres et services Votre récente recheche: Pas de recheches récentes Filtre avancé Publier une annonce Se connecter Boutiques ImmoNeuf Annonce Messages Profil Retour Accueil maisons-et-villas ben-arous boumhel villa-s5-boumhel-bel-air Accueil Maisons et villas Ben arous Boumhel Villa s5 boumhel bel air Boutique méditerrané boumhal 15 annonce(s) Avenue de L'environnement, Boumhel Chat avec le vendeur Discuter sur WhatsApp Afficher le numéro Simulez votre crédit Nous Contacter Partager l ' annonce Signaler Villa s+5 à boumhel bel air 1 700 000 000 DT immobilier Ben Arous , 3 hours ago Entregitrer Signaler Description La Méditerranée Immobilière vous propose à la vente une villa avec  piscine, situé dans un quartier résidentiel prisé.
💎 Prestations haut standing
🏊‍♂️ Piscine avec jardin
🛏️ cinq Chambres spacieuses
🍽️ Cuisine moderne équipée par des éléments de rangement 
🌿 Terrasses aménagées
🚗 Parking
📍 Emplacement premium – Proche montagne & commodités Lire plus Critères Type de transaction À Vendre Superficie 700 Salles de bains 3 Chambres 5 Vous trouverez aussi chez méditerrané boumhal n'a pas d'autres annonces actives Boutique méditerrané boumhal Chat avec le vendeur Acheter et vendre gratuitement près de chez vous Immo-Expert Aide Contactez-nous Professionnels Conditions d'utilisation Politiques relatives aux cookies Raccourcis Publier une annonce Visiter une boutique Filtres avancés Rechercher sur tayara Offres et services Bons plans Contactez-nous Vous avez une question? appelez ce numéro +216 95 256 096 Retrouvez-nous sur • صوّر بيع • لوّج إشري",2026-09-03T12:58:09
tayara_6a98be5b33f4b02206bf2d4e,tayara,https://www.tayara.tn/item/maisons-et-villas/ben-arous/el-mourouj-3/studio-mourouj-3/6a98be5b33f4b02206bf2d4e/,location,maison_villa,Studio mourouj 3,Ben Arous,El Mourouj 3,3500.0,,,1,40,,False,False,False,False,False,False,"Studio mourouj 3 | Tayara Publicité Contactez-nous : +216 95 256 096 Explorer Nos boutiques ImmoNeuf Promoteurs Offres et services Votre récente recheche: Pas de recheches récentes Filtre avancé Publier une annonce Se connecter Boutiques ImmoNeuf Annonce Messages Profil Retour Accueil maisons-et-villas ben-arous el-mourouj-3 studio-mourouj-3 ❯ ❮ ❯ ❮ ❯ ❮ ❯ ❮ Accueil Maisons et villas Ben arous El mourouj 3 Studio mourouj 3 slim b 1 annonce(s) Chat avec le vendeur Discuter sur WhatsApp Afficher le numéro Simulez votre crédit Partager l ' annonce Signaler Studio mourouj 3 500 DT immobilier Ben Arous , 12 hours ago Entregitrer Signaler Description je mets en location ce Studio avec entrée et Jardin indépendants, situé à mourouj 3 dans un quartier très calme, près du rond point Miami et de la station métro. 
Pour colocation filles ou couple marié.
WhatsApp Afficher le numéro Lire plus Critères Type de transaction À Louer Superficie 40 Salles de bains 1 Chambres 1 slim b Chat avec le vendeur Acheter et vendre gratuitement près de chez vous Immo-Expert Aide Contactez-nous Professionnels Conditions d'utilisation Politiques relatives aux cookies Raccourcis Publier une annonce Visiter une boutique Filtres avancés Rechercher sur tayara Offres et services Bons plans Contactez-nous Vous avez une question? appelez ce numéro +216 95 256 096 Retrouvez-nous sur • صوّر بيع • لوّج إشري",2026-09-03T12:58:11
tayara_6a98ca72b6ae14216f5e47af,tayara,https://www.tayara.tn/item/maisons-et-villas/mdenine/djerba-houmt-souk/houch-djerbien/6a98ca72b6ae14216f5e47af/,vente,maison_villa,Houch djerbien,Médenine,Djerba Houmt Souk,440000.0,,,270,,,False,False,False,False,False,False,"Houch djerbien | Tayara Publicité Contactez-nous : +216 95 256 096 Explorer Nos boutiques ImmoNeuf Promoteurs Offres et services Votre récente recheche: Pas de recheches récentes Filtre avancé Publier une annonce Se connecter Boutiques ImmoNeuf Annonce Messages Profil Retour Accueil maisons-et-villas mdenine djerba-houmt-souk houch-djerbien ❯ ❮ ❯ ❮ ❯ ❮ ❯ ❮ ❯ ❮ ❯ ❮ ❯ ❮ Accueil Maisons et villas Mdenine Djerba houmt souk Houch djerbien mohamed zarraa 1 annonce(s) Chat avec le vendeur Discuter sur WhatsApp Afficher le numéro Simulez votre crédit Partager l ' annonce Signaler Houch djerbien 440 000 DT immobilier Médenine , 11 hours ago Entregitrer Signaler Description Houch djerbien a vendre 
Localisation: Djerba houmt souk tawrit 
Numéro de téléphone: Afficher le numéro Lire plus Critères Type de transaction À Vendre Superficie 270 Chambres 3 mohamed zarraa Chat avec le vendeur Acheter et vendre gratuitement près de chez vous Immo-Expert Aide Contactez-nous Professionnels Conditions d'utilisation Politiques relatives aux cookies Raccourcis Publier une annonce Visiter une boutique Filtres avancés Rechercher sur tayara Offres et services Bons plans Contactez-nous Vous avez une question? appelez ce numéro +216 95 256 096 Retrouvez-nous sur • صوّر بيع • لوّج إشري",2026-09-03T12:58:15
tayara_6a4706d5b3da6e91fdc2a764,tayara,https://www.tayara.tn/item/maisons-et-villas/mdenine/djerba-midoun/villa-r1-vendre-djerba-midoun/6a4706d5b3da6e91fdc2a764/,vente,maison_villa,Villa R+1 à vendre à Djerba Midoun,Médenine,Djerba Midoun,,456.0,,2,456,,False,False,False,False,False,False,"Villa R+1 à vendre à Djerba Midoun
 | Tayara Publicité Contactez-nous : +216 95 256 096 Explorer Nos boutiques ImmoNeuf Promoteurs Offres et services Votre récente recheche: Pas de recheches récentes Filtre avancé Publier une annonce Se connecter Boutiques ImmoNeuf Annonce Messages Profil Retour Accueil maisons-et-villas mdenine djerba-midoun villa-r1-vendre-djerba-midoun ❯ ❮ ❯ ❮ ❯ ❮ ❯ ❮ ❯ ❮ ❯ ❮ ❯ ❮ ❯ ❮ ❯ ❮ Accueil Maisons et villas Mdenine Djerba midoun Villa r1 vendre djerba midoun Boutique gest immo - logistique 25 annonce(s) Immeuble Amen Bank, Zone Industrielle Charguia I. Chat avec le vendeur Discuter sur WhatsApp Afficher le numéro Simulez votre crédit Nous Contacter Partager l ' annonce Signaler Villa R+1 à vendre à Djerba Midoun immobilier Médenine , 5 hours ago Entregitrer Signaler Description 🏡 GEST IMMO LOGISTIQUE vous propose à la vente une villa R+1 à Midoun – Djerba.

Située sur un terrain de 456 m², cette villa bénéficie d'un cadre de vie agréable au sein d'une résidence de standing.

Elle comprend :
Hall d'entrée
Salon
Salle à manger
Séjour
Cuisine
Buanderie
Suite parentale
2 chambres
Salle de bain
Terrasse

🌴 Résidence sécurisée avec espaces verts et gardiennage.

✅ 0 % de commission avec GEST IMMO.
📞 Afficher le numéro Lire plus Critères Type de transaction À Vendre Superficie 456 Salles de bains 2 Chambres 3 Vous trouverez aussi chez gest immo - logistique n'a pas d'autres annonces actives Boutique gest immo - logistique Chat avec le vendeur Acheter et vendre gratuitement près de chez vous Immo-Expert Aide Contactez-nous Professionnels Conditions d'utilisation Politiques relatives aux cookies Raccourcis Publier une annonce Visiter une boutique Filtres avancés Rechercher sur tayara Offres et services Bons plans Contactez-nous Vous avez une question? appelez ce numéro +216 95 256 096 Retrouvez-nous sur • صوّر بيع • لوّج إشري",2026-09-03T12:58:17
tayara_6a9938e333f4b02206bf4fcd,tayara,https://www.tayara.tn/item/maisons-et-villas/ben-arous/hammam-chott/-vendre-immeuble-rsidentiel-investissement-fort-potentiel-hammam-chatt/6a9938e333f4b02206bf4fcd/,location,maison_villa,À VENDRE – IMMEUBLE RÉSIDENTIEL & INVESTISSEMENT À FORT POTENTIEL À HAMMAM CHATT,Ben Arous,Hammam Chott,946000.0,500.0,,4,13,,False,False,True,False,False,False,"À VENDRE – IMMEUBLE RÉSIDENTIEL & INVESTISSEMENT À FORT POTENTIEL À HAMMAM CHATT | Tayara Publicité Contactez-nous : +216 95 256 096 Explorer Nos boutiques ImmoNeuf Promoteurs Offres et services Votre récente recheche: Pas de recheches récentes Filtre avancé Publier une annonce Se connecter Boutiques ImmoNeuf Annonce Messages Profil Retour Accueil maisons-et-villas ben-arous hammam-chott -vendre-immeuble-rsidentiel-investissement-fort-potentiel-hammam-chatt ❯ ❮ ❯ ❮ ❯ ❮ ❯ ❮ ❯ ❮ ❯ ❮ ❯ ❮ ❯ ❮ ❯ ❮ ❯ ❮ ❯ ❮ Accueil Maisons et villas Ben arous Hammam chott vendre immeuble rsidentiel investissement fort potentiel hammam chatt dkhili 1 annonce(s) Chat avec le vendeur Discuter sur WhatsApp Afficher le numéro Simulez votre crédit Partager l ' annonce Signaler À VENDRE – IMMEUBLE RÉSIDENTIEL & INVESTISSEMENT À FORT POTENTIEL À HAMMAM CHATT 946 DT immobilier Ben Arous , 3 hours ago Entregitrer Signaler Description Une opportunité rare dans l’un des meilleurs emplacements de Hammam Chatt !

Vous recherchez une propriété permettant de réunir toute votre famille dans un même lieu, tout en conservant l’indépendance de chacun ?

Ou vous êtes à la recherche d’un projet immobilier offrant plusieurs possibilités de rentabilité ?

Cette propriété constitue une excellente opportunité pour un projet familial, locatif ou immobilier.

📍 Emplacement exceptionnel – Hammam Chatt

Située dans un quartier résidentiel recherché de Hammam Chatt, la propriété bénéficie d’un cadre exceptionnel avec une vue magnifique sur la montagne à l’arrière et sur la mer à l’avant.

Elle se trouve à proximité de la municipalité de Hammam Chatt, des écoles, de la gare ferroviaire, des commerces et des services, tout en étant suffisamment éloignée de l’agitation et des embouteillages de la capitale.

🏢 Composition de l’immeuble

La propriété est édifiée sur un terrain d’environ 500 m² et comprend :

3 appartements spacieux, chacun composé de 4 chambres
1 studio indépendant, idéal pour un couple, deux collègues de travail ou une petite unité locative
Plusieurs niveaux pouvant être exploités indépendamment
🌿 Environ 160 m² d’espace non bâti – un potentiel supplémentaire

La propriété dispose également d’environ 160 m² de terrain non bâti, offrant de nombreuses possibilités d’exploitation selon le projet et les autorisations d’urbanisme :

🏗️ Construction de nouvelles unités ou locaux à usage résidentiel ou locatif
🏠 Création d’espaces supplémentaires pour l’habitation ou l’investissement
🏊 Aménagement d’une piscine et d’un espace extérieur privé
🌳 Jardin, terrasse ou espace de détente
💼 Développement d’un projet immobilier complémentaire

Cette superficie non bâtie représente donc un potentiel important pour augmenter la valeur et la rentabilité future de la propriété, sous réserve des règles d’urbanisme et des autorisations nécessaires.

💰 Un investissement aux multiples possibilités

L’immeuble peut notamment être exploité comme :

🔹 Immeuble locatif classique avec location des appartements et du",2026-09-03T12:58:19
tayara_6a9935ec33f4b02206bf4dc3,tayara,https://www.tayara.tn/item/maisons-et-villas/ariana/ennasr/location-agrable-appt-s3-haut-stg-ennasr-2/6a9935ec33f4b02206bf4dc3/,location,maison_villa,Location Agréable appt S3 haut stg Ennasr 2,Ariana,Ennasr,,,3,2,200,,False,False,False,True,True,False,"Location Agréable appt S3 haut stg Ennasr 2  | Tayara Publicité Contactez-nous : +216 95 256 096 Explorer Nos boutiques ImmoNeuf Promoteurs Offres et services Votre récente recheche: Pas de recheches récentes Filtre avancé Publier une annonce Se connecter Boutiques ImmoNeuf Annonce Messages Profil Retour Accueil maisons-et-villas ariana ennasr location-agrable-appt-s3-haut-stg-ennasr-2 ❯ ❮ ❯ ❮ ❯ ❮ ❯ ❮ ❯ ❮ ❯ ❮ ❯ ❮ ❯ ❮ ❯ ❮ ❯ ❮ ❯ ❮ Accueil Maisons et villas Ariana Ennasr Location agrable appt s3 haut stg ennasr 2 Boutique building negoce 117 annonce(s) ENNASR Chat avec le vendeur Discuter sur WhatsApp Afficher le numéro Simulez votre crédit Nous Contacter Partager l ' annonce Signaler Location Agréable appt S3 haut stg Ennasr 2 immobilier Ariana , 3 hours ago Entregitrer Signaler Description 🏠 𝐄𝐍𝐍𝐀𝐒𝐑 2 ; à 𝐥𝐨𝐮𝐞𝐫 Agréable ETAGE VILLA S+3 haut stg 🏠
                                          🌟 🌟 🌟

ENNASER 2 ; à louer agréable  ÉTAGE DE VILLA SANS VIS À VIS de Haut STG  
composé de : 
✅Un Grand Salon salle à manger 
✅Deux chambres à coucher avec dressings 
✅ Suite parentale avec sdb + dressing
✅Une cuisine équipée avec séchoir 
✅ Balcon avec une vue dégagée 
✅Une salle d’eau
✅ Une salle de douche 
👉équipé par:
✅ Chauffage central
✅ climatisation

🗝🗝🗝 𝑪𝒐𝒏𝒕𝒂𝒄𝒕𝒆𝒛 𝑨𝒈𝒆𝒏𝒄𝒆 𝑰𝒎𝒎𝒐𝒃𝒊𝒍𝒊𝒆̀𝒓𝒆 𝑩𝒖𝒊𝒍𝒅𝒊𝒏𝒈 𝑵𝒆́𝒈𝒐𝒄𝒆 :
𝓥𝓸𝓽𝓻𝓮 𝓬𝓸𝓷𝓼𝓮𝓲𝓵𝓵𝓮̀𝓻𝓮 𝓮𝓷 𝓘𝓶𝓶𝓸𝓫𝓲𝓵𝓲𝓮𝓻 𝓜𝓶𝓮 Sophie:
☎ : Afficher le numéro Lire plus Critères Type de transaction À Louer Superficie 200 Salles de bains 2 Chambres 3 Vous trouverez aussi chez building negoce n'a pas d'autres annonces actives Boutique building negoce Chat avec le vendeur Acheter et vendre gratuitement près de chez vous Immo-Expert Aide Contactez-nous Professionnels Conditions d'utilisation Politiques relatives aux cookies Raccourcis Publier une annonce Visiter une boutique Filtres avancés Rechercher sur tayara Offres et services Bons plans Contactez-nous Vous avez une question? appelez ce numéro +216 95 256 096 Retrouvez-nous sur • صوّر بيع • لوّج إشري",2026-09-03T12:58:22
tayara_6a992887b6ae14216f5e5e91,tayara,https://www.tayara.tn/item/maisons-et-villas/ariana/borj-louzir/etage-de-villa-s2-vide-a-borj-louzir-wb3625/6a992887b6ae14216f5e5e91/,location,maison_villa,Etage de villa  s2 vide a borj louzir wb3625,Ariana,Borj Louzir,625700.0,,2,1,100,,False,True,False,False,False,False,"Etage de villa  s2 vide a borj louzir wb3625 | Tayara Publicité Contactez-nous : +216 95 256 096 Explorer Nos boutiques ImmoNeuf Promoteurs Offres et services Votre récente recheche: Pas de recheches récentes Filtre avancé Publier une annonce Se connecter Boutiques ImmoNeuf Annonce Messages Profil Retour Accueil maisons-et-villas ariana borj-louzir etage-de-villa-s2-vide-a-borj-louzir-wb3625 ❯ ❮ ❯ ❮ ❯ ❮ ❯ ❮ Accueil Maisons et villas Ariana Borj louzir Etage de villa s2 vide a borj louzir wb3625 hamma 3 annonce(s) Chat avec le vendeur Discuter sur WhatsApp Afficher le numéro Simulez votre crédit Partager l ' annonce Signaler Etage de villa  s2 vide a borj louzir wb3625 700 DT immobilier Ariana , 4 hours ago Entregitrer Signaler Description l'agence immo contact met en location a borj louzir ( pas loin de la deuxieme Tunisie télécom ) pour 700 dt par mois un etage de villa s plus 2 vide (100m) avec salle de bain , parking  (wb3625) frais de visite 20dt, commission agence 1 mois Lire plus Critères Type de transaction À Louer Superficie 100 Salles de bains 1 Chambres 2 hamma Chat avec le vendeur Acheter et vendre gratuitement près de chez vous Immo-Expert Aide Contactez-nous Professionnels Conditions d'utilisation Politiques relatives aux cookies Raccourcis Publier une annonce Visiter une boutique Filtres avancés Rechercher sur tayara Offres et services Bons plans Contactez-nous Vous avez une question? appelez ce numéro +216 95 256 096 Retrouvez-nous sur • صوّر بيع • لوّج إشري",2026-09-03T12:58:24
tayara_6a98a8f0b6ae14216f5e3e7b,tayara,https://www.tayara.tn/item/maisons-et-villas/ariana/autres-villes/a-vendre-rawed-plage-en-2-me-position-de-la-mre-5-mn-de-la-zone-touristique-de-gammart-une-rsidence-compose-dun-rez-de-chausse-indpendant-villa-au-rezdechausse-2-tages-entre-indpendante-2-appartements-haut-standing/6a98a8f0b6ae14216f5e3e7b/,vente,maison_villa,"A vendre à  Rawed plage en 2 ème position de la mère, à 5 mn de la zone touristique de Gammart, une  résidence composée d'un rez de chaussée indépendant (villa au rez-de-chaussée)+ 2 étages entrée indépendante : 2 appartements haut standing",Ariana,Autres Villes,800000.0,170.0,,3,0,rez de chaussée,False,False,False,False,False,False,"A vendre à  Rawed plage en 2 ème position de la mère, à 5 mn de la zone touristique de Gammart, une  résidence composée d'un rez de chaussée indépendant (villa au rez-de-chaussée)+ 2 étages entrée indépendante : 2 appartements haut standing  | Tayara Publicité Contactez-nous : +216 95 256 096 Explorer Nos boutiques ImmoNeuf Promoteurs Offres et services Votre récente recheche: Pas de recheches récentes Filtre avancé Publier une annonce Se connecter Boutiques ImmoNeuf Annonce Messages Profil Retour Accueil maisons-et-villas ariana autres-villes a-vendre-rawed-plage-en-2-me-position-de-la-mre-5-mn-de-la-zone-touristique-de-gammart-une-rsidence-compose-dun-rez-de-chausse-indpendant-villa-au-rezdechausse-2-tages-entre-indpendante-2-appartements-haut-standing ❯ ❮ ❯ ❮ ❯ ❮ ❯ ❮ ❯ ❮ ❯ ❮ ❯ ❮ ❯ ❮ ❯ ❮ Accueil Maisons et villas Ariana Autres villes A vendre rawed plage en 2 me position de la mre 5 mn de la zone touristique de gammart une rsidence compose dun rez de chausse indpendant vi ... rihab 1 annonce(s) Chat avec le vendeur Discuter sur WhatsApp Afficher le numéro Simulez votre crédit Partager l ' annonce Signaler A vendre à  Rawed plage en 2 ème position de la mère, à 5 mn de la zone touristique de Gammart, une  résidence composée d'un rez de chaussée indépendant (villa au rez-de-chaussée)+ 2 étages entrée indépendante : 2 appartements haut standing 800 000 DT immobilier Ariana , 13 hours ago Entregitrer Signaler Description A Vendre une grande villa moderne ( rez de chaussée + 2 étages)à Raoued plage, chaque niveau est indépendant. la surface bâtit est de 170 m² par étage(510 m² surface bâtit) . Chaque appartement est composé d'un grand salon+s à m + grand hall , 3 chambres à coucher avec dressings, cuisine équipée, séchoir, salle d'eau et salle de bain ,balcon et terasse.
Le rez de chaussé dispose d'un grand jardin, d'une cuisine et douche extérieurs et d une entrée indépendante.
N'hésitez pas à prendre contact pour de plus amples renseignements ou pour prendre RDV 
Tel: Afficher le numéro Lire plus Critères Type de transaction À Vendre Superficie 510.0 Salles de bains 3.0 Chambres 15.0 rihab Chat avec le vendeur Acheter et vendre gratuitement près de chez vous Immo-Expert Aide Contactez-nous Professionnels Conditions d'utilisation Politiques relatives aux cookies Raccourcis Publier une annonce Visiter une boutique Filtres avancés Rechercher sur tayara Offres et services Bons plans Contactez-nous Vous avez une question? appelez ce numéro +216 95 256 096 Retrouvez-nous sur • صوّر بيع • لوّج إشري",2026-09-03T12:58:27
tayara_6a9914db33f4b02206bf3f16,tayara,https://www.tayara.tn/item/maisons-et-villas/tunis/monfleury/villa-montfleury-a-vendre/6a9914db33f4b02206bf3f16/,vente,maison_villa,Villa à Montfleury A vendre,Tunis,Monfleury,,603.0,,2,603,,False,False,False,False,False,False,"Villa à Montfleury A vendre | Tayara Publicité Contactez-nous : +216 95 256 096 Explorer Nos boutiques ImmoNeuf Promoteurs Offres et services Votre récente recheche: Pas de recheches récentes Filtre avancé Publier une annonce Se connecter Boutiques ImmoNeuf Annonce Messages Profil Retour Accueil maisons-et-villas tunis monfleury villa-montfleury-a-vendre ❯ ❮ ❯ ❮ ❯ ❮ ❯ ❮ ❯ ❮ ❯ ❮ ❯ ❮ ❯ ❮ ❯ ❮ Accueil Maisons et villas Tunis Monfleury Villa montfleury a vendre anonymes 3 annonce(s) Chat avec le vendeur Discuter sur WhatsApp Afficher le numéro Simulez votre crédit Partager l ' annonce Signaler Villa à Montfleury A vendre immobilier Tunis , 5 hours ago Entregitrer Signaler Description A vendre trés belle villa à Montfleury sur un terrain de 603m² avec titre bleu et une surface bati d'environ 360m² avec un grand jardin 
pour plus d informations merci de me contacter au Afficher le numéro (proprietaire) Lire plus Critères Type de transaction À Vendre Superficie 603 Salles de bains 2 Chambres 6 anonymes Chat avec le vendeur Acheter et vendre gratuitement près de chez vous Immo-Expert Aide Contactez-nous Professionnels Conditions d'utilisation Politiques relatives aux cookies Raccourcis Publier une annonce Visiter une boutique Filtres avancés Rechercher sur tayara Offres et services Bons plans Contactez-nous Vous avez une question? appelez ce numéro +216 95 256 096 Retrouvez-nous sur • صوّر بيع • لوّج إشري",2026-09-03T12:58:30
tayara_6a992a44b6ae14216f5e5f90,tayara,https://www.tayara.tn/item/maisons-et-villas/ariana/riadh-andalous/rez-de-jardin-s-plus-1-a-riadh-landalos-wb4437/6a992a44b6ae14216f5e5f90/,location,maison_villa,rez de jardin s plus 1 a riadh landalos wb4437,Ariana,Riadh Andalous,437750.0,,,1,80,,False,False,False,True,False,False,"rez de jardin s plus 1 a riadh landalos wb4437 | Tayara Publicité Contactez-nous : +216 95 256 096 Explorer Nos boutiques ImmoNeuf Promoteurs Offres et services Votre récente recheche: Pas de recheches récentes Filtre avancé Publier une annonce Se connecter Boutiques ImmoNeuf Annonce Messages Profil Retour Accueil maisons-et-villas ariana riadh-andalous rez-de-jardin-s-plus-1-a-riadh-landalos-wb4437 ❯ ❮ ❯ ❮ ❯ ❮ ❯ ❮ ❯ ❮ ❯ ❮ ❯ ❮ Accueil Maisons et villas Ariana Riadh andalous Rez de jardin s plus 1 a riadh landalos wb4437 wael mounir 2 annonce(s) Chat avec le vendeur Discuter sur WhatsApp Afficher le numéro Simulez votre crédit Partager l ' annonce Signaler rez de jardin s plus 1 a riadh landalos wb4437 750 DT immobilier Ariana , 4 hours ago Entregitrer Signaler Description L'agence immo contact met en location a riadh landalos pour 750 dt par mois un s plus 1 neuf (80m) au rez de jardin d une villa avec entrée commune, climatisation  , pour filles ou couples ( wb4437) frais de visite 20dt , commission agence 1 mois Lire plus Critères Type de transaction À Louer Superficie 80 Salles de bains 1 Chambres 1 wael mounir Chat avec le vendeur Acheter et vendre gratuitement près de chez vous Immo-Expert Aide Contactez-nous Professionnels Conditions d'utilisation Politiques relatives aux cookies Raccourcis Publier une annonce Visiter une boutique Filtres avancés Rechercher sur tayara Offres et services Bons plans Contactez-nous Vous avez une question? appelez ce numéro +216 95 256 096 Retrouvez-nous sur • صوّر بيع • لوّج إشري",2026-09-03T12:58:33
tayara_6a4cbfe67b31d9554f381351,tayara,https://www.tayara.tn/item/maisons-et-villas/ariana/la-soukra/-vendre-triplex-haut-standing-avec-piscine-la-soukra/6a4cbfe67b31d9554f381351/,vente,maison_villa,À vendre Triplex haut standing avec piscine à la Soukra,Ariana,La Soukra,,63.5,,4,289,Rez-de-chaussée,True,True,True,True,True,False,"À vendre Triplex haut standing avec piscine à la Soukra | Tayara Publicité Contactez-nous : +216 95 256 096 Explorer Nos boutiques ImmoNeuf Promoteurs Offres et services Votre récente recheche: Pas de recheches récentes Filtre avancé Publier une annonce Se connecter Boutiques ImmoNeuf Annonce Messages Profil Retour Accueil maisons-et-villas ariana la-soukra -vendre-triplex-haut-standing-avec-piscine-la-soukra ❯ ❮ ❯ ❮ ❯ ❮ ❯ ❮ ❯ ❮ ❯ ❮ ❯ ❮ ❯ ❮ ❯ ❮ Accueil Maisons et villas Ariana La soukra vendre triplex haut standing avec piscine la soukra Boutique gest immo - logistique 25 annonce(s) Immeuble Amen Bank, Zone Industrielle Charguia I. Chat avec le vendeur Discuter sur WhatsApp Afficher le numéro Simulez votre crédit Nous Contacter Partager l ' annonce Signaler À vendre Triplex haut standing avec piscine à la Soukra immobilier Ariana , 5 hours ago Entregitrer Signaler Description Gest immo vous propose un superbe triplex neuf avec ascenseur privé, situé dans une résidence calme, sécurisée et sans vis-à-vis à La Soukra.
📐 Superficies :
▪️ Sous-sol couvert : 63,50 m²
▪️ Rez-de-chaussée couvert : 105,25 m²
▪️ 1er étage couvert : 104,70 m²
▪️ 2ème étage couvert : 106,91 m²
▪️ Terrasse couverte : 12,60 m²
▪️ Terrasse découverte : 13,80 m²
▪️ Jardin entrée RDC : 16 m²
▪️ Jardin piscine : 37 m²
🏊 Piscine : 2,5 m x 5 m
🔹 Composition :
▪️ Sous-sol :
Garage pour deux voitures avec accès direct à la villa.
▪️ Rez-de-chaussée :
Grand salon lumineux ouvrant sur le jardin et la piscine, cuisine moderne entièrement équipée et salle d’eau invités.
▪️ 1er étage :
Magnifique suite parentale avec prestations raffinées.
▪️ 2ème étage :
Suite adulte avec terrasse, deux chambres supplémentaires, salle de bain et terrasses avec vue dégagée sur la verdure, sans vis-à-vis.
🔹 Prestations & équipements :
✅ Ascenseur
✅ Boiserie noble
✅ Revêtement en marbre
✅ Finitions haut standing
✅ Chauffage central avec radiateurs décoratifs verticaux
✅ Climatisation split dans toutes les pièces
🌿 Un bien rare alliant élégance, confort et modernité dans l’un des quartiers les plus recherchés de La Soukra. Lire plus Critères Type de transaction À Vendre Superficie 289 Salles de bains 4 Chambres 5 Vous trouverez aussi chez gest immo - logistique n'a pas d'autres annonces actives Boutique gest immo - logistique Chat avec le vendeur Acheter et vendre gratuitement près de chez vous Immo-Expert Aide Contactez-nous Professionnels Conditions d'utilisation Politiques relatives aux cookies Raccourcis Publier une annonce Visiter une boutique Filtres avancés Rechercher sur tayara Offres et services Bons plans Contactez-nous Vous avez une question? appelez ce numéro +216 95 256 096 Retrouvez-nous sur • صوّر بيع • لوّج إشري",2026-09-03T12:58:37
