id,source,url,type_transaction,type_bien,titre,gouvernorat,ville,prix_dt,surface_m2,nb_pieces,nb_chambres,nb_salles_bain,etage,ascenseur,parking,piscine,climatisation,chauffage_central,meuble,description_brute,date_scraping
tecnocasa_68500_html,tecnocasa,https://www.tecnocasa.tn/vendre/appartement/grand-tunis/ariana/68500.html,vente,appartement,S+2 en vente,"Ariana, Rue Ahmed Triki",Ariana Ville,2381.0,112.0,2,2,,rez-de-chaussée,False,True,False,False,True,False,"Annonces maisons et appartements à vendre et à louer - Tecnocasa.tn Immobilier Professionnel Evaluer mon bien Chercher une agence Se connecter Accueil Immobilier Professionnel Evaluer mon bien Chercher une agence Se connecter Accueil Appartement en vente Appartement Grand Tunis Ariana Ariana Ville S+2 en vente Video visite 360° Photos Plan Map +28 S+2 en vente Ariana, Rue Ahmed Triki - Ariana Ville REF: 68500 Demandez un crédit immobilier 2.381 DT par mois > 135 000 DT 3 pièces 112 m² presse pdf S+2 en vente Ariana, Rue Ahmed Triki - Ariana Ville 3 pièces 112 m² 135 000 DT Nous contacter Description Cet appartement S+2 est situé au rez-de-chaussée d'une résidence privée, dans un quartier populaire à Ariana Ville, à proximité des commodités. La partie jour se compose d'un double salon offrant un espace de vie convivial ainsi que d'une cuisine agencée ouvrant sur un séchoir . La partie nuit loge deux chambres à coucher, dont une est équipée d'un dressing . Elles se partagent une salle de bain munie d'une baignoire. L'appartement est doté d'une menuiserie en aluminium avec des volets roulants manuels. Le revêtement est en marbre Thala dans le salon, en parterre dans la cuisine et la salle de bain, et en carrelage dans les chambres à coucher. Cet appartement est équipé par un chauffage central pour plus de confort au futurs occupants. Caractéristiques REF.: 68500 Etage: Terre Chauffage: Centrale (Gaz) Libre: Non Catégorie: Moyen standing Année de construction: 2010 Frais Prix: 135 000 DT Echéance crédit: DT 2.381 / mois Calculer l'échéancier À proximité Transport public Ariana 2,0 Km L'Indépendance 2,4 Km Transport public 1,0 Km station tchoutchou 1 1,4 Km Ecole ạlmdrsẗ ạlạ̹ʿdạdyẗ brj ạlwzyr 980 m Lycée Secondaire Borj Louzir 990 m école primaire Hadi Nouira 1,0 Km Écoles 1,5 Km École primaire Ariana superieur 1,6 Km Pharmacie Pharmacie 1,5 Km Pharmacie Hassen Ben Hfaiedh 1,6 Km Pharmacie Moncef Ghezaiel 1,8 Km Pharmacie Belghith Ghazela 2,0 Km Pharmacie Fatma Mnif 2,2 Km Hôpital Hôpital Mahmoud El Matri 790 m Hôpitaux 860 m Hôpital Ibn Nafis 1,1 Km parapharmacie 2,9 Km Commerce Carrefour Market 700 m Aziza 1,0 Km Magro 1,5 Km Supermarchés 1,7 Km Monoprix 1,9 Km Boutique Boulangerie pâtisserie 2,0 Km Boulangerie al Noufousi 2,0 Km l'élégant 2,2 Km Magasins 2,5 Km Ikram 2,6 Km Restaurant Origami Sushi Bar 1,5 Km El Hnaya 1,8 Km Restaurant universitaire 1,8 Km Kaftaji Royal 1,8 Km Chabrouch 2,1 Km Afficher tout Autres caractéristiques cour intérieure Interphone Gardien Allée (voie d'accès) Place de parking Descriptif des locaux: Chambres / Pièces Salon Chambres / Pièces Chambre à coucher Chambres / Pièces Chambre à coucher Chambres / Pièces Chambre à coucher Salle De Bain Avec une fenêtre Autres Locaux Placard Augmenter © OpenMapTiles | © OpenStreetMap contributors Autres biens proposés par l'agence Nous contacter Nom* Prénom* E-mail* Téléphone* Message Conformément à la loi organique portant sur la protection des données à caractère personnel n° 2004-",2026-09-14T19:59:48
tecnocasa_66070_html,tecnocasa,https://www.tecnocasa.tn/vendre/appartement/grand-tunis/ariana/66070.html,vente,appartement,S+2 en vente,"Ariana, Avenue Fethi Zouhir",La Petite Ariana,4674.0,110.0,2,2,,,True,False,False,False,True,False,"Annonces maisons et appartements à vendre et à louer - Tecnocasa.tn Immobilier Professionnel Evaluer mon bien Chercher une agence Se connecter Accueil Immobilier Professionnel Evaluer mon bien Chercher une agence Se connecter Accueil Appartement en vente Appartement Grand Tunis Ariana La Petite Ariana S+2 en vente Video visite 360° Photos Plan Map +10 S+2 en vente Ariana, Avenue Fethi Zouhir - La Petite Ariana REF: 66070 Demandez un crédit immobilier 4.674 DT par mois > 265 000 DT 280 000 DT (-6%) 3 pièces 110 m² presse pdf S+2 en vente Ariana, Avenue Fethi Zouhir - La Petite Ariana 3 pièces 110 m² 265 000 DT 280 000 DT (-6%) Nous contacter Description Cet appartement, situé au sixième étage d’une résidence avec ascenseur, se distingue par son salon lumineux ouvrant sur un balcon. Il comprend deux chambres à coucher, ainsi qu’une cuisine aménagée avec des rangements et équipée d’une hotte aspirante, d’une plaque et d’un four. Il dispose également d’une salle de bain et d’une salle d’eau. L’appartement est pourvu d’un système de chauffage central. Caractéristiques REF.: 66070 Etage: 6 (étage elevé) Libre: Non Catégorie: Moyen standing Année de construction: 2013 Année de restructuration interne: 2018 Frais Prix: 265 000 DT Echéance crédit: DT 4.674 / mois Calculer l'échéancier À proximité Transport public Transport public 910 m Ecole Lycée El Wafa 590 m Écoles 720 m Écoles 750 m École supérieur des télécommunications de Tunis 770 m Ecole Superieur Privée d'Ingénierie et de Technologie (ESPRIT) 810 m Pharmacie Pharmacie Selima (Imen Hammami Ammar) 10 m Pharmacie Belghith Ghazela 1,1 Km Pharmacie Fatma Mnif 1,1 Km Pharmacie Nabil Kriaa 1,6 Km Hôpital Hôpitaux 950 m Commerce Aziza 350 m Supermarchés 1,3 Km Carrefour Market 1,4 Km Boutique Patisserie Ghaya 390 m Boulangerie al Noufousi 1,1 Km Magasins 1,6 Km Restaurant Restaurant universitaire 730 m El Hnaya 800 m Restaurants 2,2 Km Afficher tout Augmenter © OpenMapTiles | © OpenStreetMap contributors Autres biens proposés par l'agence 230 000 DT S+2 en vente Ariana, Av. Fethi Zouhir - Cité El Ghazala 85 m² 260 000 DT S+3 en vente Ariana, Rue De La Sécurité - Cité El Ghazala 3 pièces 111 m² 259 000 DT S+2 en vente Ariana, Rue chot jrid - Cité El Ghazala 3 pièces 79 m² 270 000 DT S+3 en vente Ariana, Rue de La Communication - Cité El Ghazala 4 pièces 93 m² 260 000 DT Duplex en vente Ariana, Rue de La Communication - Cité Essahafa 141 m² Nous contacter Nom* Prénom* E-mail* Téléphone* Message Conformément à la loi organique portant sur la protection des données à caractère personnel n° 2004-63 du 27 juillet 2004  [ Lire ] Accord pour les activités de Marketing Envoyer Propriété proposée par: Affilié: Little Ariana Real Estate Sarl Rue Al Ansar Avenue Mohamed El Brahmi N°17,  2083 Ariana (GT) Rue Al Ansar Avenue Mohamed El Brahmi N°17,  2083 Ariana (GT) contact.gz@tecnocasa.tn +21627 760 777 Facebook contact.gz@tecnocasa.tn Téléphone +21627 760 777 Facebook Site de l'agence Vendre un bien immobilier Plus ",2026-09-14T19:59:55
tecnocasa_68789_html,tecnocasa,https://www.tecnocasa.tn/vendre/appartement/grand-tunis/ariana/68789.html,vente,appartement,Duplex en vente,"Ariana, Rue I'ile d'haiti nkhiilette",El Ghazela 2,6173.0,146.0,,,,rez-de-chaussée,False,False,False,False,False,False,"Annonces maisons et appartements à vendre et à louer - Tecnocasa.tn Immobilier Professionnel Evaluer mon bien Chercher une agence Se connecter Accueil Immobilier Professionnel Evaluer mon bien Chercher une agence Se connecter Accueil Appartement en vente Appartement Grand Tunis Ariana El Ghazela 2 Duplex en vente Video visite 360° Photos Plan Map +16 Duplex en vente Ariana, Rue I'ile d'haiti nkhiilette - El Ghazela 2 REF: 68789 Demandez un crédit immobilier 6.173 DT par mois > 350 000 DT 146 m² presse pdf Duplex en vente Ariana, Rue I'ile d'haiti nkhiilette - El Ghazela 2 146 m² 350 000 DT Nous contacter Description Implantée sur un terrain de 161 m², cette villa est bâtie sur deux niveaux séparés. Le rez-de-chaussée se compose d'un salon spacieux, d'une cuisine aménagée, de trois chambres à coucher, une salle de bain et une salle d'eau Le premier étage comprend un salon, une chambre à coucher avec dressing, une suite parentale, une cuisine aménagée et équipée et une salle de douche. Caractéristiques REF.: 68789 Libre: Oui Catégorie: Moyen standing Année de construction: 2001 Frais Prix: 350 000 DT Echéance crédit: DT 6.173 / mois Calculer l'échéancier À proximité Transport public Ariana 2,1 Km L'Indépendance 2,6 Km Transport public 1,3 Km station tchoutchou 1 1,6 Km Ecole Lycée Secondaire Borj Louzir 1,0 Km école primaire Hadi Nouira 1,0 Km ạlmdrsẗ ạlạ̹ʿdạdyẗ brj ạlwzyr 1,0 Km ISET'COM 1,4 Km École supérieur des télécommunications de Tunis 1,7 Km Pharmacie Pharmacie Hassen Ben Hfaiedh 1,7 Km Pharmacie 1,7 Km Pharmacie Belghith Ghazela 1,9 Km Pharmacie Moncef Ghezaiel 2,0 Km Pharmacie Fatma Mnif 2,1 Km Hôpital Hôpital Mahmoud El Matri 1,1 Km Hôpitaux 1,1 Km Hôpital Ibn Nafis 1,3 Km Commerce Carrefour Market 650 m Aziza 790 m Supermarchés 1,6 Km Magro 1,7 Km Monoprix 2,2 Km Boutique Boulangerie al Noufousi 1,9 Km Boulangerie pâtisserie 2,2 Km Magasins 2,4 Km l'élégant 2,5 Km Patisserie Ghaya 2,7 Km Restaurant Restaurant universitaire 1,6 Km El Hnaya 1,6 Km Origami Sushi Bar 1,8 Km Kaftaji Royal 2,1 Km Abou Ahmad 2,4 Km Afficher tout Augmenter © OpenMapTiles | © OpenStreetMap contributors Autres biens proposés par l'agence Nous contacter Nom* Prénom* E-mail* Téléphone* Message Conformément à la loi organique portant sur la protection des données à caractère personnel n° 2004-63 du 27 juillet 2004  [ Lire ] Accord pour les activités de Marketing Envoyer Propriété proposée par: Affilié: Gazelles Real Estate Sarl Avenue Habib Bourguiba Cité El Ghazela , 2083 2080 Ariana (GT) Avenue Habib Bourguiba Cité El Ghazela , 2083 2080 Ariana (GT) contact.gz2@tecnocasa.tn +21627761777 +21627 761 365 contact.gz2@tecnocasa.tn Téléphone +21627 761 365 Plus d'informations Calculer l'itinéraire Agence Qui sommes-nous? Nos points forts Dans le monde Travaillez avec nous Siège national tecnocasa.tn Tecnocasa Dans le monde Italie , Espagne , Hongrie , Mexique , Pologne , France , Allemagne , Tunisie , Thaïlande , République de Saint-Marin Zone Affiliés 2026 
           ",2026-09-14T20:00:04
tecnocasa_70032_html,tecnocasa,https://www.tecnocasa.tn/vendre/appartement/grand-tunis/ariana/70032.html,vente,appartement,S+3 en vente,Ariana,Hedi Nouira Ariana,5644.0,132.0,3,3,,rez-de-chaussée,False,True,False,False,True,False,"Annonces maisons et appartements à vendre et à louer - Tecnocasa.tn Immobilier Professionnel Evaluer mon bien Chercher une agence Se connecter Accueil Immobilier Professionnel Evaluer mon bien Chercher une agence Se connecter Accueil Appartement en vente Appartement Grand Tunis Ariana Hedi Nouira Ariana S+3 en vente Video visite 360° Photos Plan Map +31 S+3 en vente Ariana - Hedi Nouira Ariana REF: 70032 Demandez un crédit immobilier 5.644 DT par mois > 320 000 DT 4 pièces 132 m² presse pdf S+3 en vente Ariana - Hedi Nouira Ariana 4 pièces 132 m² 320 000 DT Nous contacter Description Cet appartement S+3 , situé au rez-de-chaussée d’une résidence en R+4 , bénéficie d’un emplacement privilégié au cœur de la Cité Hédi Nouira Ariana . Il offre un cadre de vie agréable, à proximité de toutes les commodités. L’appartement se compose d’un salon lumineux donnant accès à une grande terrasse , d’une salle d’eau pour les invités, ainsi que d’une cuisine entièrement équipée et aménagée avec un séchoir . La partie nuit comprend trois chambres à coucher , dont deux disposent de placards , ainsi qu’une salle de bain avec douche . L’appartement est également équipé du chauffage central et de climatiseurs , garantissant un confort optimal en toute saison. Il bénéficie en outre d’ une place de parking au sein de la résidence . Un bien idéal pour une famille à la recherche d’un appartement confortable, fonctionnel et bien situé. Caractéristiques REF.: 70032 Etage: Terre Libre: Non Catégorie: Populaire Année de construction: 2001 Frais Prix: 320 000 DT Echéance crédit: DT 5.644 / mois Calculer l'échéancier À proximité Transport public Ariana 1,3 Km L'Indépendance 1,9 Km Transport public 1,2 Km station tchoutchou 1 2,4 Km Cité des sciences 2,7 Km Ecole Lycée Secondaire Borj Louzir 120 m école primaire Hadi Nouira 120 m ạlmdrsẗ ạlạ̹ʿdạdyẗ brj ạlwzyr 160 m Écoles 970 m Sidi Jebali 1,1 Km Pharmacie Pharmacie Hassen Ben Hfaiedh 640 m Pharmacie 1,0 Km Pharmacie Moncef Ghezaiel 1,4 Km Pharmacie de nuit 1,9 Km Pharmacie Kamoun Soukra 2,2 Km Hôpital Hôpital Mahmoud El Matri 1,3 Km Hôpitaux 1,7 Km Hôpital Ibn Nafis 1,8 Km Commerce Magro 1,4 Km Monoprix 1,6 Km Carrefour Market 1,8 Km Aziza 1,8 Km Carrefour 2,4 Km Boutique Red Tag 1,8 Km l'élégant 2,4 Km Boulangerie pâtisserie 2,6 Km La fête 2,8 Km Boulangerie al Noufousi 3,0 Km Bar Club 71 2,0 Km Restaurant Abou Ahmad 1,4 Km Restaurant Marina 1,5 Km Napoli 1,5 Km Kaftaji Royal 1,6 Km Take 5 1,6 Km Afficher tout Augmenter © OpenMapTiles | © OpenStreetMap contributors Autres biens proposés par l'agence 310 000 DT S+4 en vente Ariana, Rue Safran - Hedi Nouira Ariana 5 pièces 138 m² 260 000 DT S+3 en vente Ariana - Hedi Nouira Ariana 4 pièces 143 m² Nous contacter Nom* Prénom* E-mail* Téléphone* Message Conformément à la loi organique portant sur la protection des données à caractère personnel n° 2004-63 du 27 juillet 2004  [ Lire ] Accord pour les activités de Marketing Envoyer Propriété proposée par: Affilié: Hmta Partners  Sarl",2026-09-14T20:00:10
tecnocasa_70435_html,tecnocasa,https://www.tecnocasa.tn/vendre/appartement/grand-tunis/ariana/70435.html,vente,appartement,S+1 en vente,"Ariana, Av. Taieb Mhiri",Ariana Ville,2646.0,69.0,1,1,,,False,False,False,False,True,False,"Annonces maisons et appartements à vendre et à louer - Tecnocasa.tn Immobilier Professionnel Evaluer mon bien Chercher une agence Se connecter Accueil Immobilier Professionnel Evaluer mon bien Chercher une agence Se connecter Accueil Appartement en vente Appartement Grand Tunis Ariana Ariana Ville S+1 en vente Video visite 360° Photos Plan Map +17 S+1 en vente Ariana, Av. Taieb Mhiri - Ariana Ville REF: 70435 Demandez un crédit immobilier 2.646 DT par mois > 150 000 DT 2 pièces 69 m² presse pdf S+1 en vente Ariana, Av. Taieb Mhiri - Ariana Ville 2 pièces 69 m² 150 000 DT Nous contacter Description Cet appartement titré en S+1 est situé au quatrième étage d’une résidence sécurisée, idéalement implantée sur une artère principale à proximité immédiate de toutes les commodités à Ariana Ville. L’appartement se compose d’un double salon lumineux , d’une cuisine agencée ouvrant sur un séchoir. La partie nuit comprenne une chambre à coucher avec placard , donnant accès à un balcon , et une salle de bain équipée d’une baignoire . Le bien dispose également d’une menuiserie en aluminium et d’ un chauffage central . Grâce à son emplacement stratégique, sa configuration fonctionnelle et sa proximité avec les différents services et commodités, cet appartement représente une excellente opportunité d’investissement avec un rendement locatif important , aussi bien pour un investissement locatif que pour une habitation. Caractéristiques REF.: 70435 Etage: 4 (étage elevé) Libre: Oui Catégorie: Moyen standing Année de construction: 2004 Frais Prix: 150 000 DT Echéance crédit: DT 2.646 / mois Calculer l'échéancier À proximité Transport public Ariana 120 m L'Indépendance 520 m Transport public 720 m TCV menzah 5/6 2,2 Km Cité des sciences 1,4 Km Ecole Ecole de FOrmation Professionnelle 230 m Écoles 340 m Sidi Jebali 340 m Écoles 480 m Collège Attarine 590 m Pharmacie Pharmacie Moncef Ghezaiel 400 m Pharmacie Hassen Ben Hfaiedh 830 m Pharmacie Frini Chaker 1,4 Km Pharmacie 1,4 Km Mega Pharm 1,5 Km Hôpital Hôpital Mahmoud El Matri 1,6 Km Hôpital Ibn Nafis 1,9 Km Hôpitaux 2,0 Km Centre de Médecine du Sport 2,0 Km parapharmacie 2,6 Km Commerce Monoprix 600 m Magro 820 m Carrefour 1,1 Km Carrefour Market 2,7 Km Supermarchés 2,9 Km Boutique l'élégant 1,6 Km Red Tag 1,8 Km La fête 1,8 Km Sasio 2,0 Km Magasins 2,3 Km Bar Bar Lounge SAADI 1,9 Km Club 71 2,1 Km SALON VIP (DEPARTURES LOUNGE) 2,5 Km Babylone 2,9 Km Restaurant Abou Ahmad 490 m Kaftaji Royal 600 m Restaurant Marina 770 m Restaurant Jean 960 m Baguette & Baguette 1,0 Km Afficher tout Autres caractéristiques Balcon Balcon Descriptif des locaux: Salle De Bain Salle D'eau Chambres / Pièces Chambre à coucher Chambres / Pièces Salon Chambres / Pièces Salon Cuisine Avec un coin repas Autres Locaux Placard Augmenter © OpenMapTiles | © OpenStreetMap contributors Autres biens proposés par l'agence 175 000 DT S+2 en vente Ariana, Rue des palmiers - Ariana Ville 3 pièces 88 m² Nous contacter Nom* Prénom* E-mail* Téléphone* Mes",2026-09-14T20:00:15
tecnocasa_60736_html,tecnocasa,https://www.tecnocasa.tn/vendre/appartement/grand-tunis/ariana/60736.html,vente,appartement,S+2 en vente,Ariana,Ariana Ville,3122.0,92.0,2,2,,,False,True,False,True,False,False,"Annonces maisons et appartements à vendre et à louer - Tecnocasa.tn Immobilier Professionnel Evaluer mon bien Chercher une agence Se connecter Accueil Immobilier Professionnel Evaluer mon bien Chercher une agence Se connecter Accueil Appartement en vente Appartement Grand Tunis Ariana Ariana Ville S+2 en vente Video visite 360° Photos Plan Map +18 S+2 en vente Ariana - Ariana Ville REF: 60736 Demandez un crédit immobilier 3.122 DT par mois > 177 000 DT 3 pièces 92 m² presse pdf S+2 en vente Ariana - Ariana Ville 3 pièces 92 m² 177 000 DT Nous contacter Description Cet appartement S+2 titré , situé au troisième étage , bénéficie d’un emplacement privilégié au cœur d’un quartier accessible et dynamique de l’Ariana Ville . Il se trouve à proximité immédiate de toutes les commodités ainsi que des principaux moyens de transport en commun. La partie jour se compose d’un salon lumineux et convivial, ouvrant sur un balcon fermé . La cuisine, soigneusement agencée, dispose d’un placard et est semi-équipée d’une hotte aspirante . Fonctionnelle et pratique, elle donne également accès à un séchoir . Une salle d’eau pour les invités vient compléter cet espace, offrant davantage de confort au quotidien. La partie nuit comprend deux chambres à coucher avec dressings , partageant une salle de bain équipée d’une baignoire , idéale pour des moments de détente. L’appartement est doté de menuiseries en aluminium , garantissant à la fois durabilité et sécurité. Deux climatiseurs split-système assurent un confort thermique optimal en toute saison. Un parking commun est également mis à la disposition des résidents. Alliant confort, fonctionnalité et emplacement stratégique , ce bien constitue une excellente opportunité aussi bien pour une habitation familiale que pour un investissement locatif rentable . Un appartement à découvrir sans tarder, véritable coup de cœur pour ceux qui recherchent un bien pratique et bien situé à l’Ariana Ville. Caractéristiques REF.: 60736 Etage: 3 (étage elevé) Conditionnement: Autnome (Climatisation Split) Libre: Non Catégorie: Moyen standing Année de construction: 1980 Frais Prix: 177 000 DT Echéance crédit: DT 3.122 / mois Calculer l'échéancier À proximité Transport public Ariana 830 m L'Indépendance 860 m Transport public 20 m TCV menzah 5/6 1,5 Km Cité des sciences 1,4 Km Ecole Collége 18 janvier 1952 280 m Ecole Primaire Farhat Hached 320 m Sidi Jebali 630 m Écoles 670 m Lycée Internationale de Tunis 800 m Pharmacie Pharmacie Moncef Ghezaiel 340 m Pharmacie 840 m Pharmacie Sana Ghroubi Ep. Chaabane 1,0 Km Pharmacie Centre Kobbi 1,2 Km Pharmacie Hassen Ben Hfaiedh 1,3 Km Hôpital Hôpital Mahmoud El Matri 1,1 Km Hôpital Ibn Nafis 1,3 Km Hôpitaux 1,5 Km parapharmacie 1,9 Km Centre de Médecine du Sport 2,0 Km Commerce Monoprix 230 m Magro 290 m Carrefour 1,1 Km Supermarchés 2,1 Km Magasin Général Menzah 2,2 Km Boutique l'élégant 930 m La fête 1,3 Km Sasio 1,5 Km Boulangerie pâtisserie 1,6 Km Ikram 1,8 Km Bar Bar Lounge SAADI 1,6 Km Babylo",2026-09-14T20:00:21
tecnocasa_70068_html,tecnocasa,https://www.tecnocasa.tn/vendre/appartement/grand-tunis/ariana/70068.html,vente,appartement,S+3 en vente,Ariana,Ariana Ville,4057.0,120.0,3,3,,,False,True,False,True,True,False,"Annonces maisons et appartements à vendre et à louer - Tecnocasa.tn Immobilier Professionnel Evaluer mon bien Chercher une agence Se connecter Accueil Immobilier Professionnel Evaluer mon bien Chercher une agence Se connecter Accueil Appartement en vente Appartement Grand Tunis Ariana Ariana Ville S+3 en vente Video visite 360° Photos Plan Map +22 S+3 en vente Ariana - Ariana Ville REF: 70068 Demandez un crédit immobilier 4.057 DT par mois > 230 000 DT 4 pièces 120 m² presse pdf S+3 en vente Ariana - Ariana Ville 4 pièces 120 m² 230 000 DT Nous contacter Description Cet appartement en S3 est situé au deuxième étage d’une résidence en R+2 au près des commodités, à Cité Nozha, Ariana Ville . Cette demeure titré est revêtue en marbre . Dès votre entrée, vous serez accueilli chaleureusement par un double salon lumineux ouvrant sur un balcon . Une salle d'eau pour les invités est disponible. Une cuisine bien agencée  avec coin de repas . Elle est baignée de lumière naturelle grâce à son séchoir . La partie nuit comprend également trois chambres à coucher . Elle partagent une salle de bain avec baignoire. Cet appartement est équipé par un chauffage central , et une climatisation par split système . Une place de parking commun est disponible. Caractéristiques REF.: 70068 Etage: 2 (étage elevé) Conditionnement: Autnome (Climatisation Split) Chauffage: Central individuel (Central Pour L'Immeuble Avec Compteur Individuel) Libre: Non Catégorie: Moyen standing Afficher tout Frais Prix: 230 000 DT Echéance crédit: DT 4.057 / mois Calculer l'échéancier À proximité Transport public Ariana 1,1 Km L'Indépendance 1,6 Km Transport public 350 m station tchoutchou 1 1,7 Km Cité des sciences 2,3 Km Ecole Écoles 670 m ạlmdrsẗ ạlạ̹ʿdạdyẗ brj ạlwzyr 710 m Sidi Jebali 800 m Lycée Secondaire Borj Louzir 800 m école primaire Hadi Nouira 880 m Pharmacie Pharmacie Moncef Ghezaiel 950 m Pharmacie Hassen Ben Hfaiedh 1,0 Km Pharmacie 1,1 Km Pharmacie Sana Ghroubi Ep. Chaabane 1,6 Km Pharmacie Centre Kobbi 2,0 Km Hôpital Hôpital Mahmoud El Matri 540 m Hôpitaux 980 m Hôpital Ibn Nafis 1,0 Km parapharmacie 2,4 Km Polyclinique el Farabi 2,8 Km Commerce Magro 620 m Monoprix 1,1 Km Carrefour Market 1,6 Km Aziza 1,9 Km Carrefour 2,0 Km Boutique l'élégant 1,6 Km Boulangerie pâtisserie 1,8 Km La fête 2,1 Km Ikram 2,3 Km Magasins 2,3 Km Bar Bar Lounge SAADI 2,5 Km Club 71 2,6 Km Restaurant Kaftaji Royal 960 m Abou Ahmad 1,5 Km Origami Sushi Bar 1,6 Km Restaurant Marina 1,7 Km Crepes Factory 1,9 Km Afficher tout Autres caractéristiques Balcon Place de parking Descriptif des locaux: Salle De Bain Avec une fenêtre Salle De Bain Salle D'eau Salle De Bain Avec une fenêtre Chambres / Pièces Salon Chambres / Pièces Chambre à coucher Chambres / Pièces Chambre à coucher Cuisine Avec un coin repas Augmenter © OpenMapTiles | © OpenStreetMap contributors Autres biens proposés par l'agence 190 000 DT S+2 en vente Ariana, Rue Assad ibn el fourat - Ariana Ville 3 pièces 108 m² 230 000 DT S+3 en vente Ar",2026-09-14T20:00:25
tecnocasa_69447_html,tecnocasa,https://www.tecnocasa.tn/vendre/appartement/grand-tunis/ariana/69447.html,vente,appartement,S+3 en vente,Ariana,Riadh Landalous,7585.0,168.0,3,3,,,False,True,False,True,True,False,"Annonces maisons et appartements à vendre et à louer - Tecnocasa.tn Immobilier Professionnel Evaluer mon bien Chercher une agence Se connecter Accueil Immobilier Professionnel Evaluer mon bien Chercher une agence Se connecter Accueil Appartement en vente Appartement Grand Tunis Ariana Riadh Landalous S+3 en vente Video visite 360° Photos Plan Map +4 S+3 en vente Ariana - Riadh Landalous REF: 69447 Demandez un crédit immobilier 7.585 DT par mois > 430 000 DT 450 000 DT (-5%) 4 pièces 168 m² presse pdf S+3 en vente Ariana - Riadh Landalous 4 pièces 168 m² 430 000 DT 450 000 DT (-5%) Nous contacter Description Cet appartement S+3, situé au 3 étage d’une résidence en R+4, bénéficie d’un emplacement privilégié à proximité du parc Ennahli. Il offre un cadre de vie agréable, calme et fonctionnel. L’appartement se compose d’un salon lumineux donnant sur un balcon, d’une salle d’eau pour les invités ainsi que d’une cuisine entièrement équipée et aménagée avec un séchoir. La partie nuit comprend trois chambres à coucher, dont deux avec placards, ainsi qu’une salle de bain équipée d’une baignoire. L’appartement dispose également du chauffage central et de la climatisation dans chaque pièce, garantissant un confort optimal en toute saison. Il bénéficie en outre d’une place de parking au sous-sol ainsi que d’un cellier. Un bien idéal pour une famille à la recherche d’un appartement confortable. Caractéristiques REF.: 69447 Libre: Non Catégorie: Haut standing Année de construction: 2009 Frais Prix: 430 000 DT Echéance crédit: DT 7.585 / mois Calculer l'échéancier À proximité Transport public Transport public 880 m station tchoutchou 1 1,8 Km Ecole École Abul Kacem Chebbi 870 m Ecole primaire Imam Sahnoun 1,4 Km Lycée El Wafa 2,0 Km ISET'COM 2,0 Km École supérieur des télécommunications de Tunis 2,5 Km Pharmacie Pharmacie Nabil Kriaa 730 m Pharmacie Fatma Mnif 1,2 Km Pharmacie Belghith Ghazela 1,2 Km Pharmacie 2,1 Km Pharmacie Selima (Imen Hammami Ammar) 2,3 Km Hôpital Hôpitaux 2,3 Km Hôpital Ibn Nafis 2,4 Km Hôpital Mahmoud El Matri 2,7 Km Commerce Supermarchés 1,2 Km Carrefour Market 1,8 Km Aziza 2,1 Km Monoprix 2,5 Km Boutique Magasins 730 m Boulangerie al Noufousi 1,2 Km Patisserie Ghaya 2,4 Km Boulangerie pâtisserie 2,7 Km Restaurant Restaurants 60 m El Hnaya 1,7 Km Origami Sushi Bar 2,1 Km Restaurant universitaire 2,3 Km Chabrouch 2,4 Km Afficher tout Augmenter © OpenMapTiles | © OpenStreetMap contributors Autres biens proposés par l'agence Nous contacter Nom* Prénom* E-mail* Téléphone* Message Conformément à la loi organique portant sur la protection des données à caractère personnel n° 2004-63 du 27 juillet 2004  [ Lire ] Accord pour les activités de Marketing Envoyer Propriété proposée par: Affilié: Pro Ponos 24 Sarl Avenue Ibn Khaldoun Loc N°01 Résidence Eya ,  2058 Ariana (GT) Avenue Ibn Khaldoun Loc N°01 Résidence Eya ,  2058 Ariana (GT) contact.a1@tecnocasa.tn +21629399631 +21628 766 777 Facebook contact.a1@tecnocasa.tn Téléphone +21628 766 777 Fac",2026-09-14T20:00:30
tecnocasa_70670_html,tecnocasa,https://www.tecnocasa.tn/vendre/appartement/grand-tunis/ariana/70670.html,vente,appartement,S+3 en vente,Ariana,Hedi Nouira Ariana,3175.0,75.0,3,3,,,True,True,False,True,True,False,"Annonces maisons et appartements à vendre et à louer - Tecnocasa.tn Immobilier Professionnel Evaluer mon bien Chercher une agence Se connecter Accueil Immobilier Professionnel Evaluer mon bien Chercher une agence Se connecter Accueil Appartement en vente Appartement Grand Tunis Ariana Hedi Nouira Ariana S+3 en vente Video visite 360° Photos Plan Map +27 S+3 en vente Ariana - Hedi Nouira Ariana REF: 70670 Demandez un crédit immobilier 3.175 DT par mois > 180 000 DT 4 pièces 75 m² presse pdf S+3 en vente Ariana - Hedi Nouira Ariana 4 pièces 75 m² 180 000 DT Nous contacter Description Cet appartement S+3 , situé au premier étage d’une résidence sécurisée avec ascenseur , bénéficie d’un emplacement privilégié à Cité Behi Ladghame, Ariana , à proximité de toutes les commodités . L’appartement se compose d’un salon lumineux ouvrant sur un balcon , offrant un agréable espace extérieur, ainsi que d’une cuisine récemment rénovée , aménagée et équipée d’une hotte, d’une plaque de cuisson et d’un four, avec un séchoir attenant. La partie nuit comprend trois chambres à coucher ainsi qu’une salle de bains équipée d’une baignoire . Pour votre confort, le bien dispose également du chauffage central et de la climatisation . Une place de parking au sein de la résidence complète ce bien. Un appartement idéal pour une famille à la recherche de confort, de tranquillité et de sécurité, dans un environnement résidentiel de qualité. Caractéristiques REF.: 70670 Etage: 1 (étage bas) Libre: Non Catégorie: Moyen standing Année de construction: 2005 Frais Prix: 180 000 DT Echéance crédit: DT 3.175 / mois Calculer l'échéancier À proximité Transport public Ariana 2,5 Km Transport public 2,6 Km Ecole école primaire Hadi Nouira 1,4 Km Lycée Secondaire Borj Louzir 1,5 Km ạlmdrsẗ ạlạ̹ʿdạdyẗ brj ạlwzyr 1,5 Km Écoles 2,1 Km École supérieur des télécommunications de Tunis 2,1 Km Pharmacie Pharmacie 1,5 Km Pharmacie Hassen Ben Hfaiedh 1,8 Km Pharmacie Kamoun Soukra 2,0 Km Pharmacie de nuit 2,1 Km Pharmacie Moncef Ghezaiel 2,8 Km Hôpital Hôpitaux 2,5 Km Hôpital Mahmoud El Matri 2,6 Km Commerce Aziza 2,0 Km Monoprix 2,0 Km Carrefour Market 2,1 Km Magro 2,8 Km Boutique Red Tag 2,1 Km Bar Club 71 2,0 Km Restaurant Club 7eventy One 2,0 Km Napoli 2,2 Km Restaurant universitaire 2,2 Km Take 5 2,3 Km Restaurant Marina 2,4 Km Afficher tout Augmenter © OpenMapTiles | © OpenStreetMap contributors Autres biens proposés par l'agence 155 000 DT S+2 en vente Ariana - Hedi Nouira Ariana 3 pièces 85 m² 165 000 DT S+2 en vente Ariana, Rue chedly meftah - Hedi Nouira Ariana 3 pièces 84 m² Nous contacter Nom* Prénom* E-mail* Téléphone* Message Conformément à la loi organique portant sur la protection des données à caractère personnel n° 2004-63 du 27 juillet 2004  [ Lire ] Accord pour les activités de Marketing Envoyer Propriété proposée par: Affilié: Hmta Partners  Sarl Rue JENDOUBA N°04 ,  2080 Ariana (GT) Rue JENDOUBA N°04 ,  2080 Ariana (GT) contact.a2@tecnocasa.tn +21627549556 +21627 549 556 Faceb",2026-09-14T20:00:36
tecnocasa_70589_html,tecnocasa,https://www.tecnocasa.tn/vendre/appartement/grand-tunis/ariana/70589.html,vente,appartement,S+2 en vente,Ariana,Hedi Nouira Ariana,3263.0,109.0,2,2,,,False,False,False,True,True,False,"Annonces maisons et appartements à vendre et à louer - Tecnocasa.tn Immobilier Professionnel Evaluer mon bien Chercher une agence Se connecter Accueil Immobilier Professionnel Evaluer mon bien Chercher une agence Se connecter Accueil Appartement en vente Appartement Grand Tunis Ariana Hedi Nouira Ariana S+2 en vente Video visite 360° Photos Plan Map +25 S+2 en vente Ariana - Hedi Nouira Ariana REF: 70589 Demandez un crédit immobilier 3.263 DT par mois > 185 000 DT 3 pièces 109 m² presse pdf S+2 en vente Ariana - Hedi Nouira Ariana 3 pièces 109 m² 185 000 DT Nous contacter Description Cet appartement S+2 est situé au troisieme étage d’une résidence calme et sécurisée , au cœur de la Cité Hédi Nouira à Ariana, dans un emplacement privilégié à proximité immédiate de toutes les commodités : commerces, services, transports et établissements scolaires. L’entrée dessert un hall qui s’ouvre sur un salon lumineux et une salle à manger , bénéficiant d’un accès direct à un balcon . La cuisine entièrement aménagée et équipée dispose de nombreux éléments de rangement et bénéficie d’une agréable luminosité naturelle grâce à son séchoir . Une salle d’eau pour les invités complète l’espace jour. La partie nuit se compose de deux chambres à coucher , chacune équipée d’un dressing, ainsi que d’une salle de bain avec baignoire . L’appartement est équipé de chauffage central et de climatisation en système split , offrant un confort optimal tout au long de l’année. Un bien idéal pour une résidence principale ou un investissement, dans un quartier recherché et proche de toutes les commodités. Caractéristiques REF.: 70589 Etage: 3 (étage elevé) Libre: Non Catégorie: Populaire Année de construction: 2001 Frais Prix: 185 000 DT Echéance crédit: DT 3.263 / mois Calculer l'échéancier À proximité Transport public Ariana 1,2 Km L'Indépendance 1,8 Km Transport public 1,3 Km station tchoutchou 1 2,5 Km Cité des sciences 2,7 Km Ecole école primaire Hadi Nouira 270 m Lycée Secondaire Borj Louzir 280 m ạlmdrsẗ ạlạ̹ʿdạdyẗ brj ạlwzyr 300 m Écoles 950 m Sidi Jebali 1,1 Km Pharmacie Pharmacie Hassen Ben Hfaiedh 520 m Pharmacie 880 m Pharmacie Moncef Ghezaiel 1,4 Km Pharmacie de nuit 1,7 Km Pharmacie Kamoun Soukra 2,1 Km Hôpital Hôpital Mahmoud El Matri 1,4 Km Hôpitaux 1,8 Km Hôpital Ibn Nafis 1,9 Km Commerce Magro 1,4 Km Monoprix 1,6 Km Carrefour Market 1,9 Km Aziza 1,9 Km Carrefour 2,4 Km Boutique Red Tag 1,7 Km l'élégant 2,4 Km Boulangerie pâtisserie 2,7 Km La fête 2,8 Km Bar Club 71 1,8 Km Restaurant Abou Ahmad 1,3 Km Restaurant Marina 1,3 Km Napoli 1,4 Km Take 5 1,4 Km Kaftaji Royal 1,6 Km Afficher tout Augmenter © OpenMapTiles | © OpenStreetMap contributors Autres biens proposés par l'agence 155 000 DT S+2 en vente Ariana - Hedi Nouira Ariana 3 pièces 85 m² 190 000 DT S+3 en vente Ariana - Hedi Nouira Ariana 4 pièces 100 m² 185 000 DT S+2 en vente Ariana, Rue El Hichri - Hedi Nouira Ariana 3 pièces 100 m² 165 000 DT S+2 en vente Ariana, Rue chedly meftah - Hedi Nouira Ariana 3 p",2026-09-14T20:00:41
tecnocasa_69199_html,tecnocasa,https://www.tecnocasa.tn/vendre/appartement/grand-tunis/ariana/69199.html,vente,appartement,S+2 en vente,Ariana,Hedi Nouira Ariana,2734.0,85.0,2,2,,,False,True,False,False,True,False,"Annonces maisons et appartements à vendre et à louer - Tecnocasa.tn Immobilier Professionnel Evaluer mon bien Chercher une agence Se connecter Accueil Immobilier Professionnel Evaluer mon bien Chercher une agence Se connecter Accueil Appartement en vente Appartement Grand Tunis Ariana Hedi Nouira Ariana S+2 en vente Video visite 360° Photos Plan Map +28 S+2 en vente Ariana - Hedi Nouira Ariana REF: 69199 Demandez un crédit immobilier 2.734 DT par mois > 155 000 DT 3 pièces 85 m² presse pdf S+2 en vente Ariana - Hedi Nouira Ariana 3 pièces 85 m² 155 000 DT Nous contacter Description À vendre , un appartement S+2 , situé au deuxième étage d'une résidence à Cité Behi Ladghem , Ariana , dans un quartier dynamique et facilement accessible , à proximité de toutes les commodités et des transports en commun. La partie jour se compose d'un salon lumineux ouvrant sur un balcon . La cuisine est équipée d'éléments de rangement et bénéficie d'un séchoir attenant. La partie nuit comprend deux chambres à coucher , dont une avec dressing , qui se partagent une salle de bain équipée d'une baignoire. L'appartement est équipé du chauffage central , assurant un confort optimal en toute saison. Une place de parking commune est également à la disposition des résidents. Cet appartement représente une excellente opportunité , aussi bien pour une résidence principale que pour un investissement locatif rentable. Caractéristiques REF.: 69199 Etage: 2 (étage moyen) Libre: Non Catégorie: Populaire Année de construction: 2009 Frais Prix: 155 000 DT Echéance crédit: DT 2.734 / mois Calculer l'échéancier À proximité Transport public Ariana 2,7 Km Transport public 2,8 Km Ecole école primaire Hadi Nouira 1,5 Km Lycée Secondaire Borj Louzir 1,6 Km ạlmdrsẗ ạlạ̹ʿdạdyẗ brj ạlwzyr 1,7 Km Écoles 2,1 Km École supérieur des télécommunications de Tunis 2,2 Km Pharmacie Pharmacie 1,6 Km Pharmacie Hassen Ben Hfaiedh 1,9 Km Pharmacie Kamoun Soukra 2,1 Km Pharmacie de nuit 2,2 Km Pharmacie Selima (Imen Hammami Ammar) 2,9 Km Hôpital Hôpitaux 2,5 Km Hôpital Mahmoud El Matri 2,8 Km Commerce Monoprix 2,1 Km Aziza 2,1 Km Carrefour Market 2,2 Km Magro 2,9 Km Boutique Red Tag 2,1 Km Bar Club 71 2,0 Km Restaurant Club 7eventy One 2,0 Km Restaurant universitaire 2,3 Km Napoli 2,3 Km Take 5 2,4 Km Restaurant Marina 2,5 Km Afficher tout Augmenter © OpenMapTiles | © OpenStreetMap contributors Autres biens proposés par l'agence 180 000 DT S+3 en vente Ariana - Hedi Nouira Ariana 4 pièces 75 m² 185 000 DT S+2 en vente Ariana - Hedi Nouira Ariana 3 pièces 109 m² 185 000 DT S+2 en vente Ariana, Rue El Hichri - Hedi Nouira Ariana 3 pièces 100 m² 165 000 DT S+2 en vente Ariana, Rue chedly meftah - Hedi Nouira Ariana 3 pièces 84 m² 125 000 DT S+3 en vente Ariana - Hedi Nouira Ariana 90 m² Nous contacter Nom* Prénom* E-mail* Téléphone* Message Conformément à la loi organique portant sur la protection des données à caractère personnel n° 2004-63 du 27 juillet 2004  [ Lire ] Accord pour les activités de Marketing ",2026-09-14T20:00:46
tecnocasa_67960_html,tecnocasa,https://www.tecnocasa.tn/vendre/appartement/grand-tunis/ariana/67960.html,vente,appartement,S+3 en vente,Ariana,Riadh Landalous,6967.0,140.0,3,3,,,False,True,False,False,False,False,"Annonces maisons et appartements à vendre et à louer - Tecnocasa.tn Immobilier Professionnel Evaluer mon bien Chercher une agence Se connecter Accueil Immobilier Professionnel Evaluer mon bien Chercher une agence Se connecter Accueil Appartement en vente Appartement Grand Tunis Ariana Riadh Landalous S+3 en vente Video visite 360° Photos Plan Map +3 S+3 en vente Ariana - Riadh Landalous REF: 67960 Demandez un crédit immobilier 6.967 DT par mois > 395 000 DT 4 pièces 140 m² presse pdf S+3 en vente Ariana - Riadh Landalous 4 pièces 140 m² 395 000 DT Nous contacter Description Cet appartement  S+3 offre un style moderne et unique. Il se compose d’un salon très lumineux avec balcon et vue sur les montagnes d’Ennahli, d’une cuisine spacieuse et moderne entièrement équipée ainsi que d’une cuisine d’été. L’espace nuit comprend trois chambres, une salle de bain et une salle d’eau. Le logement dispose également d’un placard de rangement, de trois climatiseurs et chauffage centrale . une place de parking au sous-sol incluse. Caractéristiques REF.: 67960 Etage: 4 (étage elevé) Libre: Non Catégorie: Haut standing Année de construction: 2009 Frais Prix: 395 000 DT Echéance crédit: DT 6.967 / mois Calculer l'échéancier À proximité Transport public Transport public 840 m station tchoutchou 1 1,8 Km Ecole École Abul Kacem Chebbi 830 m Ecole primaire Imam Sahnoun 1,3 Km Lycée El Wafa 2,0 Km ISET'COM 2,0 Km École supérieur des télécommunications de Tunis 2,4 Km Pharmacie Pharmacie Nabil Kriaa 680 m Pharmacie Fatma Mnif 1,1 Km Pharmacie Belghith Ghazela 1,2 Km Pharmacie 2,1 Km Pharmacie Selima (Imen Hammami Ammar) 2,2 Km Hôpital Hôpitaux 2,2 Km Hôpital Ibn Nafis 2,4 Km Hôpital Mahmoud El Matri 2,7 Km Commerce Supermarchés 1,1 Km Carrefour Market 1,8 Km Aziza 2,0 Km Monoprix 2,6 Km Boutique Magasins 680 m Boulangerie al Noufousi 1,2 Km Patisserie Ghaya 2,4 Km Boulangerie pâtisserie 2,7 Km Restaurant Restaurants 70 m El Hnaya 1,7 Km Origami Sushi Bar 2,1 Km Restaurant universitaire 2,2 Km Chabrouch 2,5 Km Afficher tout Augmenter © OpenMapTiles | © OpenStreetMap contributors Autres biens proposés par l'agence 430 000 DT 450 000 DT (-5%) S+3 en vente Ariana - Riadh Landalous 4 pièces 168 m² 420 000 DT S+3 en vente Ariana - Cité El Ghazala 3 pièces 112 m² 375 000 DT 400 000 DT (-7%) S+3 en vente Ariana - Cité El Ghazala 3 pièces 128 m² 380 000 DT S+3 en vente Ariana - Riadh Landalous 3 pièces 117 m² 406 000 DT S+3 en vente Ariana - Riadh Landalous 4 pièces 120 m² Nous contacter Nom* Prénom* E-mail* Téléphone* Message Conformément à la loi organique portant sur la protection des données à caractère personnel n° 2004-63 du 27 juillet 2004  [ Lire ] Accord pour les activités de Marketing Envoyer Propriété proposée par: Affilié: Pro Ponos 24 Sarl Avenue Ibn Khaldoun Loc N°01 Résidence Eya ,  2058 Ariana (GT) Avenue Ibn Khaldoun Loc N°01 Résidence Eya ,  2058 Ariana (GT) contact.a1@tecnocasa.tn +21629399631 +21628 766 777 Facebook contact.a1@tecnocasa.tn Téléphone +21628 766",2026-09-14T20:00:52
tecnocasa_69780_html,tecnocasa,https://www.tecnocasa.tn/vendre/appartement/grand-tunis/ariana/69780.html,vente,appartement,S+2 en vente,Ariana,Riadh Landalous,4568.0,100.0,2,2,,2ème étage,True,False,False,False,True,False,"Annonces maisons et appartements à vendre et à louer - Tecnocasa.tn Immobilier Professionnel Evaluer mon bien Chercher une agence Se connecter Accueil Immobilier Professionnel Evaluer mon bien Chercher une agence Se connecter Accueil Appartement en vente Appartement Grand Tunis Ariana Riadh Landalous S+2 en vente Video visite 360° Photos Plan Map S+2 en vente Ariana - Riadh Landalous REF: 69780 Demandez un crédit immobilier 4.568 DT par mois > 259 000 DT 3 pièces 100 m² presse pdf S+2 en vente Ariana - Riadh Landalous 3 pièces 100 m² 259 000 DT Nous contacter Description À vendre, un bel appartement S+2 situé au 2ème étage d’une résidence en R+4, sans ascenseur. L’appartement se compose d’un salon spacieux avec un grand balcon, d’une cuisine aménagée avec séchoir, ainsi que d’une salle d’eau pour les invités. La partie nuit comprend deux chambres à coucher, une terrasse et une salle de bain. L’appartement est équipé d’un chauffage central et dispose également d’un abri de voiture au sein de la résidence. Un appartement  idéal pour une famille à la recherche d’un logement confortable. Caractéristiques REF.: 69780 Etage: 2 (étage elevé) Libre: Non Catégorie: Moyen standing Année de construction: 2004 Frais Prix: 259 000 DT Echéance crédit: DT 4.568 / mois Calculer l'échéancier À proximité Transport public Ariana 2,7 Km station tchoutchou 1 1,0 Km Transport public 1,3 Km Ecole Ecole primaire Imam Sahnoun 1,3 Km ISET'COM 1,3 Km Lycée El Wafa 1,6 Km École primaire Ariana superieur 1,8 Km ạlmdrsẗ ạlạbtdạỷyẗ ạlnṣr 1 ạryạnẗ 1,8 Km Pharmacie Pharmacie 1,3 Km Pharmacie Belghith Ghazela 1,3 Km Pharmacie Fatma Mnif 1,6 Km Pharmacie Nabil Kriaa 1,7 Km Pharmacie Selima (Imen Hammami Ammar) 2,2 Km Hôpital Hôpitaux 940 m Hôpital Ibn Nafis 1,2 Km Hôpital Mahmoud El Matri 1,3 Km parapharmacie 2,9 Km Commerce Carrefour Market 360 m Aziza 970 m Supermarchés 1,0 Km Magro 2,1 Km Monoprix 2,1 Km Boutique Boulangerie al Noufousi 1,4 Km Magasins 1,7 Km Boulangerie pâtisserie 1,9 Km l'élégant 2,5 Km Patisserie Ghaya 2,5 Km Restaurant Origami Sushi Bar 1,3 Km El Hnaya 1,4 Km Restaurants 1,6 Km Restaurant universitaire 1,7 Km Chabrouch 1,9 Km Afficher tout Augmenter © OpenMapTiles | © OpenStreetMap contributors Autres biens proposés par l'agence Nous contacter Nom* Prénom* E-mail* Téléphone* Message Conformément à la loi organique portant sur la protection des données à caractère personnel n° 2004-63 du 27 juillet 2004  [ Lire ] Accord pour les activités de Marketing Envoyer Propriété proposée par: Affilié: Pro Ponos 24 Sarl Avenue Ibn Khaldoun Loc N°01 Résidence Eya ,  2058 Ariana (GT) Avenue Ibn Khaldoun Loc N°01 Résidence Eya ,  2058 Ariana (GT) contact.a1@tecnocasa.tn +21629399631 +21628 766 777 Facebook contact.a1@tecnocasa.tn Téléphone +21628 766 777 Facebook Site de l'agence Vendre un bien immobilier Plus d'informations Calculer l'itinéraire Agence Qui sommes-nous? Nos points forts Dans le monde Travaillez avec nous Siège national tecnocasa.tn Tecnocasa Dans le monde",2026-09-14T20:00:55
tecnocasa_65700_html,tecnocasa,https://www.tecnocasa.tn/vendre/appartement/grand-tunis/ariana/65700.html,vente,appartement,S+3 en vente,"Ariana, Cité ghazella",Cité El Ghazala,5997.0,152.0,3,3,,,True,True,False,False,True,False,"Annonces maisons et appartements à vendre et à louer - Tecnocasa.tn Immobilier Professionnel Evaluer mon bien Chercher une agence Se connecter Accueil Immobilier Professionnel Evaluer mon bien Chercher une agence Se connecter Accueil Appartement en vente Appartement Grand Tunis Ariana Cité El Ghazala S+3 en vente Video visite 360° Photos Plan Map +6 S+3 en vente Ariana, Cité ghazella - Cité El Ghazala REF: 65700 Demandez un crédit immobilier 5.997 DT par mois > 340 000 DT 4 pièces 152 m² presse pdf S+3 en vente Ariana, Cité ghazella - Cité El Ghazala 4 pièces 152 m² 340 000 DT Nous contacter Description Cet appartement se trouve au deuxième étage d’une résidence sécurisée avec ascenseur, au cœur d’un quartier résidentiel. Dès l’entrée, un salon lumineux avec balcon s’offre à vous, accompagné d’une cuisine aménagée, équipée d’une plaque, donnant accès à un séchoir. ainsi il y a trois chambres à coucher, dont deux avec balcon, en plus d’une salle d’eau et d’une salle de bain. L’appartement dispose également du chauffage central et d’une place de parking en sous-sol. Caractéristiques REF.: 65700 Etage: 2 Libre: Oui Catégorie: Moyen standing Année de construction: 2003 Frais Prix: 340 000 DT Echéance crédit: DT 5.997 / mois Calculer l'échéancier À proximité Transport public Transport public 570 m station tchoutchou 1 2,8 Km Ecole Ecole primaire Imam Sahnoun 610 m Lycée El Wafa 620 m ISET'COM 920 m École supérieur des télécommunications de Tunis 1,0 Km École Abul Kacem Chebbi 1,2 Km Pharmacie Pharmacie Selima (Imen Hammami Ammar) 500 m Pharmacie Fatma Mnif 590 m Pharmacie Belghith Ghazela 620 m Pharmacie Nabil Kriaa 1,1 Km Hôpital Hôpitaux 1,4 Km Commerce Aziza 830 m Supermarchés 890 m Carrefour Market 1,3 Km Boutique Boulangerie al Noufousi 620 m Patisserie Ghaya 710 m Magasins 1,1 Km Restaurant El Hnaya 600 m Restaurant universitaire 890 m Restaurants 1,7 Km Afficher tout Augmenter © OpenMapTiles | © OpenStreetMap contributors Autres biens proposés par l'agence 346 000 DT S+2 en vente Ariana, Avenue doha - Cité El Ghazala 3 pièces 128 m² Nous contacter Nom* Prénom* E-mail* Téléphone* Message Conformément à la loi organique portant sur la protection des données à caractère personnel n° 2004-63 du 27 juillet 2004  [ Lire ] Accord pour les activités de Marketing Envoyer Propriété proposée par: Affilié: Little Ariana Real Estate Sarl Rue Al Ansar Avenue Mohamed El Brahmi N°17,  2083 Ariana (GT) Rue Al Ansar Avenue Mohamed El Brahmi N°17,  2083 Ariana (GT) contact.gz@tecnocasa.tn +21627 760 777 Facebook contact.gz@tecnocasa.tn Téléphone +21627 760 777 Facebook Site de l'agence Vendre un bien immobilier Plus d'informations Calculer l'itinéraire Notre équipe Montassar Mechmech Affilié Beya Trabelsi Collaborateur Mariem Bouzaidi Collaborateur Amine Bettaieb Collaborateur Yosra Assadi Collaborateur Lamia Samani Coordinatrice Agence Qui sommes-nous? Nos points forts Dans le monde Travaillez avec nous Siège national tecnocasa.tn Tecnocasa Dans le monde Italie ",2026-09-14T20:01:00
tecnocasa_69928_html,tecnocasa,https://www.tecnocasa.tn/vendre/appartement/grand-tunis/ariana/69928.html,vente,appartement,S+3 en vente,Ariana,Hedi Nouira Ariana,3351.0,100.0,3,3,,,False,True,False,True,True,False,"Annonces maisons et appartements à vendre et à louer - Tecnocasa.tn Immobilier Professionnel Evaluer mon bien Chercher une agence Se connecter Accueil Immobilier Professionnel Evaluer mon bien Chercher une agence Se connecter Accueil Appartement en vente Appartement Grand Tunis Ariana Hedi Nouira Ariana S+3 en vente Video visite 360° Photos Plan Map +6 S+3 en vente Ariana - Hedi Nouira Ariana REF: 69928 Demandez un crédit immobilier 3.351 DT par mois > 190 000 DT 4 pièces 100 m² presse pdf S+3 en vente Ariana - Hedi Nouira Ariana 4 pièces 100 m² 190 000 DT Nous contacter Description Cet appartement S+3 est situé au 2 étage d’une résidence R+4 , dans un quartier calme et p roche de toutes les commodités à Cité Behi Ladghem. La partie jour se compose d’un salon lumineux grâce à ses ouvertures, donnant accès à un balcon . La cuisine est aménagée et dispose d’un séchoir attenant. La partie nuit comprend trois chambres à coucher, dont une avec dressing , ainsi qu’une salle de bain équipée d’ un jacuzzi . L’appartement est équipé du chauffage central et de la climatisation . Il dispose également d’une place de parking . Caractéristiques REF.: 69928 Etage: 2 Libre: Oui Catégorie: Populaire Année de construction: 2002 Frais Prix: 190 000 DT Echéance crédit: DT 3.351 / mois Calculer l'échéancier À proximité Transport public Ariana 2,2 Km L'Indépendance 2,8 Km Transport public 2,3 Km Ecole école primaire Hadi Nouira 1,0 Km Lycée Secondaire Borj Louzir 1,1 Km ạlmdrsẗ ạlạ̹ʿdạdyẗ brj ạlwzyr 1,2 Km Écoles 2,0 Km Écoles 2,0 Km Pharmacie Pharmacie 1,3 Km Pharmacie Hassen Ben Hfaiedh 1,5 Km Pharmacie de nuit 2,0 Km Pharmacie Kamoun Soukra 2,0 Km Pharmacie Moncef Ghezaiel 2,5 Km Hôpital Hôpital Mahmoud El Matri 2,3 Km Hôpitaux 2,6 Km Hôpital Ibn Nafis 2,7 Km Commerce Aziza 1,9 Km Monoprix 1,9 Km Carrefour Market 2,0 Km Magro 2,4 Km Supermarchés 2,9 Km Boutique Red Tag 1,9 Km Bar Club 71 1,9 Km Restaurant Club 7eventy One 1,9 Km Napoli 2,0 Km Take 5 2,1 Km Restaurant Marina 2,1 Km Abou Ahmad 2,2 Km Afficher tout Augmenter © OpenMapTiles | © OpenStreetMap contributors Autres biens proposés par l'agence 180 000 DT S+3 en vente Ariana - Hedi Nouira Ariana 4 pièces 75 m² 185 000 DT S+2 en vente Ariana - Hedi Nouira Ariana 3 pièces 109 m² 155 000 DT S+2 en vente Ariana - Hedi Nouira Ariana 3 pièces 85 m² 185 000 DT S+2 en vente Ariana, Rue El Hichri - Hedi Nouira Ariana 3 pièces 100 m² 165 000 DT S+2 en vente Ariana, Rue chedly meftah - Hedi Nouira Ariana 3 pièces 84 m² Nous contacter Nom* Prénom* E-mail* Téléphone* Message Conformément à la loi organique portant sur la protection des données à caractère personnel n° 2004-63 du 27 juillet 2004  [ Lire ] Accord pour les activités de Marketing Envoyer Propriété proposée par: Affilié: Hmta Partners  Sarl Rue JENDOUBA N°04 ,  2080 Ariana (GT) Rue JENDOUBA N°04 ,  2080 Ariana (GT) contact.a2@tecnocasa.tn +21627549556 +21627 549 556 Facebook contact.a2@tecnocasa.tn Téléphone +21627 549 556 Facebook Site de l'agence Vendre un ",2026-09-14T20:01:05
tecnocasa_70840_html,tecnocasa,https://www.tecnocasa.tn/vendre/appartement/grand-tunis/ennasr/70840.html,vente,appartement,S+2 en vente,"Ennasr, Rue Mehrez Chairat",Ennasr 2,6703.0,110.0,2,2,,1er étage,False,True,False,True,True,False,"Annonces maisons et appartements à vendre et à louer - Tecnocasa.tn Immobilier Professionnel Evaluer mon bien Chercher une agence Se connecter Accueil Immobilier Professionnel Evaluer mon bien Chercher une agence Se connecter Accueil Appartement en vente Appartement Grand Tunis Ennasr Ennasr 2 S+2 en vente Video visite 360° Photos Plan Map +7 S+2 en vente Ennasr, Rue Mehrez Chairat - Ennasr 2 REF: 70840 Demandez un crédit immobilier 6.703 DT par mois > 380 000 DT 2 pièces 110 m² presse pdf S+2 en vente Ennasr, Rue Mehrez Chairat - Ennasr 2 2 pièces 110 m² 380 000 DT Nous contacter Description Découvrez cet élégant appartement S+2 , situé au 1er étage d’une résidence calme et sécurisée, offrant un cadre de vie confortable et un agencement parfaitement fonctionnel. Dès l’entrée, vous serez accueillis par un salon spacieux et lumineux ouvrant sur un balcon. La cuisine équipée dispose d’une hotte, d’une plaque de cuisson et d’un four , et bénéficie également d’un séchoir attenant . Un point d’eau invités complète la partie jour. La partie nuit se compose de deux chambres à coucher avec dressings , dont une suite parentale équipée d’un dressing, d’un espace douche privatif et d’un balcon. L’appartement est également doté du chauffage central et de climatiseurs split , garantissant un confort optimal en toute saison. Une place de parking est également incluse. Un bien idéal pour une famille à la recherche de confort, praticité et tranquillité , dans une résidence sécurisée. Caractéristiques REF.: 70840 Etage: 1 (étage moyen) Chauffage: Centrale (Gaz, Climatisation Split) Libre: Non Catégorie: Moyen standing Année de construction: 2022 Frais Prix: 380 000 DT Echéance crédit: DT 6.703 / mois Calculer l'échéancier À proximité Transport public Transport public 1,2 Km station tchoutchou 1 2,1 Km Ecole Salim School 680 m Lycée 780 m Ecole Primaire Ennasr 2 880 m College Riadh Ennasr Ariana 1,3 Km Collége 1,3 Km Pharmacie Pharmacie de Nuit Hedia Jellouli Masmoudi 1,0 Km Pharmacie 1,2 Km Pharmacie Jaouida Cheikh-Rouhou Ep. Ben Mosb 1,3 Km Pharmacie Fayez Khabthani 1,3 Km Pharmacie ROFAIDA Moadeb 2,1 Km Hôpital parapharmacie 2,1 Km Polyclinique el Farabi 2,4 Km Hôpital Ibn Nafis 2,6 Km Hôpitaux 2,7 Km Analyse centre masmoudi 2,7 Km Commerce Champion 990 m Monoprix 1,1 Km Supermarchés 1,4 Km Magasin Général Menzah 1,8 Km Carrefour Market El Manar 2,0 Km Boutique Supérette 49 1,0 Km Supérette 50 1,1 Km Boulangerie Marrakech 1,2 Km Boulangerie Le Continent 1,3 Km Supérette 40 1,3 Km Restaurant Ritrovo Degli Artisti 600 m ḥlwyạt ạlmṣmwdy 920 m Insomnia 990 m L'excellence 1,0 Km Le Seixieme 1,3 Km Afficher tout Autres caractéristiques Balcon Descriptif des locaux: Cuisine Cuisine équipée Salle De Bain Salle D'eau Salle De Bain Avec une fenêtre Chambres / Pièces Suite parentale Chambres / Pièces Chambre à coucher Augmenter © OpenMapTiles | © OpenStreetMap contributors Autres biens proposés par l'agence 415 000 DT S+2 en vente Ennasr, Rue Mehrez Chairat - Jardins D'En",2026-09-14T20:01:09
tecnocasa_66156_html,tecnocasa,https://www.tecnocasa.tn/vendre/appartement/grand-tunis/ennasr/66156.html,vente,appartement,S+1 en vente,"Ennasr, Ave Ariana Les Roses",Ennasr 2,2910.0,55.0,1,1,,,False,False,False,True,True,False,"Annonces maisons et appartements à vendre et à louer - Tecnocasa.tn Immobilier Professionnel Evaluer mon bien Chercher une agence Se connecter Accueil Immobilier Professionnel Evaluer mon bien Chercher une agence Se connecter Accueil Appartement en vente Appartement Grand Tunis Ennasr Ennasr 2 S+1 en vente Video visite 360° Photos Plan Map +6 S+1 en vente Ennasr, Ave Ariana Les Roses - Ennasr 2 REF: 66156 Demandez un crédit immobilier 2.910 DT par mois > 165 000 DT 2 pièces 55 m² presse pdf S+1 en vente Ennasr, Ave Ariana Les Roses - Ennasr 2 2 pièces 55 m² 165 000 DT Nous contacter Description Cet appartement occupe le premier étage d’un immeuble situé en plein cœur de l’avenue Hédi Nouira. Le hall d’entrée dessert un salon lumineux grâce à ces ouvertures La cuisine, indépendante, est richement aménagée. Une chambre à coucher avec placard, ainsi qu’une salle de bain complètent l’appartement. Il est équipé d’une climatisation par splits et d’un chauffage central. Idéal pour un investissement. Caractéristiques REF.: 66156 Etage: 1 (étage bas) Chauffage: Centrale Libre: Oui Catégorie: Moyen standing Année de construction: 2007 Frais Prix: 165 000 DT Echéance crédit: DT 2.910 / mois Calculer l'échéancier À proximité Transport public 10 Décembre 1948 2,6 Km Cité Sportive 2,8 Km Transport public 360 m TCV menzah 5/6 1,4 Km Ecole Lycée Menzeh 6 600 m Lycée 610 m École Primaire 640 m Ecole Primaire Ennasr 2 650 m École Primaire d'El Menzah 7 720 m Pharmacie Pharmacie 90 m Pharmacie Jaouida Cheikh-Rouhou Ep. Ben Mosb 180 m Pharmacie de Nuit Hedia Jellouli Masmoudi 290 m Pharmacie Fayez Khabthani 410 m Pharmacie ROFAIDA Moadeb 840 m Hôpital parapharmacie 900 m Polyclinique el Farabi 1,1 Km Analyse centre masmoudi 1,6 Km Hôpital Ibn Nafis 2,1 Km Hôpitaux 2,3 Km Commerce Monoprix 120 m Champion 340 m Magasin Général Menzah 580 m Supermarchés 730 m Impact Sport Nutrition 1,1 Km Boutique Boulangerie Marrakech 20 m Boulangerie Le Continent 230 m Supérette 51 310 m chez Fanny 320 m Supérette 52 340 m Bar Bar Lounge SAADI 2,5 Km Babylone 2,5 Km Restaurant Le Seixieme 120 m L'excellence 300 m Insomnia 350 m ḥlwyạt ạlmṣmwdy 450 m Le Bambou cuisine asiatique 470 m Afficher tout Autres caractéristiques Gardien Descriptif des locaux: Cuisine Avec un coin repas Salle De Bain Avec une fenêtre Chambres / Pièces Chambre à coucher Chambres / Pièces Salon Autres Locaux Placard Augmenter © OpenMapTiles | © OpenStreetMap contributors Autres biens proposés par l'agence Visite 3D 175 000 DT S+1 en vente Ennasr, Ave Ariana Les Roses - Ennasr 2 1 pièce 55 m² Nous contacter Nom* Prénom* E-mail* Téléphone* Message Conformément à la loi organique portant sur la protection des données à caractère personnel n° 2004-63 du 27 juillet 2004  [ Lire ] Accord pour les activités de Marketing Envoyer Propriété proposée par: Affilié: Growth Realty Sarl Avenue Ariana Les Roses, Résidence El Ons,  2037 Ennasr (GT) Avenue Ariana Les Roses, Résidence El Ons,  2037 Ennasr (GT) contact.e1@tecnocasa",2026-09-14T20:01:15
tecnocasa_66199_html,tecnocasa,https://www.tecnocasa.tn/vendre/appartement/grand-tunis/ennasr/66199.html,vente,appartement,S+3 en vente,Ennasr,,6791.0,185.0,3,3,,,True,True,False,True,True,False,"Annonces maisons et appartements à vendre et à louer - Tecnocasa.tn Immobilier Professionnel Evaluer mon bien Chercher une agence Se connecter Accueil Immobilier Professionnel Evaluer mon bien Chercher une agence Se connecter Accueil Appartement en vente Appartement Grand Tunis Ennasr Ennasr S+3 en vente Video visite 360° Photos Plan Map +12 S+3 en vente Ennasr REF: 66199 Demandez un crédit immobilier 6.791 DT par mois > 385 000 DT 395 000 DT (-3%) 3 pièces 185 m² presse pdf S+3 en vente Ennasr 3 pièces 185 m² 385 000 DT 395 000 DT (-3%) Nous contacter Description Situé au sixième étage d’une résidence  bien entretenue et sécurisée, cet appartement bénéficie d’un emplacement agréable ainsi que d’un double ascenseur offrant un confort au quotidien. Dès l’entrée,on trouve un espace de vie lumineux ouvrant sur un balcon bénéficiant d’une orientation Est offrant une belle luminosité naturelle La cuisine est aménagée et entièrement équipée, complétée par un séchoir fonctionnel. Une salle d’eau pour les invités vient compléter la partie jour. La partie nuit se compose de trois chambres à coucher, dont deux avec dressings, se partageant une salle de bain commune. L’appartement est équipé du chauffage central ainsi que de climatiseurs en split system. Une place de parking au sous-sol est également disponible. Caractéristiques REF.: 66199 Etage: 6 (étage elevé) Conditionnement: Autnome (Climatisation Split) Ascenseur: Oui Chauffage: Centrale (Central Pour L'Immeuble Avec Compteur Individuel) Libre: Non Afficher tout Frais Prix: 385 000 DT Echéance crédit: DT 6.791 / mois Calculer l'échéancier À proximité Transport public Ariana 2,7 Km 10 Décembre 1948 2,8 Km Transport public 420 m station tchoutchou 1 580 m Cité des sciences 3,0 Km Ecole ạlmdrsẗ ạlạbtdạỷyẗ ạlnṣr 1 ạryạnẗ 360 m College Riadh Ennasr Ariana 520 m Collége 520 m Ecole Django Reinhardt 720 m Ecole Primaire Ennasr 2 940 m Pharmacie Pharmacie 380 m Pharmacie Fayez Khabthani 920 m Pharmacie Jaouida Cheikh-Rouhou Ep. Ben Mosb 1,2 Km Pharmacie Sana Ghroubi Ep. Chaabane 1,4 Km Pharmacie de Nuit Hedia Jellouli Masmoudi 1,5 Km Hôpital Hôpital Ibn Nafis 900 m Hôpitaux 1,0 Km Hôpital Mahmoud El Matri 1,4 Km parapharmacie 1,4 Km Polyclinique el Farabi 1,9 Km Commerce Monoprix 510 m Supermarchés 610 m Magasin Général Menzah 1,4 Km Champion 1,5 Km Magro 1,8 Km Boutique Boulangerie pâtisserie 430 m Magasins 630 m Ikram 1,1 Km Boulangerie Le Continent 1,1 Km Supérette 55 1,3 Km Bar Bar Lounge SAADI 2,6 Km Restaurant Chabrouch 290 m Broadway 320 m Venezia 340 m Origami Sushi Bar 370 m Momenti Italiani 490 m Afficher tout Autres caractéristiques Balcon Ascenseur Place de parking Descriptif des locaux: Cuisine Cuisine équipée Salle De Bain Avec une fenêtre Augmenter © OpenMapTiles | © OpenStreetMap contributors Autres biens proposés par l'agence 380 000 DT 410 000 DT (-8%) S+3 en vente Ennasr 3 pièces 135 m² 330 000 DT S+3 en vente Ennasr - Ennasr 2 4 pièces 132 m² 460 000 DT Duplex en vente Ennasr 3 pièces 165 ",2026-09-14T20:01:20
tecnocasa_68499_html,tecnocasa,https://www.tecnocasa.tn/vendre/appartement/grand-tunis/ennasr/68499.html,vente,appartement,S+1 en vente,Ennasr,Ennasr 2,3528.0,59.0,1,1,,,True,False,False,False,True,False,"Annonces maisons et appartements à vendre et à louer - Tecnocasa.tn Immobilier Professionnel Evaluer mon bien Chercher une agence Se connecter Accueil Immobilier Professionnel Evaluer mon bien Chercher une agence Se connecter Accueil Appartement en vente Appartement Grand Tunis Ennasr Ennasr 2 S+1 en vente Video visite 360° Photos Plan Map +8 S+1 en vente Ennasr - Ennasr 2 REF: 68499 Demandez un crédit immobilier 3.528 DT par mois > 200 000 DT 210 000 DT (-5%) 1 pièce 59 m² presse pdf S+1 en vente Ennasr - Ennasr 2 1 pièce 59 m² 200 000 DT 210 000 DT (-5%) Nous contacter Description Situé au cinquième étage d’un immeuble, cet appartement bénéficie d’une bonne orientation et d’une agréable luminosité naturelle tout au long de la journée. L’entrée dessert un salon spacieux et lumineux, agrémenté de larges ouvertures qui créent un espace de vie convivial et chaleureux. La cuisine, fonctionnelle et entièrement aménagée et équipée, offre de nombreux rangements ainsi qu’un espace pratique adapté au quotidien. La partie nuit se compose d’une chambre à coucher avec dressing, ainsi que d’une salle de douche. Pour un confort optimal en toute saison, l’appartement est équipé de climatiusation par splits et de chauffage central. Grâce à son emplacement stratégique, sa bonne orientation et sa proximité immédiate de toutes les commodités, ce bien constitue une excellente opportunité d’investissement, aussi bien pour un placement locatif que pour une résidence principale. Caractéristiques REF.: 68499 Etage: 5 (étage elevé) Conditionnement: Autnome Ascenseur: Oui Chauffage: Centrale Libre: Oui Afficher tout Frais Prix: 200 000 DT Echéance crédit: DT 3.528 / mois Calculer l'échéancier À proximité Transport public 10 Décembre 1948 2,7 Km Cité Sportive 2,9 Km Transport public 400 m TCV menzah 5/6 1,5 Km Ecole Lycée 480 m Ecole Primaire Ennasr 2 640 m Lycée Menzeh 6 710 m École Primaire 720 m École Primaire d'El Menzah 7 720 m Pharmacie Pharmacie 60 m Pharmacie de Nuit Hedia Jellouli Masmoudi 160 m Pharmacie Jaouida Cheikh-Rouhou Ep. Ben Mosb 290 m Pharmacie Fayez Khabthani 500 m Pharmacie ROFAIDA Moadeb 930 m Hôpital parapharmacie 1,0 Km Polyclinique el Farabi 1,2 Km Analyse centre masmoudi 1,6 Km Hôpital Ibn Nafis 2,2 Km Elmanara 2,4 Km Commerce Monoprix 50 m Champion 210 m Magasin Général Menzah 700 m Supermarchés 810 m Impact Sport Nutrition 1,1 Km Boutique Boulangerie Marrakech 110 m Boulangerie Le Continent 340 m Supérette 51 360 m chez Fanny 370 m Supérette 52 410 m Bar Babylone 2,6 Km Bar Lounge SAADI 2,6 Km Restaurant L'excellence 170 m Insomnia 210 m Le Seixieme 240 m ḥlwyạt ạlmṣmwdy 320 m Le Bambou cuisine asiatique 550 m Afficher tout Autres caractéristiques Ascenseur Descriptif des locaux: Cuisine Cuisine américaine Salle De Bain Salle D'eau Chambres / Pièces Chambre à coucher Chambres / Pièces Salon Autres Locaux Placard Augmenter © OpenMapTiles | © OpenStreetMap contributors Autres biens proposés par l'agence 165 000 DT S+1 en vente Ennasr, Ave Ariana",2026-09-14T20:01:25
tecnocasa_70414_html,tecnocasa,https://www.tecnocasa.tn/vendre/appartement/grand-tunis/ennasr/70414.html,vente,appartement,S+2 en vente,Ennasr,Ennasr 2,4851.0,90.0,2,2,,,True,True,False,True,True,False,"Annonces maisons et appartements à vendre et à louer - Tecnocasa.tn Immobilier Professionnel Evaluer mon bien Chercher une agence Se connecter Accueil Immobilier Professionnel Evaluer mon bien Chercher une agence Se connecter Accueil Appartement en vente Appartement Grand Tunis Ennasr Ennasr 2 S+2 en vente Video visite 360° Photos Plan Map +6 S+2 en vente Ennasr - Ennasr 2 REF: 70414 Demandez un crédit immobilier 4.851 DT par mois > 275 000 DT 2 pièces 90 m² presse pdf S+2 en vente Ennasr - Ennasr 2 2 pièces 90 m² 275 000 DT Nous contacter Description Cet appartement occupe le sixième étage d'une résidence munie d’un double ascenseur situé sur l’artère principale hédi nouira à Ennasr 2. La pièce de réception est inondée de la lumière naturelle grâce à son accès à une terrasse de 23m² offrant une vue dégagée. La cuisine est agencée par des éléments de rangement et elle ouvre sur un séchoir fonctionnel. La partie nuit loge deux chambres à coucher qui se partagent une salle de bain commune. Cet appartement est équipé par un chauffage central et une climatisation par split système. Une place de parking au sous-sol est à disposition pour les futurs habitants. Caractéristiques REF.: 70414 Etage: 6 (étage elevé) Conditionnement: Autnome Ascenseur: Oui Chauffage: Centrale Libre: Non Afficher tout Frais Prix: 275 000 DT Echéance crédit: DT 4.851 / mois Calculer l'échéancier À proximité Transport public 10 Décembre 1948 2,7 Km Cité Sportive 3,0 Km Transport public 470 m TCV menzah 5/6 1,6 Km Ecole Lycée 430 m Ecole Primaire Ennasr 2 590 m Salim School 700 m Lycée Menzeh 6 770 m École Primaire d'El Menzah 7 780 m Pharmacie Pharmacie 90 m Pharmacie de Nuit Hedia Jellouli Masmoudi 130 m Pharmacie Jaouida Cheikh-Rouhou Ep. Ben Mosb 310 m Pharmacie Fayez Khabthani 490 m Pharmacie ROFAIDA Moadeb 1,0 Km Hôpital parapharmacie 1,1 Km Polyclinique el Farabi 1,3 Km Analyse centre masmoudi 1,7 Km Hôpital Ibn Nafis 2,2 Km Hôpitaux 2,4 Km Commerce Monoprix 60 m Champion 170 m Magasin Général Menzah 760 m Supermarchés 800 m Carrefour Market El Manar 1,2 Km Boutique Boulangerie Marrakech 160 m Boulangerie Le Continent 350 m Supérette 51 430 m chez Fanny 440 m Supérette 52 480 m Bar Babylone 2,6 Km Bar Lounge SAADI 2,6 Km Restaurant L'excellence 130 m Insomnia 180 m Le Seixieme 270 m ḥlwyạt ạlmṣmwdy 280 m Le Bambou cuisine asiatique 550 m Afficher tout Autres caractéristiques Terrasse Ascenseur Descriptif des locaux: Cuisine Avec un coin repas Salle De Bain Salle D'eau Chambres / Pièces Chambre à coucher Chambres / Pièces Salon Autres Locaux Placard Augmenter © OpenMapTiles | © OpenStreetMap contributors Autres biens proposés par l'agence Nous contacter Nom* Prénom* E-mail* Téléphone* Message Conformément à la loi organique portant sur la protection des données à caractère personnel n° 2004-63 du 27 juillet 2004  [ Lire ] Accord pour les activités de Marketing Envoyer Propriété proposée par: Affilié: Growth Realty Sarl Avenue Ariana Les Roses, Résidence El Ons,  2037 Ennas",2026-09-14T20:01:29
tecnocasa_70457_html,tecnocasa,https://www.tecnocasa.tn/vendre/appartement/grand-tunis/ennasr/70457.html,vente,appartement,S+3 en vente,"Ennasr, Ave Ariana Les Roses",Ennasr 2,6703.0,139.0,3,3,,,True,True,False,True,True,False,"Annonces maisons et appartements à vendre et à louer - Tecnocasa.tn Immobilier Professionnel Evaluer mon bien Chercher une agence Se connecter Accueil Immobilier Professionnel Evaluer mon bien Chercher une agence Se connecter Accueil Appartement en vente Appartement Grand Tunis Ennasr Ennasr 2 S+3 en vente Video visite 360° Photos Plan Map +14 S+3 en vente Ennasr, Ave Ariana Les Roses - Ennasr 2 REF: 70457 Demandez un crédit immobilier 6.703 DT par mois > 380 000 DT 3 pièces 139 m² presse pdf S+3 en vente Ennasr, Ave Ariana Les Roses - Ennasr 2 3 pièces 139 m² 380 000 DT Nous contacter Description Situé dans une résidence sécurisée avec ascenseur , il se distingue par ses beaux volumes , sa luminosité et son agencement fonctionnel , parfaitement adapté à une vie familiale. L’entrée ouvre sur un hall de réception qui dessert un salon spacieux et lumineux , agrémenté d’un balcon , offrant un agréable espace extérieur au quotidien. La partie jour comprend également une cuisine indépendante , aménagée avec de nombreux rangements et équipée d’une plaque de cuisson et d’une hotte aspirante . Elle est prolongée par un séchoir . Une salle d’eau pour les invités complète cet espace. La partie nuit se compose de trois chambres à coucher confortables , dont une bénéficie d’un dressing , ainsi que d’une salle de bain commune . Pour un confort optimal en toute saison, l’appartement est équipé du chauffage central et de la climatisation en split . Une place de parking privative vient compléter ce bien, offrant ainsi un véritable confort au quotidien. Un appartement familial aux beaux volumes, idéal pour ceux qui recherchent confort, fonctionnalité et proximité des commodités. Caractéristiques REF.: 70457 Etage: 6 (étage elevé) Conditionnement: Autnome Ascenseur: Oui Chauffage: Centrale Libre: Oui Afficher tout Frais Prix: 380 000 DT Echéance crédit: DT 6.703 / mois Calculer l'échéancier À proximité Transport public 10 Décembre 1948 2,5 Km Cité Sportive 2,8 Km Transport public 360 m TCV menzah 5/6 1,4 Km Ecole Lycée Menzeh 6 580 m École Primaire 620 m Lycée 640 m Ecole Primaire Ennasr 2 650 m École Primaire d'El Menzah 7 730 m Pharmacie Pharmacie 120 m Pharmacie Jaouida Cheikh-Rouhou Ep. Ben Mosb 160 m Pharmacie de Nuit Hedia Jellouli Masmoudi 320 m Pharmacie Fayez Khabthani 390 m Pharmacie ROFAIDA Moadeb 820 m Hôpital parapharmacie 880 m Polyclinique el Farabi 1,1 Km Analyse centre masmoudi 1,6 Km Hôpital Ibn Nafis 2,1 Km Hôpitaux 2,3 Km Commerce Monoprix 140 m Champion 370 m Magasin Général Menzah 560 m Supermarchés 710 m Impact Sport Nutrition 1,0 Km Boutique Boulangerie Marrakech 50 m Boulangerie Le Continent 220 m Supérette 51 300 m chez Fanny 320 m Supérette 52 340 m Bar Bar Lounge SAADI 2,4 Km Babylone 2,5 Km Restaurant Le Seixieme 100 m L'excellence 330 m Insomnia 370 m Le Bambou cuisine asiatique 450 m ḥlwyạt ạlmṣmwdy 480 m Afficher tout Autres caractéristiques Balcon Gardien Ascenseur Descriptif des locaux: Cuisine Cuisine équipée Salle De Bain Avec u",2026-09-14T20:01:35
tecnocasa_66716_html,tecnocasa,https://www.tecnocasa.tn/vendre/appartement/grand-tunis/ennasr/66716.html,vente,appartement,S+3 en vente,Ennasr,Ennasr 2,7055.0,141.0,3,3,,,True,True,False,True,True,False,"Annonces maisons et appartements à vendre et à louer - Tecnocasa.tn Immobilier Professionnel Evaluer mon bien Chercher une agence Se connecter Accueil Immobilier Professionnel Evaluer mon bien Chercher une agence Se connecter Accueil Appartement en vente Appartement Grand Tunis Ennasr Ennasr 2 S+3 en vente Video visite 360° Photos Plan Map +19 S+3 en vente Ennasr - Ennasr 2 REF: 66716 Demandez un crédit immobilier 7.055 DT par mois > 400 000 DT 4 pièces 141 m² presse pdf S+3 en vente Ennasr - Ennasr 2 4 pièces 141 m² 400 000 DT Nous contacter Description Cet appartement, bénéficiant d’une excellente orientation, offre un cadre de vie confortable et privilégié au cœur d’Ennasr 2. Situé au troisième étage d’une résidence sécurisée, parfaitement entretenue et équipée d’un ascenseur, il allie confort, tranquillité et praticité au quotidien. Dès l’entrée, un hall spacieux dessert harmonieusement les différents espaces de vie. Le salon, généreux et baigné de lumière naturelle, s’ouvre sur une agréable terrasse qui prolonge l’espace de réception et crée une atmosphère chaleureuse tout au long de la journée. La cuisine, entièrement aménagée et équipée, séduit par son agencement fonctionnel et ses nombreux rangements. Elle est complétée par un séchoir, offrant un espace supplémentaire particulièrement pratique. Une salle d’eau pour les invités vient compléter la partie jour. La partie nuit se compose de trois chambres à coucher, dont deux sont dotées de dressings intégrés. L’une d’elles bénéficie également d’un accès direct à la terrasse, apportant davantage de confort et de luminosité. Une salle de bain commune dessert cet espace. L’appartement dispose de prestations de qualité, notamment le chauffage central et la climatisation, garantissant un confort optimal en toute saison. Une place de parking au sous-sol vient compléter les atouts de ce bien. Grâce à son emplacement stratégique, à proximité immédiate des commodités, des établissements scolaires, des commerces et des principaux axes routiers, cet appartement constitue une excellente opportunité pour une résidence principale alliant confort, fonctionnalité et qualité de vie. Caractéristiques REF.: 66716 Etage: 3 (étage moyen) Conditionnement: Autnome (Climatisation Split) Chauffage: Centrale Libre: Non Catégorie: Haut standing Afficher tout Frais Prix: 400 000 DT Echéance crédit: DT 7.055 / mois Calculer l'échéancier À proximité Transport public 10 Décembre 1948 2,5 Km Cité Sportive 2,8 Km Transport public 430 m TCV menzah 5/6 1,3 Km Ecole Ecole Primaire Ennasr 2 570 m Lycée Menzeh 6 600 m Collége 670 m College Riadh Ennasr Ariana 680 m École Primaire 690 m Pharmacie Pharmacie Jaouida Cheikh-Rouhou Ep. Ben Mosb 10 m Pharmacie 230 m Pharmacie Fayez Khabthani 240 m Pharmacie de Nuit Hedia Jellouli Masmoudi 440 m Pharmacie ROFAIDA Moadeb 850 m Hôpital parapharmacie 830 m Polyclinique el Farabi 1,1 Km Analyse centre masmoudi 1,6 Km Hôpital Ibn Nafis 1,9 Km Hôpitaux 2,1 Km Commerce Monoprix 260 m Champion",2026-09-14T20:01:41
tecnocasa_68950_html,tecnocasa,https://www.tecnocasa.tn/vendre/appartement/grand-tunis/ennasr/68950.html,vente,appartement,S+3 en vente,Ennasr,,6703.0,135.0,3,3,,,True,True,False,False,True,False,"Annonces maisons et appartements à vendre et à louer - Tecnocasa.tn Immobilier Professionnel Evaluer mon bien Chercher une agence Se connecter Accueil Immobilier Professionnel Evaluer mon bien Chercher une agence Se connecter Accueil Appartement en vente Appartement Grand Tunis Ennasr Ennasr S+3 en vente Video visite 360° Photos Plan Map +10 S+3 en vente Ennasr REF: 68950 Demandez un crédit immobilier 6.703 DT par mois > 380 000 DT 410 000 DT (-8%) 3 pièces 135 m² presse pdf S+3 en vente Ennasr 3 pièces 135 m² 380 000 DT 410 000 DT (-8%) Nous contacter Description Cet appartement S+3 est situé au 3 étage d’une résidence en R+3 bien entretnue avec ascenseur à Ennasr . L’entrée ouvre sur un hall qui dessert, à droite, un salon spacieux et lumineux avec balcon avec une vue dégagée , et à gauche, une cuisine entièrement aménagée et équipée d’une plaque de cuisson et d’un four, complétée par un séchoir. La partie nuit se compose d’une suite parentale ainsi que de deux chambres à coucher qui se partagent une salle de bain. L’appartement est équipé du chauffage central et de climatiseurs split system. Une place de parking est également disponible au sous-sol . Caractéristiques REF.: 68950 Etage: 3 (étage elevé) Chauffage: Centrale (Central Pour L'Immeuble Avec Compteur Individuel) Libre: Oui Catégorie: Moyen standing Année de construction: 1998 Frais Prix: 380 000 DT Echéance crédit: DT 6.703 / mois Calculer l'échéancier À proximité Transport public Ariana 2,6 Km L'Indépendance 2,7 Km station tchoutchou 1 410 m Transport public 520 m Cité des sciences 3,0 Km Ecole ạlmdrsẗ ạlạbtdạỷyẗ ạlnṣr 1 ạryạnẗ 440 m College Riadh Ennasr Ariana 710 m Collége 720 m Ecole Django Reinhardt 810 m École primaire Ariana superieur 890 m Pharmacie Pharmacie 180 m Pharmacie Fayez Khabthani 1,1 Km Pharmacie Jaouida Cheikh-Rouhou Ep. Ben Mosb 1,3 Km Pharmacie Sana Ghroubi Ep. Chaabane 1,5 Km Pharmacie de Nuit Hedia Jellouli Masmoudi 1,7 Km Hôpital Hôpital Ibn Nafis 730 m Hôpitaux 850 m Hôpital Mahmoud El Matri 1,2 Km parapharmacie 1,6 Km Polyclinique el Farabi 2,0 Km Commerce Monoprix 700 m Supermarchés 800 m Magasin Général Menzah 1,6 Km Champion 1,7 Km Carrefour Market 1,7 Km Boutique Boulangerie pâtisserie 510 m Magasins 820 m Ikram 1,2 Km Boulangerie Le Continent 1,3 Km l'élégant 1,5 Km Bar Bar Lounge SAADI 2,7 Km Restaurant Origami Sushi Bar 180 m Chabrouch 480 m Broadway 510 m Venezia 540 m Momenti Italiani 690 m Afficher tout Autres caractéristiques Balcon Place de parking Descriptif des locaux: Cuisine Cuisine équipée Salle De Bain Avec une fenêtre Chambres / Pièces Chambre à coucher Augmenter © OpenMapTiles | © OpenStreetMap contributors Autres biens proposés par l'agence 325 000 DT 340 000 DT (-5%) S+2 en vente Ennasr 2 pièces 120 m² 330 000 DT S+3 en vente Ennasr - Ennasr 2 4 pièces 132 m² 360 000 DT Duplex en vente Ennasr 110 m² 420 000 DT S+3 en vente Ennasr - Ennasr 2 3 pièces 143 m² Nous contacter Nom* Prénom* E-mail* Téléphone* Message Conformément à la loi orga",2026-09-14T20:01:46
tecnocasa_68555_html,tecnocasa,https://www.tecnocasa.tn/vendre/appartement/grand-tunis/ennasr/68555.html,vente,appartement,S+2 en vente,Ennasr,,5733.0,120.0,2,2,,,False,True,False,False,True,False,"Annonces maisons et appartements à vendre et à louer - Tecnocasa.tn Immobilier Professionnel Evaluer mon bien Chercher une agence Se connecter Accueil Immobilier Professionnel Evaluer mon bien Chercher une agence Se connecter Accueil Appartement en vente Appartement Grand Tunis Ennasr Ennasr S+2 en vente Video visite 360° Photos Plan Map +6 S+2 en vente Ennasr REF: 68555 Demandez un crédit immobilier 5.733 DT par mois > 325 000 DT 340 000 DT (-5%) 2 pièces 120 m² presse pdf S+2 en vente Ennasr 2 pièces 120 m² 325 000 DT 340 000 DT (-5%) Nous contacter Description Cet appartement est situé au deuxième étage d’une résidence calme et résidentielle en R+2 sans ascensseur, . Dès l’entrée, un hall dessert, sur la gauche, un salon spacieux pouvant accueillir aisément un salon et une salle à manger. À côté, la cuisine est indépendante, aménagée et entièrement équipée. Une salle d’eau pour les invités complète la partie jour. La partie nuit se compose de trois chambres à coucher, dont une avec un dressing. Elles se partagent une salle d’eau. L’appartement est équipé du chauffage central ainsi que de climatiseurs. Deux places de parking au sous-sol sont également à disposition. Caractéristiques REF.: 68555 Etage: 2 (étage moyen) Chauffage: Centrale (Central Pour L'Immeuble Avec Compteur Individuel) Libre: Non Catégorie: Haut standing Année de construction: 2014 Frais Prix: 325 000 DT Echéance crédit: DT 5.733 / mois Calculer l'échéancier À proximité Transport public Ariana 2,6 Km L'Indépendance 2,8 Km station tchoutchou 1 100 m Transport public 710 m Ecole ạlmdrsẗ ạlạbtdạỷyẗ ạlnṣr 1 ạryạnẗ 750 m École primaire Ariana superieur 1,0 Km College Riadh Ennasr Ariana 1,0 Km Collége 1,0 Km Ecole Django Reinhardt 1,1 Km Pharmacie Pharmacie 190 m Pharmacie Fayez Khabthani 1,5 Km Pharmacie Jaouida Cheikh-Rouhou Ep. Ben Mosb 1,7 Km Pharmacie Sana Ghroubi Ep. Chaabane 1,7 Km Pharmacie de Nuit Hedia Jellouli Masmoudi 2,0 Km Hôpital Hôpital Ibn Nafis 610 m Hôpitaux 640 m Hôpital Mahmoud El Matri 1,1 Km parapharmacie 1,9 Km Polyclinique el Farabi 2,4 Km Commerce Monoprix 1,0 Km Supermarchés 1,1 Km Carrefour Market 1,4 Km Magro 1,7 Km Magasin Général Menzah 1,9 Km Boutique Boulangerie pâtisserie 820 m Magasins 1,2 Km Ikram 1,5 Km Boulangerie Le Continent 1,6 Km l'élégant 1,7 Km Bar Bar Lounge SAADI 2,9 Km Restaurant Origami Sushi Bar 200 m Chabrouch 820 m Broadway 850 m Venezia 870 m Momenti Italiani 1,0 Km Afficher tout Autres caractéristiques Place de parking Balcon Descriptif des locaux: Cuisine Cuisine équipée Salle De Bain Avec une fenêtre Augmenter © OpenMapTiles | © OpenStreetMap contributors Autres biens proposés par l'agence 380 000 DT 410 000 DT (-8%) S+3 en vente Ennasr 3 pièces 135 m² 330 000 DT S+3 en vente Ennasr - Ennasr 2 4 pièces 132 m² 360 000 DT Duplex en vente Ennasr 110 m² Nous contacter Nom* Prénom* E-mail* Téléphone* Message Conformément à la loi organique portant sur la protection des données à caractère personnel n° 2004-63 du 27 juillet 2004  [ L",2026-09-14T20:01:53
tecnocasa_70386_html,tecnocasa,https://www.tecnocasa.tn/vendre/appartement/grand-tunis/ennasr/70386.html,vente,appartement,S+3 en vente,Ennasr,Ennasr 2,5821.0,132.0,3,3,,1er étage,False,True,False,True,True,False,"Annonces maisons et appartements à vendre et à louer - Tecnocasa.tn Immobilier Professionnel Evaluer mon bien Chercher une agence Se connecter Accueil Immobilier Professionnel Evaluer mon bien Chercher une agence Se connecter Accueil Appartement en vente Appartement Grand Tunis Ennasr Ennasr 2 S+3 en vente Video visite 360° Photos Plan Map +10 S+3 en vente Ennasr - Ennasr 2 REF: 70386 Demandez un crédit immobilier 5.821 DT par mois > 330 000 DT 4 pièces 132 m² presse pdf S+3 en vente Ennasr - Ennasr 2 4 pièces 132 m² 330 000 DT Nous contacter Description Cet appartement en S+3 est situé au 1er étage d’une résidence bien entretenue, proche de toutes les commodités. L’entrée ouvre sur un hall qui dessert un salon spacieux et bien orienté, bénéficiant d’un balcon. La cuisine est entièrement aménagée et équipée d’une plaque de cuisson, d’une hotte et d’un four, et est complétée par un séchoir. Une salle d’eau complète la partie jour. La partie nuit se compose de trois chambres à coucher, dont deux avec dressings, qui se partagent une salle de bain commune. L’appartement est équipé de climatiseurs split-system ainsi que d’un chauffage central. Une place de parking est également disponible. Caractéristiques REF.: 70386 Etage: 1 (étage bas) Conditionnement: Autnome (Climatisation Split) Chauffage: Centrale (Central Pour L'Immeuble Avec Compteur Individuel) Libre: Oui Catégorie: Haut standing Afficher tout Frais Prix: 330 000 DT Echéance crédit: DT 5.821 / mois Calculer l'échéancier À proximité Transport public Ariana 2,6 Km L'Indépendance 2,7 Km station tchoutchou 1 500 m Transport public 530 m Cité des sciences 2,9 Km Ecole ạlmdrsẗ ạlạbtdạỷyẗ ạlnṣr 1 ạryạnẗ 350 m College Riadh Ennasr Ariana 650 m Collége 660 m Ecole Django Reinhardt 730 m École primaire Ariana superieur 850 m Pharmacie Pharmacie 260 m Pharmacie Fayez Khabthani 1,0 Km Pharmacie Jaouida Cheikh-Rouhou Ep. Ben Mosb 1,3 Km Pharmacie Sana Ghroubi Ep. Chaabane 1,4 Km Pharmacie de Nuit Hedia Jellouli Masmoudi 1,6 Km Hôpital Hôpital Ibn Nafis 760 m Hôpitaux 890 m Hôpital Mahmoud El Matri 1,2 Km parapharmacie 1,5 Km Polyclinique el Farabi 2,0 Km Commerce Monoprix 630 m Supermarchés 720 m Magasin Général Menzah 1,5 Km Champion 1,7 Km Magro 1,7 Km Boutique Boulangerie pâtisserie 420 m Magasins 740 m Ikram 1,1 Km Boulangerie Le Continent 1,2 Km Supérette 55 1,4 Km Bar Bar Lounge SAADI 2,6 Km Restaurant Origami Sushi Bar 250 m Chabrouch 410 m Broadway 440 m Venezia 460 m Momenti Italiani 610 m Afficher tout Autres caractéristiques Place de parking Descriptif des locaux: Cuisine Cuisine équipée Salle De Bain Avec une fenêtre Augmenter © OpenMapTiles | © OpenStreetMap contributors Autres biens proposés par l'agence 380 000 DT 410 000 DT (-8%) S+3 en vente Ennasr 3 pièces 135 m² 325 000 DT 340 000 DT (-5%) S+2 en vente Ennasr 2 pièces 120 m² 360 000 DT Duplex en vente Ennasr 110 m² Nous contacter Nom* Prénom* E-mail* Téléphone* Message Conformément à la loi organique portant sur la protection des donné",2026-09-14T20:01:57
tecnocasa_66462_html,tecnocasa,https://www.tecnocasa.tn/vendre/appartement/grand-tunis/ennasr/66462.html,vente,appartement,S+3 en vente,"Ennasr, Rue Mehrez Chairat",Jardins D'Ennasr,9172.0,179.0,3,3,,,False,True,False,False,True,False,"Annonces maisons et appartements à vendre et à louer - Tecnocasa.tn Immobilier Professionnel Evaluer mon bien Chercher une agence Se connecter Accueil Immobilier Professionnel Evaluer mon bien Chercher une agence Se connecter Accueil Appartement en vente Appartement Grand Tunis Ennasr Jardins D'Ennasr S+3 en vente Video visite 360° Photos Plan Map +21 S+3 en vente Ennasr, Rue Mehrez Chairat - Jardins D'Ennasr REF: 66462 Demandez un crédit immobilier 9.172 DT par mois > 520 000 DT 540 000 DT (-4%) 4 pièces 179 m² presse pdf S+3 en vente Ennasr, Rue Mehrez Chairat - Jardins D'Ennasr 4 pièces 179 m² 520 000 DT 540 000 DT (-4%) Nous contacter Description Découvrez cet élégant appartement S+3 , situé au 2 étage d’une résidence calme et sécurisée, offrant un cadre de vie confortable et un agencement parfaitement fonctionnel. Dès l’entrée, vous serez accueillis par un salon spacieux et lumineux ouvrant sur une terrasse . La cuisine , équipée d’une hotte , d’une plaque de cuisson et d’un four et est complétée par un séchoir attenant . Un point d’eau invités vient compléter la partie jour, soigneusement séparée de la partie nuit pour davantage d’intimité. La partie nuit comprend deux chambres à coucher équipées de dressings , dont une avec balcon , ainsi qu’une salle de bain avec baignoire . Une suite parentale avec dressing , point de douche et balcon complète cet espace. L’appartement est également doté du chauffage central et de climatiseurs en split , garantissant un confort optimal en toute saison. Une place de parking est incluse , ainsi qu’un cellier. Un bien idéal pour une famille recherchant confort , praticité et cadre de vie agréable . Caractéristiques REF.: 66462 Etage: 2 (étage moyen) Libre: Non Catégorie: Haut standing Année de construction: 2021 Frais Prix: 520 000 DT Echéance crédit: DT 9.172 / mois Calculer l'échéancier À proximité Transport public Transport public 980 m station tchoutchou 1 1,9 Km Ecole Salim School 440 m Ecole Primaire Ennasr 2 630 m Lycée 660 m College Riadh Ennasr Ariana 1,0 Km Collége 1,0 Km Pharmacie Pharmacie de Nuit Hedia Jellouli Masmoudi 860 m Pharmacie 950 m Pharmacie Fayez Khabthani 1,0 Km Pharmacie Jaouida Cheikh-Rouhou Ep. Ben Mosb 1,1 Km Pharmacie ROFAIDA Moadeb 1,9 Km Hôpital parapharmacie 1,9 Km Polyclinique el Farabi 2,2 Km Hôpital Ibn Nafis 2,4 Km Hôpitaux 2,5 Km Analyse centre masmoudi 2,6 Km Commerce Champion 830 m Monoprix 930 m Supermarchés 1,2 Km Magasin Général Menzah 1,6 Km Carrefour Market El Manar 1,9 Km Boutique Supérette 50 970 m Boulangerie Marrakech 1,0 Km Boulangerie Le Continent 1,0 Km Supérette 49 1,2 Km Magasins 1,2 Km Restaurant Ritrovo Degli Artisti 550 m ḥlwyạt ạlmṣmwdy 770 m L'excellence 830 m Insomnia 830 m Bambou 1,1 Km Afficher tout Augmenter © OpenMapTiles | © OpenStreetMap contributors Autres biens proposés par l'agence 490 000 DT Duplex en vente Ennasr, Avenue Medinat Moussoul - Ennasr 2 170 m² 620 000 DT S+3 en vente Ennasr, Rue Mehrez Chairat - Jardins D'Ennasr 4 pièces 167 ",2026-09-14T20:02:03
tecnocasa_63766_html,tecnocasa,https://www.tecnocasa.tn/vendre/appartement/grand-tunis/ennasr/63766.html,vente,appartement,S+2 en vente,"Ennasr, Av. de L’Ère Nouvelle",Ennasr 2,5468.0,119.0,2,2,,,True,False,False,True,True,False,"Annonces maisons et appartements à vendre et à louer - Tecnocasa.tn Immobilier Professionnel Evaluer mon bien Chercher une agence Se connecter Accueil Immobilier Professionnel Evaluer mon bien Chercher une agence Se connecter Accueil Appartement en vente Appartement Grand Tunis Ennasr Ennasr 2 S+2 en vente Video visite 360° Photos Plan Map +14 S+2 en vente Ennasr, Av. de L’Ère Nouvelle - Ennasr 2 REF: 63766 Demandez un crédit immobilier 5.468 DT par mois > 310 000 DT 330 000 DT (-7%) 2 pièces 119 m² presse pdf S+2 en vente Ennasr, Av. de L’Ère Nouvelle - Ennasr 2 2 pièces 119 m² 310 000 DT 330 000 DT (-7%) Nous contacter Description Situé au troisième étage d’une résidence sécurisée et bien entretenue avec ascenseur, cet appartement offre un cadre de vie confortable et privilégié en plein cœur de Ennasr 2 , l’un des quartiers les plus recherchés pour sa proximité immédiate de toutes les commodités : commerces, établissements scolaires, centres médicaux, cafés et axes principaux. Dès l’entrée, vous êtes accueilli par un hall spacieux qui dessert harmonieusement les différents espaces de vie. Le salon, généreusement dimensionné, séduit par sa luminosité naturelle grâce à une large baie vitrée qui inonde la pièce de lumière tout au long de la journée. Cet espace convivial est idéal pour recevoir ou profiter de moments de détente en famille. Une salle d’eau pour invités, pratique et élégamment agencée , complète la partie jour. La cuisine, entièrement aménagée et fonctionnelle, offre de nombreux rangements ainsi qu’un plan de travail optimisé. Elle donne accès à un séchoir pratique, parfait pour l’entretien quotidien, ainsi qu’à un espace de service supplémentaire, apportant un réel confort d’organisation. La partie nuit, totalement indépendante pour plus d’intimité, se compose de deux chambres à coucher confortables. Chaque chambre est équipée de son propre dressing , offrant un espace de rangement appréciable et bien pensé. Une salle de bain commune, soigneusement aménagée, vient compléter cet espace nuit. L’appartement bénéficie d’équipements de qualité, notamment un chauffage central et u ne climatisation centrale , garantissant un confort optimal en toutes saisons. Ce bien représente une opportunité idéale pour une résidence principale ou un investissement sûr dans un emplacement stratégique. Caractéristiques REF.: 63766 Etage: 3 (étage moyen) Chauffage: Centrale Libre: Oui Catégorie: Moyen standing Année de construction: 2009 Frais Prix: 310 000 DT Echéance crédit: DT 5.468 / mois Calculer l'échéancier À proximité Transport public Transport public 750 m TCV menzah 5/6 1,9 Km Ecole Lycée 130 m Ecole Primaire Ennasr 2 610 m Salim School 610 m École Primaire d'El Menzah 7 980 m Collége 1,0 Km Pharmacie Pharmacie de Nuit Hedia Jellouli Masmoudi 250 m Pharmacie 420 m Pharmacie Jaouida Cheikh-Rouhou Ep. Ben Mosb 610 m Pharmacie Fayez Khabthani 740 m Pharmacie ROFAIDA Moadeb 1,3 Km Hôpital parapharmacie 1,4 Km Polyclinique el Farabi 1,6 Km Analyse cen",2026-09-14T20:02:09
tecnocasa_69862_html,tecnocasa,https://www.tecnocasa.tn/vendre/appartement/grand-tunis/ennasr/69862.html,vente,appartement,S+3 en vente,"Ennasr, Avenue de Hédi Nouira",Ennasr 2,6703.0,152.0,3,3,,,True,True,False,True,True,False,"Annonces maisons et appartements à vendre et à louer - Tecnocasa.tn Immobilier Professionnel Evaluer mon bien Chercher une agence Se connecter Accueil Immobilier Professionnel Evaluer mon bien Chercher une agence Se connecter Accueil Appartement en vente Appartement Grand Tunis Ennasr Ennasr 2 S+3 en vente Video visite 360° Photos Plan Map +7 S+3 en vente Ennasr, Avenue de Hédi Nouira - Ennasr 2 REF: 69862 Demandez un crédit immobilier 6.703 DT par mois > 380 000 DT 3 pièces 152 m² presse pdf S+3 en vente Ennasr, Avenue de Hédi Nouira - Ennasr 2 3 pièces 152 m² 380 000 DT Nous contacter Description Au cœur d’un quartier résidentiel recherché, à proximité immédiate de toutes les commodités : commerces, établissements scolaires, restaurants et transports. Situé au sein d’une résidence sécunrisée avec ascenseur, cet appartement offre de beaux volumes et un agencement fonctionnel, idéal pour une famille à la recherche de confort et de praticité. Dès l’entrée, un hall de réception dessert un salon spacieux et lumineux, bénéficiant d’un agréable balcon, idéal pour profiter d’un espace extérieur au quotidien. La partie jour comprend également une cuisine indépendante, aménagée avec de nombreux rangements et équipée d’une plaque de cuisson, d’une hotte aspirante et d’un four électrique. La cuisine est prolongée par un séchoir. Une salle d’eau pour les invités complète cet espace. La partie nuit se compose de trois chambres à coucher confortables, dont une disposant d’un dressing, ainsi qu’une salle de bain commune. Pour un confort optimal toute l’année, l’appartement dispose du chauffage central et de la climatisation en split. Une place de parking privative ainsi qu’un cellier viennent compléter ce bien. Caractéristiques REF.: 69862 Etage: 5 Conditionnement: Autnome (Climatisation Split) Ascenseur: Oui Chauffage: Centrale Libre: Oui Afficher tout Frais Prix: 380 000 DT Echéance crédit: DT 6.703 / mois Calculer l'échéancier À proximité Transport public 10 Décembre 1948 2,8 Km Transport public 490 m TCV menzah 5/6 1,7 Km Ecole Lycée 340 m Ecole Primaire Ennasr 2 660 m Salim School 740 m École Primaire d'El Menzah 7 750 m École Primaire 820 m Pharmacie Pharmacie de Nuit Hedia Jellouli Masmoudi 10 m Pharmacie 190 m Pharmacie Jaouida Cheikh-Rouhou Ep. Ben Mosb 420 m Pharmacie Fayez Khabthani 610 m Pharmacie ROFAIDA Moadeb 1,1 Km Hôpital parapharmacie 1,2 Km Polyclinique el Farabi 1,4 Km Analyse centre masmoudi 1,7 Km Hôpital Ibn Nafis 2,3 Km Elmanara 2,3 Km Commerce Champion 60 m Monoprix 170 m Magasin Général Menzah 840 m Supermarchés 920 m Carrefour Market El Manar 1,1 Km Boutique Boulangerie Marrakech 260 m Supérette 50 390 m Supérette 51 460 m chez Fanny 460 m Boulangerie Le Continent 460 m Bar Babylone 2,7 Km Bar Lounge SAADI 2,7 Km Restaurant L'excellence 40 m Insomnia 70 m ḥlwyạt ạlmṣmwdy 170 m Le Seixieme 380 m Ritrovo Degli Artisti 570 m Afficher tout Autres caractéristiques Balcon Ascenseur Gardien Place de parking Descriptif des locaux: Cuisine Cu",2026-09-14T20:02:13
tecnocasa_68946_html,tecnocasa,https://www.tecnocasa.tn/vendre/appartement/grand-tunis/ennasr/68946.html,vente,appartement,S+3 en vente,Ennasr,Ennasr 2,7673.0,144.0,3,3,,rez-de-chaussée,True,True,False,True,True,False,"Annonces maisons et appartements à vendre et à louer - Tecnocasa.tn Immobilier Professionnel Evaluer mon bien Chercher une agence Se connecter Accueil Immobilier Professionnel Evaluer mon bien Chercher une agence Se connecter Accueil Appartement en vente Appartement Grand Tunis Ennasr Ennasr 2 S+3 en vente Video visite 360° Photos Plan Map +9 S+3 en vente Ennasr - Ennasr 2 REF: 68946 Demandez un crédit immobilier 7.673 DT par mois > 435 000 DT 4 pièces 144 m² presse pdf S+3 en vente Ennasr - Ennasr 2 4 pièces 144 m² 435 000 DT Nous contacter Description Cet appartement, bénéficiant d'une excellente orientation, offre un cadre de vie confortable et privilégié au cœur d'Ennasr 2. Situé au rez-de-chaussée surélevé (mezzanine) d'une résidence sécurisée, construite en 2020, parfaitement entretenue et équipée d'un ascenseur, il allie confort, tranquillité et praticité au quotidien. Dès l'entrée, vous découvrez un salon spacieux et lumineux, baigné de lumière naturelle grâce à son excellente exposition. La cuisine, entièrement aménagée et équipée, séduit par son agencement fonctionnel et ses nombreux espaces de rangement. Elle est complétée par un débarras ainsi qu'un accès à une vaste terrasse, idéale pour profiter d'un espace extérieur supplémentaire ou aménager un coin détente. Une salle d'eau pour les invités vient parfaire la partie jour. L'espace nuit se compose de trois chambres à coucher, dont deux disposent de dressings intégrés. Une salle de bain commune dessert harmonieusement cet espace. L'appartement bénéficie de prestations de qualité, notamment le chauffage central et la climatisation, assurant un confort optimal tout au long de l'année. Une place de parking au sous-sol complète les prestations de ce bien. Grâce à son emplacement stratégique, à proximité immédiate des commerces, des établissements scolaires, des services et des principaux axes routiers , cet appartement représente une excellente opportunité, aussi bien pour une résidence principale que pour un investissement de qualité, alliant confort, fonctionnalité et qualité de vie. Caractéristiques REF.: 68946 Etage: Bas Conditionnement: Autnome Chauffage: Centrale Libre: Non Catégorie: Haut standing Afficher tout Frais Prix: 435 000 DT Echéance crédit: DT 7.673 / mois Calculer l'échéancier À proximité Transport public 10 Décembre 1948 2,6 Km Cité Sportive 2,8 Km Transport public 370 m TCV menzah 5/6 1,4 Km Ecole Lycée 570 m Lycée Menzeh 6 630 m Ecole Primaire Ennasr 2 640 m École Primaire 660 m École Primaire d'El Menzah 7 720 m Pharmacie Pharmacie 60 m Pharmacie Jaouida Cheikh-Rouhou Ep. Ben Mosb 220 m Pharmacie de Nuit Hedia Jellouli Masmoudi 250 m Pharmacie Fayez Khabthani 440 m Pharmacie ROFAIDA Moadeb 860 m Hôpital parapharmacie 940 m Polyclinique el Farabi 1,2 Km Analyse centre masmoudi 1,6 Km Hôpital Ibn Nafis 2,2 Km Hôpitaux 2,3 Km Commerce Monoprix 80 m Champion 300 m Magasin Général Menzah 620 m Supermarchés 760 m Impact Sport Nutrition 1,1 Km Boutique Boulangerie Marrakec",2026-09-14T20:02:18
tecnocasa_69351_html,tecnocasa,https://www.tecnocasa.tn/vendre/appartement/grand-tunis/ennasr/69351.html,vente,appartement,S+1 en vente,"Ennasr, Ave Ariana Les Roses",Ennasr 2,3087.0,55.0,1,1,,,True,False,False,True,True,False,"Annonces maisons et appartements à vendre et à louer - Tecnocasa.tn Immobilier Professionnel Evaluer mon bien Chercher une agence Se connecter Accueil Immobilier Professionnel Evaluer mon bien Chercher une agence Se connecter Accueil Appartement en vente Appartement Grand Tunis Ennasr Ennasr 2 S+1 en vente Video visite 360° Photos Plan Map +11 S+1 en vente Ennasr, Ave Ariana Les Roses - Ennasr 2 REF: 69351 Demandez un crédit immobilier 3.087 DT par mois > 175 000 DT 1 pièce 55 m² presse pdf S+1 en vente Ennasr, Ave Ariana Les Roses - Ennasr 2 1 pièce 55 m² 175 000 DT Nous contacter Description Idéalement situé en plein cœur de l’avenue Hédi Nouira, cet appartement occupe le cinquième étage d’un immeuble et bénéficie d’une bonne orientation ainsi que d’une belle luminosité naturelle . L’entrée dessert un salon agréable et lumineux , grâce à ses larges ouvertures, offrant un espace de vie convivial. La cuisine indépendante , fonctionnelle et richement aménagée, dispose de nombreux rangements et d’un espace pratique pour le quotidien. La partie nuit se compose d’une chambre à coucher avec balcon , profitant d’une vue dégagée , ainsi que d’une salle de bain. L’appartement est également équipé, d’une climatisation par splits et d’un chauffage central , assurant un confort optimal en toute saison. Grâce à son emplacement stratégique , sa bonne orientation et sa proximité immédiate de toutes les commodités, ce bien représente une excellente opportunité d’investissement , aussi bien pour un placement locatif que pour une résidence principale. Caractéristiques REF.: 69351 Etage: 5 (étage elevé) Conditionnement: Autnome Ascenseur: Oui Chauffage: Centrale Libre: Oui Afficher tout Frais Prix: 175 000 DT Echéance crédit: DT 3.087 / mois Calculer l'échéancier À proximité Transport public 10 Décembre 1948 2,6 Km Cité Sportive 2,8 Km Transport public 360 m TCV menzah 5/6 1,4 Km Ecole Lycée Menzeh 6 600 m Lycée 610 m École Primaire 640 m Ecole Primaire Ennasr 2 650 m École Primaire d'El Menzah 7 720 m Pharmacie Pharmacie 90 m Pharmacie Jaouida Cheikh-Rouhou Ep. Ben Mosb 180 m Pharmacie de Nuit Hedia Jellouli Masmoudi 290 m Pharmacie Fayez Khabthani 410 m Pharmacie ROFAIDA Moadeb 840 m Hôpital parapharmacie 900 m Polyclinique el Farabi 1,1 Km Analyse centre masmoudi 1,6 Km Hôpital Ibn Nafis 2,1 Km Hôpitaux 2,3 Km Commerce Monoprix 120 m Champion 340 m Magasin Général Menzah 580 m Supermarchés 730 m Impact Sport Nutrition 1,1 Km Boutique Boulangerie Marrakech 20 m Boulangerie Le Continent 230 m Supérette 51 310 m chez Fanny 320 m Supérette 52 340 m Bar Bar Lounge SAADI 2,5 Km Babylone 2,5 Km Restaurant Le Seixieme 120 m L'excellence 300 m Insomnia 350 m ḥlwyạt ạlmṣmwdy 450 m Le Bambou cuisine asiatique 470 m Afficher tout Autres caractéristiques Ascenseur Balcon Descriptif des locaux: Cuisine Avec un coin repas Salle De Bain Salle D'eau Augmenter © OpenMapTiles | © OpenStreetMap contributors Autres biens proposés par l'agence 165 000 DT S+1 en vente Ennasr, Ave Ari",2026-09-14T20:02:24
tecnocasa_70791_html,tecnocasa,https://www.tecnocasa.tn/vendre/appartement/grand-tunis/el-menzah/70791.html,vente,appartement,S+4 en vente,El Menzah,Menzah 7,6526.0,130.0,4,4,,,True,False,False,True,True,False,"Annonces maisons et appartements à vendre et à louer - Tecnocasa.tn Immobilier Professionnel Evaluer mon bien Chercher une agence Se connecter Accueil Immobilier Professionnel Evaluer mon bien Chercher une agence Se connecter Accueil Appartement en vente Appartement Grand Tunis El Menzah Menzah 7 S+4 en vente Video visite 360° Photos Plan Map +3 S+4 en vente El Menzah - Menzah 7 REF: 70791 Demandez un crédit immobilier 6.526 DT par mois > 370 000 DT 130 m² presse pdf S+4 en vente El Menzah - Menzah 7 130 m² 370 000 DT Nous contacter Description Notre appartement, situé au 4 étage d’une résidence avec ascenseur , se compose d’un spacieux salon ainsi que d’une cuisine entièrement équipée avec hotte, four et plaque de cuisson. Une salle de douche complète la partie jour. La partie nuit comprend 4 chambres , dont 3 avec dressings intégrés , ainsi qu’une salle de bain . L’appartement est également équipé d’un chauffage central et d’un système de climatisation split , garantissant un confort optimal tout au long de l’année. Le bien dispose également de deux abris de voiture . Caractéristiques REF.: 70791 Etage: 4 (étage moyen) Chauffage: Centrale (Climatisation Split, Etage) Libre: Oui Catégorie: Ancien Année de construction: 1981 Frais Prix: 370 000 DT Echéance crédit: DT 6.526 / mois Calculer l'échéancier À proximité Transport public 10 Décembre 1948 2,9 Km Transport public 560 m TCV menzah 5/6 1,8 Km Ecole Lycée 330 m École Primaire d'El Menzah 7 660 m Avicenne Private Business School 840 m Lycée Menzah IX 850 m Universite Aeronautique et des Technologies 860 m Pharmacie Pharmacie de Nuit Hedia Jellouli Masmoudi 300 m Pharmacie 480 m Pharmacie Jaouida Cheikh-Rouhou Ep. Ben Mosb 710 m Pharmacie Fayez Khabthani 910 m Pharmacie ROFAIDA Moadeb 1,1 Km Hôpital parapharmacie 1,4 Km Polyclinique el Farabi 1,4 Km Analyse centre masmoudi 1,7 Km Elmanara 2,1 Km mṣḥẗ ạlmnạrẗ _ twns 2,1 Km Commerce Champion 280 m Monoprix 460 m Carrefour Market El Manar 920 m Magasin Général Menzah 1,0 Km Supermarchés 1,2 Km Boutique Supérette 50 110 m Supérette 25 410 m Supérette 24 430 m Supérette 37 470 m Boulangerie Marrakech 520 m Bar Babylone 2,7 Km Bar Lounge SAADI 2,8 Km Restaurant ḥlwyạt ạlmṣmwdy 240 m Insomnia 270 m L'excellence 320 m Ritrovo Degli Artisti 530 m Le Seixieme 650 m Afficher tout Autres caractéristiques Balcon Descriptif des locaux: Cuisine Cuisine équipée Salle De Bain Avec une fenêtre Chambres / Pièces Salon Chambres / Pièces Chambre à coucher Augmenter © OpenMapTiles | © OpenStreetMap contributors Autres biens proposés par l'agence 390 000 DT S+3 en vente El Menzah - Menzah 9 4 pièces 120 m² 340 000 DT S+3 en vente El Menzah - Menzah 8 4 pièces 130 m² Nous contacter Nom* Prénom* E-mail* Téléphone* Message Conformément à la loi organique portant sur la protection des données à caractère personnel n° 2004-63 du 27 juillet 2004  [ Lire ] Accord pour les activités de Marketing Envoyer Propriété proposée par: Affilié: Seven Eight Consulting Sarl Avenue Moua",2026-09-14T20:02:28
tecnocasa_69762_html,tecnocasa,https://www.tecnocasa.tn/vendre/appartement/grand-tunis/el-menzah/69762.html,vente,appartement,S+3 en vente,El Menzah,Menzah 9,11253.0,305.0,3,3,,,True,True,False,True,True,False,"Annonces maisons et appartements à vendre et à louer - Tecnocasa.tn Immobilier Professionnel Evaluer mon bien Chercher une agence Se connecter Accueil Immobilier Professionnel Evaluer mon bien Chercher une agence Se connecter Accueil Appartement en vente Appartement Grand Tunis El Menzah Menzah 9 S+3 en vente Video visite 360° Photos Plan Map +7 S+3 en vente El Menzah - Menzah 9 REF: 69762 Demandez un crédit immobilier 11.253 DT par mois > 638 000 DT 4 pièces 305 m² presse pdf S+3 en vente El Menzah - Menzah 9 4 pièces 305 m² 638 000 DT Nous contacter Description Cet appartement direct promoteur , situé au deuxième étage d’une résidence gardée, sécurisée et équipée d’un ascenseur. La pièce de vie pouvant accueillir un salon et une salle à manger, donnant sur une terrasse d’environ 85 m² . La cuisine est aménagée avec des éléments de rangement, avec la possibilité d’y installer un coin repas, et dispose d’un séchoir exploitable . Une salle d’eau pour les invités complète la partie jour. La partie nuit comprend deux chambres à coucher, une salle de bain et une suite parentale avec salle de douche . Toutes les pièces sont équipées de placards. L’appartement dispose également d’un système de climatisation et de chauffage central , ainsi que d’une place de parking au sous-sol réservée aux futurs occupants. Caractéristiques REF.: 69762 Etage: 2 (étage elevé) Libre: Non Catégorie: Haut standing Année de construction: 2009 Frais Prix: 638 000 DT Echéance crédit: DT 11.253 / mois Calculer l'échéancier À proximité Transport public Campus 2,4 Km Ibn Khaldoun 2,5 Km Transport public 850 m TCV menzah 5/6 1,9 Km Ecole Universite Aeronautique et des Technologies 80 m Avicenne Private Business School 140 m Lycée Menzah IX 170 m École Primaire d'El Menzah 7 480 m École Primaire 900 m Pharmacie Pharmacie 70 m Pharmacie ROFAIDA Moadeb 1,0 Km Pharmacie de nuit 1,1 Km Pharmacie de Nuit Hedia Jellouli Masmoudi 1,1 Km Pharmacie Jaouida Cheikh-Rouhou Ep. Ben Mosb 1,3 Km Hôpital Analyse centre masmoudi 1,1 Km Elmanara 1,2 Km Polyclinique el Farabi 1,2 Km mṣḥẗ ạlmnạrẗ _ twns 1,2 Km Laboratoire d'analyses médicales Atf Kamoun 1,4 Km Commerce Carrefour Market El Manar 20 m Champion 20 m Supermarchés 650 m Monoprix 870 m Colisée Soula 890 m Boutique Centre Makni 80 m Magasins 100 m Centre X 170 m Supérette 17 210 m Supérette 26 manzah9 260 m Bar Babylone 2,1 Km Bar Lounge SAADI 2,6 Km Restaurant Mabillon 250 m Wolf & Rabbit 510 m Il Forno 980 m Route 66 Menzah 6 1,0 Km Insomnia 1,1 Km Afficher tout Augmenter © OpenMapTiles | © OpenStreetMap contributors Autres biens proposés par l'agence Nous contacter Nom* Prénom* E-mail* Téléphone* Message Conformément à la loi organique portant sur la protection des données à caractère personnel n° 2004-63 du 27 juillet 2004  [ Lire ] Accord pour les activités de Marketing Envoyer Propriété proposée par: Affilié: Immotep Real Estate Sarl Avenue TAHER BEN AMMAR Local N°69, 1013 1013 El Menzah (GT) Avenue TAHER BEN AMMAR Local N°69, 1013 10",2026-09-14T20:02:34
tecnocasa_69504_html,tecnocasa,https://www.tecnocasa.tn/vendre/appartement/grand-tunis/el-menzah/69504.html,vente,appartement,S+3 en vente,El Menzah,Menzah 9,5027.0,115.0,3,3,,,False,False,False,False,False,False,"Annonces maisons et appartements à vendre et à louer - Tecnocasa.tn Immobilier Professionnel Evaluer mon bien Chercher une agence Se connecter Accueil Immobilier Professionnel Evaluer mon bien Chercher une agence Se connecter Accueil Appartement en vente Appartement Grand Tunis El Menzah Menzah 9 S+3 en vente Video visite 360° Photos Plan Map +5 S+3 en vente El Menzah - Menzah 9 REF: 69504 Demandez un crédit immobilier 5.027 DT par mois > 285 000 DT 3 pièces 115 m² presse pdf S+3 en vente El Menzah - Menzah 9 3 pièces 115 m² 285 000 DT Nous contacter Description Cet appartement est situé au troisième étage d’une résidence sécurisée, à proximité du Centre Makni. La pièce de vie, lumineuse, s’ouvre sur un balcon offrant une vue dégagée sur le Grand Tunis. La cuisine aménagée est attenante à un séchoir exploitable. La partie nuit se compose de trois chambres, d’une salle de bains et d’une salle d’eau. Un abri pour une voiture est également disponible. Caractéristiques REF.: 69504 Etage: 3 (étage moyen) Libre: Non Catégorie: Ancien Année de construction: 1980 Frais Prix: 285 000 DT Echéance crédit: DT 5.027 / mois Calculer l'échéancier À proximité Transport public Ibn Khaldoun 2,5 Km Campus 2,6 Km Transport public 860 m TCV menzah 5/6 2,0 Km Ecole Avicenne Private Business School 250 m Universite Aeronautique et des Technologies 300 m Lycée Menzah IX 450 m École Primaire d'El Menzah 7 580 m Lycée 970 m Pharmacie Pharmacie 330 m Pharmacie de Nuit Hedia Jellouli Masmoudi 940 m Pharmacie ROFAIDA Moadeb 1,2 Km Pharmacie Jaouida Cheikh-Rouhou Ep. Ben Mosb 1,3 Km Pharmacie de nuit 1,4 Km Hôpital Analyse centre masmoudi 1,4 Km Elmanara 1,4 Km mṣḥẗ ạlmnạrẗ _ twns 1,5 Km Polyclinique el Farabi 1,5 Km Laboratoire d'analyses médicales Atf Kamoun 1,6 Km Commerce Champion 370 m Carrefour Market El Manar 380 m Supermarchés 950 m Monoprix 1,1 Km Colisée Soula 1,2 Km Boutique Magasins 300 m Centre Makni 310 m Supérette 27 330 m Supérette 37 340 m Supérette 22 360 m Bar Babylone 2,5 Km Bar Lounge SAADI 2,9 Km Restaurant Mabillon 630 m Wolf & Rabbit 890 m ḥlwyạt ạlmṣmwdy 910 m Insomnia 930 m L'excellence 970 m Afficher tout Augmenter © OpenMapTiles | © OpenStreetMap contributors Autres biens proposés par l'agence 250 000 DT S+2 en vente Manar - Manar 2-3 3 pièces 89 m² 270 000 DT S+3 en vente Manar - Manar 2-3 3 pièces 132 m² 330 000 DT S+3 en vente El Menzah - Menzah 9 3 pièces 113 m² Nous contacter Nom* Prénom* E-mail* Téléphone* Message Conformément à la loi organique portant sur la protection des données à caractère personnel n° 2004-63 du 27 juillet 2004  [ Lire ] Accord pour les activités de Marketing Envoyer Propriété proposée par: Affilié: Immotep Real Estate Sarl Avenue TAHER BEN AMMAR Local N°69, 1013 1013 El Menzah (GT) Avenue TAHER BEN AMMAR Local N°69, 1013 1013 El Menzah (GT) contact.ma1@tecnocasa.tn +21626641651 +21626 641 651 Facebook contact.ma1@tecnocasa.tn Téléphone +21626 641 651 Facebook Site de l'agence Vendre un bien immobilier Plus d'informatio",2026-09-14T20:02:38
tecnocasa_66075_html,tecnocasa,https://www.tecnocasa.tn/vendre/appartement/grand-tunis/el-menzah/66075.html,vente,appartement,Duplex en vente,El Menzah,Menzah 6,7937.0,120.0,,,,rez-de-chaussée,False,True,False,False,False,False,"Annonces maisons et appartements à vendre et à louer - Tecnocasa.tn Immobilier Professionnel Evaluer mon bien Chercher une agence Se connecter Accueil Immobilier Professionnel Evaluer mon bien Chercher une agence Se connecter Accueil Appartement en vente Appartement Grand Tunis El Menzah Menzah 6 Duplex en vente Video visite 360° Photos Plan Map Duplex en vente El Menzah - Menzah 6 REF: 66075 Demandez un crédit immobilier 7.937 DT par mois > 450 000 DT 480 000 DT (-7%) 4 pièces 120 m² presse pdf Duplex en vente El Menzah - Menzah 6 4 pièces 120 m² 450 000 DT 480 000 DT (-7%) Nous contacter Description Ce triplex, situé au cœur du quartier prisé des UV4 à El Menzah 6, s’étend sur trois semi-niveaux. Le rez-de-chaussée comprend un double salon lumineux donnant sur une terrasse, ainsi qu’une cuisine aménagée. Le premier semi-niveau abrite deux chambres à coucher avec placards, partageant une salle de bain, tandis que le dernier semi-niveau comprend deux autres chambres avec placards, partageant une salle d’eau. Le bien bénéficie de deux entrées, ainsi que d’un abri et d’un garage. Caractéristiques REF.: 66075 Etage: Moyen Conditionnement: Autnome Chauffage: Centrale Libre: Oui Catégorie: Ancien Afficher tout Frais Prix: 450 000 DT Echéance crédit: DT 7.937 / mois Calculer l'échéancier À proximité Transport public Cité Sportive 1,1 Km 10 Décembre 1948 1,2 Km TCV menzah 5/6 1,2 Km Transport public 1,6 Km Cité des sciences 2,0 Km Ecole Lycée les pères blancs 260 m College Pilote Menzah 5 310 m Ecole primaire Hédi Khfécha 850 m Écoles 870 m Université Virtuelle de Tunis (UVT) 890 m Pharmacie Pharmacie de nuit 430 m Pharmacie 560 m Pharmacie ROFAIDA Moadeb 1,0 Km Nada Karray Allouche Pharmacy 1,1 Km Pharmacie Centrale 1,3 Km Hôpital Analyse centre masmoudi 460 m Polyclinique el Farabi 770 m parapharmacie 1,2 Km Clinique Saint Augustin 1,3 Km Pharmacie Centrale 1,3 Km Commerce Monoprix Menzah 6 630 m Monoprix 670 m Impact Sport Nutrition 810 m Monoprix Express 920 m Colisée Soula 1,3 Km Boutique Blue Island 370 m Supérette 12 420 m Supérette 13 460 m Supérette 6 le petit market 470 m Eliot boutique vêtements 480 m Bar Babylone 630 m Bar Lounge SAADI 1,2 Km schilling 2,4 Km Maison Bleue 2,6 Km Le Duplex 2,8 Km Restaurant El Matador 420 m Il Forno 590 m 31 bis, swan on the water 680 m Fakhr Eddine 770 m Le zink 780 m Afficher tout Autres caractéristiques Descriptif des locaux: Salle De Bain Avec une fenêtre Augmenter © OpenMapTiles | © OpenStreetMap contributors Autres biens proposés par l'agence Nous contacter Nom* Prénom* E-mail* Téléphone* Message Conformément à la loi organique portant sur la protection des données à caractère personnel n° 2004-63 du 27 juillet 2004  [ Lire ] Accord pour les activités de Marketing Envoyer Propriété proposée par: Affilié: Mindy 56 Sarl Avenue d'Afrique N°38, Menzah 5 2080 Ariana (GT) Avenue d'Afrique N°38, Menzah 5 2080 Ariana (GT) contact.mz1@tecnocasa.tn +21671 750 630 Facebook contact.mz1@tecnocasa.tn Téléphone +21671",2026-09-14T20:02:43
tecnocasa_66987_html,tecnocasa,https://www.tecnocasa.tn/vendre/appartement/grand-tunis/el-menzah/66987.html,vente,appartement,S+3 en vente,El Menzah,Menzah 9,6879.0,120.0,3,3,,,True,True,False,True,True,False,"Annonces maisons et appartements à vendre et à louer - Tecnocasa.tn Immobilier Professionnel Evaluer mon bien Chercher une agence Se connecter Accueil Immobilier Professionnel Evaluer mon bien Chercher une agence Se connecter Accueil Appartement en vente Appartement Grand Tunis El Menzah Menzah 9 S+3 en vente Video visite 360° Photos Plan Map +7 S+3 en vente El Menzah - Menzah 9 REF: 66987 Demandez un crédit immobilier 6.879 DT par mois > 390 000 DT 4 pièces 120 m² presse pdf S+3 en vente El Menzah - Menzah 9 4 pièces 120 m² 390 000 DT Nous contacter Description Notre appartement, situé au 3 étage d’une résidence calme et bien entretenue avec double ascenseur Il se compose d’un salon spacieux et lumineux ouvrant sur un balcon, ainsi que d’une cuisine entièrement équipée avec hotte, four et plaque de cuisson. Une salle d’eau pour les invités complète la partie jour. La partie nuit comprend trois chambres, dont deux avec dressings intégrés, ainsi qu’une salle de bain. L’appartement est également équipé d’un chauffage central et d’un système de climatisation split , garantissant un confort optimal toute l’année . Deux places de parking au sous-sol ainsi qu’un cellier sont également inclus. Caractéristiques REF.: 66987 Etage: 3 (étage moyen) Ascenseur: Oui Chauffage: Centrale Libre: Non Catégorie: Moyen standing Afficher tout Frais Prix: 390 000 DT Echéance crédit: DT 6.879 / mois Calculer l'échéancier À proximité Transport public Ibn Khaldoun 3,0 Km Transport public 870 m TCV menzah 5/6 2,2 Km Ecole Lycée 400 m École Primaire d'El Menzah 7 880 m Avicenne Private Business School 880 m Universite Aeronautique et des Technologies 930 m Lycée Menzah IX 980 m Pharmacie Pharmacie de Nuit Hedia Jellouli Masmoudi 580 m Pharmacie 780 m Pharmacie Jaouida Cheikh-Rouhou Ep. Ben Mosb 1,0 Km Pharmacie Fayez Khabthani 1,2 Km Pharmacie ROFAIDA Moadeb 1,4 Km Hôpital parapharmacie 1,7 Km Polyclinique el Farabi 1,7 Km Analyse centre masmoudi 1,9 Km Elmanara 2,1 Km mṣḥẗ ạlmnạrẗ _ twns 2,1 Km Commerce Champion 540 m Monoprix 750 m Carrefour Market El Manar 1,0 Km Magasin Général Menzah 1,3 Km Supermarchés 1,5 Km Boutique Supérette 50 210 m Supérette 37 340 m Supérette 38 340 m Supérette 39 340 m Supérette 40 610 m Bar Babylone 2,9 Km Restaurant Ritrovo Degli Artisti 450 m ḥlwyạt ạlmṣmwdy 450 m Insomnia 530 m L'excellence 580 m Le Seixieme 960 m Afficher tout Autres caractéristiques Ascenseur Gardien Balcon Descriptif des locaux: Cuisine Avec un coin repas Salle De Bain Avec une fenêtre Salle De Bain Salle D'eau Chambres / Pièces Chambre à coucher Chambres / Pièces Chambre à coucher Chambres / Pièces Chambre à coucher Chambres / Pièces Salon Autres Locaux Placard Autres Locaux Cellier Augmenter © OpenMapTiles | © OpenStreetMap contributors Autres biens proposés par l'agence 370 000 DT S+4 en vente El Menzah - Menzah 7 130 m² 340 000 DT S+3 en vente El Menzah - Menzah 8 4 pièces 130 m² Nous contacter Nom* Prénom* E-mail* Téléphone* Message Conformément à la loi organique ",2026-09-14T20:02:48
tecnocasa_69227_html,tecnocasa,https://www.tecnocasa.tn/vendre/appartement/grand-tunis/el-menzah/69227.html,vente,appartement,Triplex en vente,El Menzah,Menzah 6,8114.0,260.0,3,3,,rez-de-chaussée,False,False,False,False,True,False,"Annonces maisons et appartements à vendre et à louer - Tecnocasa.tn Immobilier Professionnel Evaluer mon bien Chercher une agence Se connecter Accueil Immobilier Professionnel Evaluer mon bien Chercher une agence Se connecter Accueil Appartement en vente Appartement Grand Tunis El Menzah Menzah 6 Triplex en vente Video visite 360° Photos Plan Map +9 Triplex en vente El Menzah - Menzah 6 REF: 69227 Demandez un crédit immobilier 8.114 DT par mois > 460 000 DT 260 m² presse pdf Triplex en vente El Menzah - Menzah 6 260 m² 460 000 DT Nous contacter Description Ce triplex, situé au cœur du quartier prisé des UV4 à El Menzah 6, s’étend sur trois semi-niveaux et bénéficie d’une configuration particulière : il est divisé en deux espaces indépendants, chacun disposant de sa propre entrée. Au rez-de-chaussée, il se compose d’un double salon lumineux, d’une cuisine ouverte sur le salon ainsi que d’une salle d’eau avec douche. La partie nuit se compose d’une suite et d’une chambre à coucher. Au premier semi-niveau, on trouve un salon, une cuisine ouverte sur le salon, ainsi que deux chambres à coucher avec placards, partageant une salle de bain. L’une des chambres bénéficie d’un accès direct à une terrasse. Le triplex est également équipé du chauffage central. Ce bien représente une excellente opportunité d’investissement, notamment pour un projet locatif. Caractéristiques REF.: 69227 Etage: Terre Chauffage: Centrale Catégorie: Moyen standing Année de construction: 1980 Frais Prix: 460 000 DT Echéance crédit: DT 8.114 / mois Calculer l'échéancier À proximité Transport public Cité Sportive 1,2 Km 10 Décembre 1948 1,3 Km TCV menzah 5/6 1,2 Km Transport public 1,5 Km Cité des sciences 2,1 Km Ecole College Pilote Menzah 5 250 m Lycée les pères blancs 350 m Ecole primaire Hédi Khfécha 940 m Université Virtuelle de Tunis (UVT) 950 m Collège Pierre Mendès France 950 m Pharmacie Pharmacie de nuit 340 m Pharmacie 470 m Pharmacie ROFAIDA Moadeb 970 m Nada Karray Allouche Pharmacy 1,2 Km Pharmacie Centrale 1,4 Km Hôpital Analyse centre masmoudi 370 m Polyclinique el Farabi 730 m parapharmacie 1,2 Km Clinique Saint Augustin 1,3 Km Pharmacie Centrale 1,4 Km Commerce Monoprix Menzah 6 560 m Monoprix 580 m Impact Sport Nutrition 750 m Monoprix Express 1,0 Km Colisée Soula 1,2 Km Boutique Blue Island 310 m Supérette 12 330 m Supérette 13 370 m Magasins 410 m Eliot boutique vêtements 410 m Bar Babylone 720 m Bar Lounge SAADI 1,3 Km schilling 2,5 Km Maison Bleue 2,6 Km Le Duplex 2,9 Km Restaurant El Matador 470 m Il Forno 510 m Fakhr Eddine 750 m 31 bis, swan on the water 770 m Le zink 870 m Afficher tout Autres caractéristiques Terrasse Descriptif des locaux: Cuisine Cuisine américaine Salle De Bain Salle D'eau Salle De Bain Salle D'eau Chambres / Pièces Chambre à coucher Augmenter © OpenMapTiles | © OpenStreetMap contributors Autres biens proposés par l'agence 375 000 DT Etage de villa en vente El Menzah - Menzah 6 190 m² 440 000 DT S+3 en vente El Menzah - Menzah 6 4 pièce",2026-09-14T20:02:53
tecnocasa_64701_html,tecnocasa,https://www.tecnocasa.tn/vendre/appartement/grand-tunis/el-menzah/64701.html,vente,appartement,S+3 en vente,El Menzah,Menzah 7,4939.0,136.0,3,3,,,True,True,False,True,True,False,"Annonces maisons et appartements à vendre et à louer - Tecnocasa.tn Immobilier Professionnel Evaluer mon bien Chercher une agence Se connecter Accueil Immobilier Professionnel Evaluer mon bien Chercher une agence Se connecter Accueil Appartement en vente Appartement Grand Tunis El Menzah Menzah 7 S+3 en vente Video visite 360° Photos Plan Map +5 S+3 en vente El Menzah - Menzah 7 REF: 64701 Demandez un crédit immobilier 4.939 DT par mois > 280 000 DT 295 000 DT (-6%) 4 pièces 136 m² presse pdf S+3 en vente El Menzah - Menzah 7 4 pièces 136 m² 280 000 DT 295 000 DT (-6%) Nous contacter Description Notre appartement, situé au 1 étage d’une résidence calme et bien entretenue, dispose d’un ascenseur. Il se compose d’un salon spacieux et lumineux avec une salle à manger, ouvrant sur un balcon, ainsi que d’une cuisine entièrement aménagée. Il comprend également une salle de douche. La partie nuit comprend trois chambres, dont deux avec placard intégré, dont l’une donne sur un balcon, ainsi qu’une salle de bain. L’appartement est également équipé de chauffage central, de climatisation et d’un cellier, complétant ainsi l’ensemble. Caractéristiques REF.: 64701 Etage: 1 (étage bas) Conditionnement: Autnome Chauffage: Centrale Libre: Non Catégorie: Ancien Afficher tout Frais Prix: 280 000 DT Echéance crédit: DT 4.939 / mois Calculer l'échéancier À proximité Transport public 10 Décembre 1948 2,2 Km Cité Sportive 2,4 Km Transport public 340 m TCV menzah 5/6 1,0 Km Cité des sciences 2,7 Km Ecole Lycée Menzeh 6 240 m École Primaire 360 m Collége d'El Menzah 6 450 m École Primaire d'El Menzah 7 690 m Ecole Primaire Ennasr 2 930 m Pharmacie Pharmacie 210 m Pharmacie Jaouida Cheikh-Rouhou Ep. Ben Mosb 370 m Pharmacie ROFAIDA Moadeb 490 m Pharmacie Fayez Khabthani 530 m Pharmacie de Nuit Hedia Jellouli Masmoudi 660 m Hôpital parapharmacie 520 m Polyclinique el Farabi 770 m Analyse centre masmoudi 1,3 Km Hôpital Ibn Nafis 2,0 Km Hôpitaux 2,2 Km Commerce Magasin Général Menzah 200 m Monoprix 510 m Impact Sport Nutrition 710 m Champion 710 m Supermarchés 770 m Boutique Supérette 53 100 m Supérette 54 130 m Supérette 55 160 m Supérette 52 270 m Supérette 51 300 m Bar Bar Lounge SAADI 2,1 Km Babylone 2,1 Km Restaurant Le Seixieme 350 m Route 66 Menzah 6 540 m Le Bambou cuisine asiatique 570 m Mouffetarde Creperie 600 m Bambou 620 m Afficher tout Autres caractéristiques Balcon Parking public Descriptif des locaux: Cuisine Avec un coin repas Salle De Bain Sans fenêtres Chambres / Pièces Chambre à coucher Chambres / Pièces Chambre à coucher Chambres / Pièces Chambre à coucher Chambres / Pièces Salon Chambres / Pièces Salle à manger Autres Locaux Placard Augmenter © OpenMapTiles | © OpenStreetMap contributors Autres biens proposés par l'agence 289 000 DT Villa jumelée en vente El Menzah - Menzah 8 131 m² 280 000 DT S+3 en vente El Menzah - Menzah 7 115 m² 259 000 DT S+3 en vente El Menzah - Menzah 7 4 pièces 110 m² Nous contacter Nom* Prénom* E-mail* Téléphone* Message Confo",2026-09-14T20:02:57
tecnocasa_69205_html,tecnocasa,https://www.tecnocasa.tn/vendre/appartement/grand-tunis/el-menzah/69205.html,vente,appartement,S+3 en vente,El Menzah,Menzah 7,4939.0,115.0,3,3,,rez-de-chaussée,False,False,False,False,True,False,"Annonces maisons et appartements à vendre et à louer - Tecnocasa.tn Immobilier Professionnel Evaluer mon bien Chercher une agence Se connecter Accueil Immobilier Professionnel Evaluer mon bien Chercher une agence Se connecter Accueil Appartement en vente Appartement Grand Tunis El Menzah Menzah 7 S+3 en vente Video visite 360° Photos Plan Map +1 S+3 en vente El Menzah - Menzah 7 REF: 69205 Demandez un crédit immobilier 4.939 DT par mois > 280 000 DT 115 m² presse pdf S+3 en vente El Menzah - Menzah 7 115 m² 280 000 DT Nous contacter Description Notre appartement, situé au rez-de-chaussée d'une résidence calme et parfaitement entretenue, offre un cadre de vie agréable et confortable. Il se compose d'un salon spacieux et lumineux, ouvrant sur un balcon, ainsi que d'une cuisine aménagée et fonctionnelle. L'espace nuit comprend trois chambres, dont une avec des placards intégrés, ainsi qu'une salle de bain. L'appartement est également équipé du chauffage central, garantissant un confort optimal tout au long de l'année. Caractéristiques REF.: 69205 Libre: Oui Catégorie: Moyen standing Année de construction: 1980 Frais Prix: 280 000 DT Echéance crédit: DT 4.939 / mois Calculer l'échéancier À proximité Transport public 10 Décembre 1948 2,4 Km Cité Sportive 2,6 Km Transport public 300 m TCV menzah 5/6 1,2 Km Cité des sciences 2,9 Km Ecole Lycée Menzeh 6 430 m École Primaire 490 m Collége d'El Menzah 6 650 m École Primaire d'El Menzah 7 690 m Ecole Primaire Ennasr 2 760 m Pharmacie Pharmacie Jaouida Cheikh-Rouhou Ep. Ben Mosb 210 m Pharmacie 280 m Pharmacie Fayez Khabthani 420 m Pharmacie de Nuit Hedia Jellouli Masmoudi 460 m Pharmacie ROFAIDA Moadeb 670 m Hôpital parapharmacie 720 m Polyclinique el Farabi 960 m Analyse centre masmoudi 1,4 Km Hôpital Ibn Nafis 2,1 Km Hôpitaux 2,2 Km Commerce Monoprix 300 m Magasin Général Menzah 400 m Champion 510 m Supermarchés 710 m Impact Sport Nutrition 880 m Boutique Boulangerie Marrakech 210 m Supérette 53 220 m Supérette 51 240 m Supérette 52 250 m Boulangerie Le Continent 260 m Bar Bar Lounge SAADI 2,3 Km Babylone 2,3 Km Restaurant Le Seixieme 160 m Le Bambou cuisine asiatique 470 m L'excellence 480 m Insomnia 520 m Bambou 530 m Afficher tout Autres caractéristiques Balcon Augmenter © OpenMapTiles | © OpenStreetMap contributors Autres biens proposés par l'agence 280 000 DT 295 000 DT (-6%) S+3 en vente El Menzah - Menzah 7 4 pièces 136 m² 289 000 DT Villa jumelée en vente El Menzah - Menzah 8 131 m² 259 000 DT S+3 en vente El Menzah - Menzah 7 4 pièces 110 m² Nous contacter Nom* Prénom* E-mail* Téléphone* Message Conformément à la loi organique portant sur la protection des données à caractère personnel n° 2004-63 du 27 juillet 2004  [ Lire ] Accord pour les activités de Marketing Envoyer Propriété proposée par: Affilié: Seven Eight Consulting Sarl Avenue Mouaouia Ibn Abi Sofien N°72, Menzah 7 2037 Ariana (GT) Avenue Mouaouia Ibn Abi Sofien N°72, Menzah 7 2037 Ariana (GT) contact.mz2@tecnocasa.tn +21629360665 +216",2026-09-14T20:03:02
tecnocasa_68874_html,tecnocasa,https://www.tecnocasa.tn/vendre/appartement/grand-tunis/el-menzah/68874.html,vente,appartement,S+2 en vente,El Menzah,Menzah 5,4586.0,120.0,2,2,,,False,False,False,False,True,False,"Annonces maisons et appartements à vendre et à louer - Tecnocasa.tn Immobilier Professionnel Evaluer mon bien Chercher une agence Se connecter Accueil Immobilier Professionnel Evaluer mon bien Chercher une agence Se connecter Accueil Appartement en vente Appartement Grand Tunis El Menzah Menzah 5 S+2 en vente Video visite 360° Photos Plan Map +5 S+2 en vente El Menzah - Menzah 5 REF: 68874 Demandez un crédit immobilier 4.586 DT par mois > 260 000 DT 3 pièces 120 m² presse pdf S+2 en vente El Menzah - Menzah 5 3 pièces 120 m² 260 000 DT Nous contacter Description Cet appartement est situé au deuxième étage d'une résidence en R+4 à El Menzah 5. Il se compose d'un salon spacieux et lumineux grâce à ses grandes fenêtres, de deux chambres à coucher équipées de placards, d'une cuisine aménagée avec un séchoir, d'une salle d'eau ainsi que d'une salle de bain équipée d'un jacuzzi. L'appartement est doté du chauffage central. Caractéristiques REF.: 68874 Etage: 2 Conditionnement: Autnome Chauffage: Centrale Libre: Oui Catégorie: Moyen standing Afficher tout Frais Prix: 260 000 DT Echéance crédit: DT 4.586 / mois Calculer l'échéancier À proximité Transport public 10 Décembre 1948 1,3 Km Cité Sportive 1,7 Km TCV menzah 5/6 90 m Transport public 1,2 Km Cité des sciences 1,8 Km Ecole Collège Menzah 5 240 m Collége d'El Menzah 6 560 m Ecole primaire d'El Menzah 5 720 m Ecole primaire El Kehna 730 m Lycée Menzeh 6 800 m Pharmacie Pharmacie 410 m Pharmacie Sana Ghroubi Ep. Chaabane 610 m Pharmacie ROFAIDA Moadeb 720 m Pharmacie Centre Kobbi 880 m Pharmacie de nuit 1,2 Km Hôpital parapharmacie 410 m Polyclinique el Farabi 570 m Analyse centre masmoudi 1,2 Km Hôpital Ibn Nafis 1,9 Km Hôpital Mahmoud El Matri 2,0 Km Commerce Impact Sport Nutrition 720 m Magasin Général Menzah 750 m Monoprix Menzah 6 830 m Monoprix 1,1 Km Supermarchés 1,3 Km Boutique La fête 530 m Ikram 670 m l'élégant 690 m Sasio 710 m Trottinette Dépôt-Vente Enfants 790 m Bar Bar Lounge SAADI 1,2 Km Babylone 1,5 Km Restaurant farmhouse 70 m Restaurant Damascus 290 m Fakhr Eddine 370 m Crepes Factory 400 m Mouffetarde Creperie 400 m Afficher tout Autres caractéristiques Descriptif des locaux: Salle De Bain Avec une fenêtre Augmenter © OpenMapTiles | © OpenStreetMap contributors Autres biens proposés par l'agence Nous contacter Nom* Prénom* E-mail* Téléphone* Message Conformément à la loi organique portant sur la protection des données à caractère personnel n° 2004-63 du 27 juillet 2004  [ Lire ] Accord pour les activités de Marketing Envoyer Propriété proposée par: Affilié: Mindy 56 Sarl Avenue d'Afrique N°38, Menzah 5 2080 Ariana (GT) Avenue d'Afrique N°38, Menzah 5 2080 Ariana (GT) contact.mz1@tecnocasa.tn +21671 750 630 Facebook contact.mz1@tecnocasa.tn Téléphone +21671 750 630 Facebook Site de l'agence Vendre un bien immobilier Plus d'informations Calculer l'itinéraire Notre équipe Rania Trimech Affilié Agence Qui sommes-nous? Nos points forts Dans le monde Travaillez avec nous Siège national t",2026-09-14T20:03:07
tecnocasa_68344_html,tecnocasa,https://www.tecnocasa.tn/vendre/appartement/grand-tunis/el-menzah/68344.html,vente,appartement,S+3 en vente,El Menzah,Menzah 8,5997.0,130.0,3,3,,,True,False,False,True,True,False,"Annonces maisons et appartements à vendre et à louer - Tecnocasa.tn Immobilier Professionnel Evaluer mon bien Chercher une agence Se connecter Accueil Immobilier Professionnel Evaluer mon bien Chercher une agence Se connecter Accueil Appartement en vente Appartement Grand Tunis El Menzah Menzah 8 S+3 en vente Video visite 360° Photos Plan Map +3 S+3 en vente El Menzah - Menzah 8 REF: 68344 Demandez un crédit immobilier 5.997 DT par mois > 340 000 DT 4 pièces 130 m² presse pdf S+3 en vente El Menzah - Menzah 8 4 pièces 130 m² 340 000 DT Nous contacter Description Notre appartement, situé au 4 étage d’une résidence calme, bien entretenue et sans ascenseur, offre un cadre de vie agréable. Il se compose d’un salon spacieux et lumineux ouvrant sur un balcon, ainsi que d’une cuisine aménagée et équipée donnant sur un séchoir. Une salle d’eau pour les invités complète la partie jour. La partie nuit comprend trois chambres, dont deux avec des dressings intégrés. Une salle de bain vient compléter cet espace. L’appartement est également équipé du chauffage central et de la climatisation. Caractéristiques REF.: 68344 Etage: 4 (étage dernier) Conditionnement: Autnome Chauffage: Centrale Libre: Oui Catégorie: Moyen standing Afficher tout Frais Prix: 340 000 DT Echéance crédit: DT 5.997 / mois Calculer l'échéancier À proximité Transport public 10 Décembre 1948 1,9 Km Cité Sportive 2,3 Km TCV menzah 5/6 630 m Transport public 730 m Cité des sciences 2,3 Km Ecole Ecole Django Reinhardt 370 m Collége d'El Menzah 6 610 m Lycée Menzeh 6 680 m Collège Menzah 5 710 m ạlmdrsẗ ạlạbtdạỷyẗ ạlnṣr 1 ạryạnẗ 730 m Pharmacie Pharmacie 590 m Pharmacie Fayez Khabthani 710 m Pharmacie Sana Ghroubi Ep. Chaabane 760 m Pharmacie Jaouida Cheikh-Rouhou Ep. Ben Mosb 780 m Pharmacie ROFAIDA Moadeb 810 m Hôpital parapharmacie 410 m Polyclinique el Farabi 890 m Hôpital Ibn Nafis 1,5 Km Analyse centre masmoudi 1,6 Km Hôpitaux 1,7 Km Commerce Magasin Général Menzah 560 m Supermarchés 670 m Monoprix 810 m Impact Sport Nutrition 950 m Monoprix Menzah 6 1,1 Km Boutique Ikram 140 m Supérette 55 490 m Supérette 54 520 m Boulangerie pâtisserie 650 m Magasins 670 m Bar Bar Lounge SAADI 1,7 Km Babylone 2,1 Km Restaurant Mouffetarde Creperie 260 m Restaurant Damascus 390 m Crepes Factory 520 m farmhouse 650 m Le Bambou cuisine asiatique 700 m Afficher tout Autres caractéristiques Balcon Descriptif des locaux: Cuisine Cuisine équipée Salle De Bain Avec une fenêtre Salle De Bain Salle D'eau Chambres / Pièces Salon Chambres / Pièces Chambre à coucher Autres Locaux Placard Augmenter © OpenMapTiles | © OpenStreetMap contributors Autres biens proposés par l'agence 370 000 DT S+4 en vente El Menzah - Menzah 7 130 m² 390 000 DT S+3 en vente El Menzah - Menzah 9 4 pièces 120 m² 280 000 DT 295 000 DT (-6%) S+3 en vente El Menzah - Menzah 7 4 pièces 136 m² 289 000 DT Villa jumelée en vente El Menzah - Menzah 8 131 m² 280 000 DT S+3 en vente El Menzah - Menzah 7 115 m² Nous contacter Nom* Prénom* E-mail* Télép",2026-09-14T20:03:12
tecnocasa_68442_html,tecnocasa,https://www.tecnocasa.tn/vendre/appartement/grand-tunis/el-menzah/68442.html,vente,appartement,S+2 en vente,El Menzah,Menzah 1-4,4939.0,140.0,2,2,,rez-de-chaussée,False,True,False,False,True,False,"Annonces maisons et appartements à vendre et à louer - Tecnocasa.tn Immobilier Professionnel Evaluer mon bien Chercher une agence Se connecter Accueil Immobilier Professionnel Evaluer mon bien Chercher une agence Se connecter Accueil Appartement en vente Appartement Grand Tunis El Menzah Menzah 1-4 S+2 en vente Video visite 360° Photos Plan Map +4 S+2 en vente El Menzah - Menzah 1-4 REF: 68442 Demandez un crédit immobilier 4.939 DT par mois > 280 000 DT 4 pièces 140 m² presse pdf S+2 en vente El Menzah - Menzah 1-4 4 pièces 140 m² 280 000 DT Nous contacter Description Découvrez ce bel appartement S+2, situé au rez-de-chaussée d'une résidence calme et sécurisée à Menzah 1. Dès l'entrée, vous serez accueilli par un spacieux salon avec salle à manger, offrant un accès direct à un balcon. La cuisine, fonctionnelle et lumineuse, est complétée par un séchoir. Une salle d'eau pour les invités vient parfaire la partie jour. La partie nuit se compose de deux chambres à coucher partageant une salle de bain. L'appartement est équipé du chauffage central, garantissant un confort optimal tout au long de l'année. Une place de parking est également disponible à l'intérieur de la résidence Caractéristiques REF.: 68442 Etage: Terre Libre: Non Catégorie: Ancien Année de construction: 1966 Frais Prix: 280 000 DT Echéance crédit: DT 4.939 / mois Calculer l'échéancier À proximité Transport public Cité Sportive 190 m La Jeunesse 640 m Transport public 1,2 Km TCV menzah 5/6 1,6 Km Cité des sciences 1,5 Km Ecole EIF 100 m Écoles 190 m Ecole primaire Hédi Khfécha 210 m Université Virtuelle de Tunis (UVT) 600 m Collège Pierre Mendès France 620 m Pharmacie Pharmacie 310 m Nada Karray Allouche Pharmacy 550 m Pharmacie Centrale 580 m Pharmacie Centre Kobbi 1,3 Km Pharmacie de nuit 1,3 Km Hôpital Pharmacie Centrale 600 m Clinique Saint Augustin 930 m Centre de Médecine du Sport 1,1 Km Clinique El Menzah 1,2 Km Analyse centre masmoudi 1,4 Km Commerce Monoprix Express 300 m Monoprix 840 m Monoprix Menzah 6 1,5 Km Impact Sport Nutrition 1,6 Km Carrefour 1,6 Km Boutique Magasins 210 m Boulangerie Patisserie Ben moussa 260 m Lyoum 350 m Supérette mahra shop 740 m Supérette 6 le petit market 870 m Bar Babylone 330 m Bar Lounge SAADI 800 m schilling 1,9 Km Maison Bleue 2,1 Km Le Duplex 2,2 Km Restaurant panorama 110 m twin peak 120 m 31 bis, swan on the water 290 m Le zink 290 m Mokito 330 m Afficher tout Augmenter © OpenMapTiles | © OpenStreetMap contributors Autres biens proposés par l'agence Nous contacter Nom* Prénom* E-mail* Téléphone* Message Conformément à la loi organique portant sur la protection des données à caractère personnel n° 2004-63 du 27 juillet 2004  [ Lire ] Accord pour les activités de Marketing Envoyer Propriété proposée par: Affilié: A2C Immo Sarl Sarl Place MENDÉS FRANCE,N° 12 RUE OUHOD,  1082 Mutuelleville (GT) Place MENDÉS FRANCE,N° 12 RUE OUHOD,  1082 Mutuelleville (GT) contact.mv1@tecnocasa.tn +21629665695 +21671 844 351 Facebook contact.mv1@tecnocasa.tn ",2026-09-14T20:03:18
tecnocasa_66557_html,tecnocasa,https://www.tecnocasa.tn/vendre/appartement/grand-tunis/el-menzah/66557.html,vente,appartement,Duplex en vente,El Menzah,Menzah 9,16933.0,260.0,,,,rez-de-chaussée,False,True,True,False,False,False,"Annonces maisons et appartements à vendre et à louer - Tecnocasa.tn Immobilier Professionnel Evaluer mon bien Chercher une agence Se connecter Accueil Immobilier Professionnel Evaluer mon bien Chercher une agence Se connecter Accueil Appartement en vente Appartement Grand Tunis El Menzah Menzah 9 Duplex en vente Video visite 360° Photos Plan Map +6 Duplex en vente El Menzah - Menzah 9 REF: 66557 Demandez un crédit immobilier 16.933 DT par mois > 960 000 DT 260 m² presse pdf Duplex en vente El Menzah - Menzah 9 260 m² 960 000 DT Nous contacter Description Ce duplex est situé au cœur d’El Menzah IXA, dans un quartier sécurisée et gardée, il offre un cadre de vie confortable et agréable. Le rez-de-chaussée se compose d’un salon lumineux donnant sur une terrasse et une piscine, d’un séjour, d’une cuisine aménagée ainsi que d’une salle d’eau avec cabine de douche. Le premier étage loge quatre chambres à coucher, dont deux avec balcon et une salle de bain. À l’extérieur, ce bien bénéficie d’une terrasse, d’une piscine ainsi que d’un garage pour une voiture. Caractéristiques REF.: 66557 Libre: Oui Catégorie: Moyen standing Année de construction: 1990 Frais Prix: 960 000 DT Echéance crédit: DT 16.933 / mois Calculer l'échéancier À proximité Transport public 10 Décembre 1948 2,3 Km Cité Sportive 2,3 Km Transport public 580 m TCV menzah 5/6 1,4 Km Cité des sciences 3,0 Km Ecole École Primaire d'El Menzah 7 240 m Lycée Menzah IX 250 m Universite Aeronautique et des Technologies 460 m Avicenne Private Business School 510 m École Primaire 510 m Pharmacie Pharmacie 480 m Pharmacie ROFAIDA Moadeb 630 m Pharmacie de nuit 830 m Pharmacie de Nuit Hedia Jellouli Masmoudi 990 m Pharmacie Jaouida Cheikh-Rouhou Ep. Ben Mosb 1,1 Km Hôpital Analyse centre masmoudi 790 m Polyclinique el Farabi 820 m parapharmacie 1,1 Km Elmanara 1,5 Km mṣḥẗ ạlmnạrẗ _ twns 1,5 Km Commerce Carrefour Market El Manar 440 m Champion 440 m Impact Sport Nutrition 660 m Monoprix Menzah 6 680 m Monoprix 680 m Boutique Supérette 19 170 m Supérette 21 230 m Supérettes 18 270 m Supérette 22 270 m Supérette 26 manzah9 280 m Bar Babylone 1,9 Km Bar Lounge SAADI 2,2 Km Restaurant Mabillon 430 m Wolf & Rabbit 470 m Route 66 Menzah 6 620 m Il Forno 640 m Le Seixieme 1,0 Km Afficher tout Augmenter © OpenMapTiles | © OpenStreetMap contributors Autres biens proposés par l'agence 780 000 DT Villa jumelée en vente El Menzah - Menzah 9 237 m² Nous contacter Nom* Prénom* E-mail* Téléphone* Message Conformément à la loi organique portant sur la protection des données à caractère personnel n° 2004-63 du 27 juillet 2004  [ Lire ] Accord pour les activités de Marketing Envoyer Propriété proposée par: Affilié: Immotep Real Estate Sarl Avenue TAHER BEN AMMAR Local N°69, 1013 1013 El Menzah (GT) Avenue TAHER BEN AMMAR Local N°69, 1013 1013 El Menzah (GT) contact.ma1@tecnocasa.tn +21626641651 +21626 641 651 Facebook contact.ma1@tecnocasa.tn Téléphone +21626 641 651 Facebook Site de l'agence Vendre un bien immobilier Pl",2026-09-14T20:03:24
tecnocasa_68093_html,tecnocasa,https://www.tecnocasa.tn/vendre/appartement/grand-tunis/el-menzah/68093.html,vente,appartement,Duplex en vente,El Menzah,Menzah 6,7761.0,160.0,3,3,,,False,False,False,False,True,False,"Annonces maisons et appartements à vendre et à louer - Tecnocasa.tn Immobilier Professionnel Evaluer mon bien Chercher une agence Se connecter Accueil Immobilier Professionnel Evaluer mon bien Chercher une agence Se connecter Accueil Appartement en vente Appartement Grand Tunis El Menzah Menzah 6 Duplex en vente Video visite 360° Photos Plan Map +14 Duplex en vente El Menzah - Menzah 6 REF: 68093 Demandez un crédit immobilier 7.761 DT par mois > 440 000 DT 160 m² presse pdf Duplex en vente El Menzah - Menzah 6 160 m² 440 000 DT Nous contacter Description Ce duplex est situé au cœur du quartier prisé des UV4 à El Menzah 6. Le premier semi-niveau se compose d’un salon lumineux ouvrant sur une terrasse, ainsi que d’une cuisine aménagée. Le deuxième semi-niveau accueille deux chambres à coucher partageant une salle de bain, ainsi qu’une suite parentale disposant de sa propre salle de bain. Le hall est équipé d’un placard de rangement. À l’extérieur, le bien bénéficie d’un jardin. Il est également équipé du chauffage central. Caractéristiques REF.: 68093 Etage: Moyen Conditionnement: Autnome Chauffage: Centrale Catégorie: Moyen standing Année de construction: 1980 Frais Prix: 440 000 DT Echéance crédit: DT 7.761 / mois Calculer l'échéancier À proximité Transport public Cité Sportive 1,2 Km 10 Décembre 1948 1,3 Km TCV menzah 5/6 1,2 Km Transport public 1,5 Km Cité des sciences 2,1 Km Ecole College Pilote Menzah 5 280 m Lycée les pères blancs 360 m Université Virtuelle de Tunis (UVT) 930 m Collège Pierre Mendès France 930 m Ecole primaire Hédi Khfécha 940 m Pharmacie Pharmacie de nuit 330 m Pharmacie 460 m Pharmacie ROFAIDA Moadeb 990 m Nada Karray Allouche Pharmacy 1,2 Km Pharmacie Centrale 1,4 Km Hôpital Analyse centre masmoudi 360 m Polyclinique el Farabi 760 m parapharmacie 1,2 Km Clinique Saint Augustin 1,3 Km Pharmacie Centrale 1,4 Km Commerce Monoprix 570 m Monoprix Menzah 6 580 m Impact Sport Nutrition 780 m Monoprix Express 990 m Colisée Soula 1,2 Km Boutique Supérette 12 320 m Blue Island 340 m Supérette 13 360 m Magasins 430 m Eliot boutique vêtements 430 m Bar Babylone 710 m Bar Lounge SAADI 1,3 Km schilling 2,5 Km Maison Bleue 2,6 Km Le Duplex 2,8 Km Restaurant El Matador 500 m Il Forno 530 m 31 bis, swan on the water 790 m Fakhr Eddine 790 m Le zink 860 m Afficher tout Autres caractéristiques Terrasse Descriptif des locaux: Salle De Bain Salle D'eau Chambres / Pièces Chambre à coucher Augmenter © OpenMapTiles | © OpenStreetMap contributors Autres biens proposés par l'agence 450 000 DT 480 000 DT (-7%) Duplex en vente El Menzah - Menzah 6 4 pièces 120 m² 375 000 DT Etage de villa en vente El Menzah - Menzah 6 190 m² 440 000 DT S+3 en vente El Menzah - Menzah 6 4 pièces 190 m² Nous contacter Nom* Prénom* E-mail* Téléphone* Message Conformément à la loi organique portant sur la protection des données à caractère personnel n° 2004-63 du 27 juillet 2004  [ Lire ] Accord pour les activités de Marketing Envoyer Propriété proposée par: Affilié: Mi",2026-09-14T20:03:30
tecnocasa_67148_html,tecnocasa,https://www.tecnocasa.tn/vendre/appartement/grand-tunis/el-menzah/67148.html,vente,appartement,S+3 en vente,El Menzah,Menzah 9,6526.0,155.0,3,3,,rez-de-chaussée,False,True,False,False,True,False,"Annonces maisons et appartements à vendre et à louer - Tecnocasa.tn Immobilier Professionnel Evaluer mon bien Chercher une agence Se connecter Accueil Immobilier Professionnel Evaluer mon bien Chercher une agence Se connecter Accueil Appartement en vente Appartement Grand Tunis El Menzah Menzah 9 S+3 en vente Video visite 360° Photos Plan Map +3 S+3 en vente El Menzah - Menzah 9 REF: 67148 Demandez un crédit immobilier 6.526 DT par mois > 370 000 DT 4 pièces 155 m² presse pdf S+3 en vente El Menzah - Menzah 9 4 pièces 155 m² 370 000 DT Nous contacter Description Ce duplex est situé au rez-de-chaussée d’une résidence implantée au cœur d’El Menzah IX B, dans un quartier résidentiel calme et agréable. La partie jour comprend un double salon ouvrant sur un balcon, une cuisine aménagée donnant sur un séchoir ainsi qu’une salle d’eau pour les invités. La partie nuit se compose de quatre chambres à coucher réparties sur les deux niveaux et d’une salle de bain. Ce duplex est équipé du chauffage central. Une place de parking privative est disponible. Caractéristiques REF.: 67148 Libre: Non Catégorie: Moyen standing Année de construction: 1988 Frais Prix: 370 000 DT Echéance crédit: DT 6.526 / mois Calculer l'échéancier À proximité Transport public Ibn Khaldoun 2,3 Km Campus 2,6 Km Transport public 1,4 Km Omran Sup 2,1 Km Ecole Avicenne Private Business School 770 m Universite Aeronautique et des Technologies 830 m Lycée Menzah IX 1,0 Km Lycée 1,1 Km École Primaire d'El Menzah 7 1,1 Km Pharmacie Pharmacie 510 m Pharmacie de Nuit Hedia Jellouli Masmoudi 1,2 Km Pharmacie Jaouida Cheikh-Rouhou Ep. Ben Mosb 1,6 Km Pharmacie ROFAIDA Moadeb 1,8 Km Pharmacie Fayez Khabthani 1,9 Km Hôpital Elmanara 1,6 Km mṣḥẗ ạlmnạrẗ _ twns 1,6 Km Laboratoire d'analyses médicales Atf Kamoun 1,8 Km Analyse centre masmoudi 2,0 Km Polyclinique el Farabi 2,0 Km Commerce Champion 900 m Carrefour Market El Manar 900 m Supermarchés 1,3 Km Carrefour Market 1,4 Km Monoprix 1,4 Km Boutique Supérette 39 370 m Supérette 38 370 m Supérette 41 410 m Supérette 40 450 m Supérette 37 490 m Restaurant Ritrovo Degli Artisti 1,1 Km Mabillon 1,1 Km ḥlwyạt ạlmṣmwdy 1,2 Km Insomnia 1,2 Km L'excellence 1,3 Km Afficher tout Augmenter © OpenMapTiles | © OpenStreetMap contributors Autres biens proposés par l'agence 330 000 DT S+3 en vente El Menzah - Menzah 9 3 pièces 113 m² Nous contacter Nom* Prénom* E-mail* Téléphone* Message Conformément à la loi organique portant sur la protection des données à caractère personnel n° 2004-63 du 27 juillet 2004  [ Lire ] Accord pour les activités de Marketing Envoyer Propriété proposée par: Affilié: Immotep Real Estate Sarl Avenue TAHER BEN AMMAR Local N°69, 1013 1013 El Menzah (GT) Avenue TAHER BEN AMMAR Local N°69, 1013 1013 El Menzah (GT) contact.ma1@tecnocasa.tn +21626641651 +21626 641 651 Facebook contact.ma1@tecnocasa.tn Téléphone +21626 641 651 Facebook Site de l'agence Vendre un bien immobilier Plus d'informations Calculer l'itinéraire Agence Qui sommes-nous? N",2026-09-14T20:03:35
tecnocasa_65643_html,tecnocasa,https://www.tecnocasa.tn/vendre/appartement/grand-tunis/el-menzah/65643.html,vente,appartement,S+3 en vente,El Menzah,Menzah 9,5821.0,113.0,3,3,,,False,False,False,True,True,False,"Annonces maisons et appartements à vendre et à louer - Tecnocasa.tn Immobilier Professionnel Evaluer mon bien Chercher une agence Se connecter Accueil Immobilier Professionnel Evaluer mon bien Chercher une agence Se connecter Accueil Appartement en vente Appartement Grand Tunis El Menzah Menzah 9 S+3 en vente Video visite 360° Photos Plan Map +4 S+3 en vente El Menzah - Menzah 9 REF: 65643 Demandez un crédit immobilier 5.821 DT par mois > 330 000 DT 3 pièces 113 m² presse pdf S+3 en vente El Menzah - Menzah 9 3 pièces 113 m² 330 000 DT Nous contacter Description Cet appartement rénovéest au quatrième étage d’une résidence au cœur d’El Menzah 9B, il bénéficie d’un emplacement stratégique, proche des commodités. L’espace de vie se compose d’un salon-salle à manger lumineux, d’une cuisine équipée par une plaque de cuisson, une hotte aspirante et un four électrique, ainsi que d’une salle d’eau pour les invités. La partie nuit loge trois chambres à coucher et une salle de bain. Cet appartement est équipé d’un chauffage central ainsi que d’une climatisation en split-système. Caractéristiques REF.: 65643 Etage: 4 (étage dernier) Libre: Non Catégorie: Haut standing Année de construction: 1991 Frais Prix: 330 000 DT Echéance crédit: DT 5.821 / mois Calculer l'échéancier À proximité Transport public Ibn Khaldoun 2,7 Km Campus 2,9 Km Transport public 920 m TCV menzah 5/6 2,2 Km Ecole Lycée 650 m Avicenne Private Business School 680 m Universite Aeronautique et des Technologies 730 m École Primaire d'El Menzah 7 810 m Lycée Menzah IX 830 m Pharmacie Pharmacie de Nuit Hedia Jellouli Masmoudi 760 m Pharmacie 760 m Pharmacie Jaouida Cheikh-Rouhou Ep. Ben Mosb 1,2 Km Pharmacie Fayez Khabthani 1,4 Km Pharmacie ROFAIDA Moadeb 1,4 Km Hôpital Polyclinique el Farabi 1,7 Km parapharmacie 1,7 Km Analyse centre masmoudi 1,8 Km Elmanara 1,8 Km mṣḥẗ ạlmnạrẗ _ twns 1,9 Km Commerce Champion 730 m Carrefour Market El Manar 800 m Monoprix 920 m Supermarchés 1,4 Km Magasin Général Menzah 1,4 Km Boutique Supérette 37 100 m Supérette 39 140 m Supérette 38 150 m Supérette 50 380 m Supérette 40 540 m Bar Babylone 2,8 Km Restaurant ḥlwyạt ạlmṣmwdy 660 m Ritrovo Degli Artisti 710 m Insomnia 720 m L'excellence 770 m Mabillon 1,1 Km Afficher tout Augmenter © OpenMapTiles | © OpenStreetMap contributors Autres biens proposés par l'agence 285 000 DT S+3 en vente El Menzah - Menzah 9 3 pièces 115 m² 270 000 DT S+3 en vente Manar - Manar 2-3 3 pièces 132 m² Nous contacter Nom* Prénom* E-mail* Téléphone* Message Conformément à la loi organique portant sur la protection des données à caractère personnel n° 2004-63 du 27 juillet 2004  [ Lire ] Accord pour les activités de Marketing Envoyer Propriété proposée par: Affilié: Immotep Real Estate Sarl Avenue TAHER BEN AMMAR Local N°69, 1013 1013 El Menzah (GT) Avenue TAHER BEN AMMAR Local N°69, 1013 1013 El Menzah (GT) contact.ma1@tecnocasa.tn +21626641651 +21626 641 651 Facebook contact.ma1@tecnocasa.tn Téléphone +21626 641 651 Facebook Site de l",2026-09-14T20:03:40
tecnocasa_70458_html,tecnocasa,https://www.tecnocasa.tn/vendre/appartement/grand-tunis/le-bardo/70458.html,vente,appartement,S+2 en vente,Le Bardo,Bardo,1499.0,50.0,2,2,,,False,False,False,False,False,False,"Annonces maisons et appartements à vendre et à louer - Tecnocasa.tn Immobilier Professionnel Evaluer mon bien Chercher une agence Se connecter Accueil Immobilier Professionnel Evaluer mon bien Chercher une agence Se connecter Accueil Appartement en vente Appartement Grand Tunis Le Bardo Bardo S+2 en vente Video visite 360° Photos Plan Map +1 S+2 en vente Le Bardo - Bardo REF: 70458 Demandez un crédit immobilier 1.499 DT par mois > 85 000 DT 2 pièces 50 m² presse pdf S+2 en vente Le Bardo - Bardo 2 pièces 50 m² 85 000 DT Nous contacter Description Cet appartemenet à retaper est situé au troisième étage d'une résidence à Cité Ettahrir. Le salon est éclairé grâce à sa fenêtre. La cuisine est complétée par un séchoir. L'espace nuit se compose de deux à coucher qui se partagent une salle de bain. Caractéristiques REF.: 70458 Etage: 3 (étage elevé) Libre: Oui Catégorie: Moyen standing Année de construction: 1990 Frais Prix: 85 000 DT Echéance crédit: DT 1.499 / mois Calculer l'échéancier À proximité Transport public Omrane Superieur 380 m Ettahrir 620 m Cité Ettahrir Bus Station 380 m Omran Sup 1,0 Km Transport public 1,9 Km Ecole Écoles 120 m Ecole Primaire 2 mars 1934 680 m Collége Ibn Hosneya 770 m Collège Ettadhamen 5 870 m Ecole primaire Ettadhamen 5 890 m Pharmacie Pharmacie 650 m Pharmacie Emna Hamza 1,5 Km Pharmacie de Nuit Cité Intilaka 1,5 Km Pharmacie de nuit 1,6 Km pharmacie de nuit 1,8 Km Hôpital Pharmacie du jour 1,6 Km Pharmacie de nuit 1,6 Km Institut ""Mohamed T. Kassab"" d'Orthopedie 2,3 Km mstsẖfy̱ ạlt̃ḍạmn 2,3 Km Laboratoire d'analyses médicales Atf Kamoun 2,7 Km Commerce Carrefour Market 250 m Marche Cité Ettahrir 470 m Aziza 530 m Marche municipal Ksar said 2 600 m Marche ksar said 2 620 m Boutique Hammadi abid 590 m Magasins 660 m Frippe 1,2 Km alimentation générale 1,3 Km Patisserie 1,3 Km Restaurant Weld El Hadj 60 m Restaurants 640 m Resterant Universitaire Omrane Superieur 1,2 Km Venizia Fast-Food 1,3 Km fast food 1,3 Km Afficher tout Augmenter © OpenMapTiles | © OpenStreetMap contributors Autres biens proposés par l'agence 95 000 DT S+2 en vente Le Bardo - Bardo 2 pièces 60 m² Nous contacter Nom* Prénom* E-mail* Téléphone* Message Conformément à la loi organique portant sur la protection des données à caractère personnel n° 2004-63 du 27 juillet 2004  [ Lire ] Accord pour les activités de Marketing Envoyer Propriété proposée par: Affilié: Promethée Real Estate  Sarl Rue N°02 des États Unis , Bardo 2000 Le Bardo (GT) Rue N°02 des États Unis , Bardo 2000 Le Bardo (GT) contact.ba@tecnocasa.tn +21628600667 +21626 800 986 Facebook contact.ba@tecnocasa.tn Téléphone +21626 800 986 Facebook Site de l'agence Vendre un bien immobilier Plus d'informations Calculer l'itinéraire Notre équipe Bejaoui Anis Affilié Imen Ferjeni Coordinatrice Agence Qui sommes-nous? Nos points forts Dans le monde Travaillez avec nous Siège national tecnocasa.tn Tecnocasa Dans le monde Italie , Espagne , Hongrie , Mexique , Pologne , France , Allemagne , Tunisi",2026-09-14T20:03:44
tecnocasa_68328_html,tecnocasa,https://www.tecnocasa.tn/vendre/appartement/grand-tunis/le-bardo/68328.html,vente,appartement,S+2 en vente,Le Bardo,Bardo,1676.0,60.0,2,2,,,False,False,False,False,False,False,"Annonces maisons et appartements à vendre et à louer - Tecnocasa.tn Immobilier Professionnel Evaluer mon bien Chercher une agence Se connecter Accueil Immobilier Professionnel Evaluer mon bien Chercher une agence Se connecter Accueil Appartement en vente Appartement Grand Tunis Le Bardo Bardo S+2 en vente Video visite 360° Photos Plan Map +2 S+2 en vente Le Bardo - Bardo REF: 68328 Demandez un crédit immobilier 1.676 DT par mois > 95 000 DT 2 pièces 60 m² presse pdf S+2 en vente Le Bardo - Bardo 2 pièces 60 m² 95 000 DT Nous contacter Description Cet appartement à retaper est situé au troisième étage d'une résidence à Ksar Saîd. L'entrée dessert un salon lumineux grâce à son balcon. La cuisine est complétée par un séchoir. Une salle d'eau complète la partie jour. La partie nuit loge deux chambres à coucher qui se partagent une salle de bain. Caractéristiques REF.: 68328 Etage: 3 (étage elevé) Libre: Oui Catégorie: Moyen standing Année de construction: 1990 Frais Prix: 95 000 DT Echéance crédit: DT 1.676 / mois Calculer l'échéancier À proximité Transport public Omrane Superieur 900 m Ettahrir 1,1 Km Cité Ettahrir Bus Station 630 m Le Bardo 1,4 Km Transport public 1,4 Km Ecole Ecole Primaire 2 mars 1934 360 m Écoles 610 m Collége Ibn Hosneya 700 m Ecole primaire Ettadhamen 1 et 1 Bis 1,0 Km Lycée El Hadika 1,1 Km Pharmacie Pharmacie 1,0 Km Pharmacie Leila Mili Ghedira 1,6 Km Pharmacie de nuit 1,8 Km pharmacie de nuit 1,8 Km Pharmacie Emna Hamza 1,9 Km Hôpital Institut ""Mohamed T. Kassab"" d'Orthopedie 1,8 Km Pharmacie du jour 1,8 Km Pharmacie de nuit 1,8 Km mstsẖfy̱ ạlt̃ḍạmn 2,3 Km mstsẖfy̱ ạldndạn 2,5 Km Commerce Marche municipal Ksar said 2 80 m Marche ksar said 2 100 m Aziza 480 m Carrefour Market 550 m Carrefour Express 560 m Boutique Magasins 620 m Hammadi abid 960 m patisserie walid 1,2 Km Epicerie Bouhalli 1,4 Km Frippe 1,5 Km Restaurant Weld El Hadj 520 m Restaurants 580 m fast food 1,2 Km Pizza Hut 1,8 Km Weld Ammar 1,8 Km Afficher tout Augmenter © OpenMapTiles | © OpenStreetMap contributors Autres biens proposés par l'agence 85 000 DT S+2 en vente Le Bardo - Bardo 2 pièces 50 m² Nous contacter Nom* Prénom* E-mail* Téléphone* Message Conformément à la loi organique portant sur la protection des données à caractère personnel n° 2004-63 du 27 juillet 2004  [ Lire ] Accord pour les activités de Marketing Envoyer Propriété proposée par: Affilié: Promethée Real Estate  Sarl Rue N°02 des États Unis , Bardo 2000 Le Bardo (GT) Rue N°02 des États Unis , Bardo 2000 Le Bardo (GT) contact.ba@tecnocasa.tn +21628600667 +21626 800 986 Facebook contact.ba@tecnocasa.tn Téléphone +21626 800 986 Facebook Site de l'agence Vendre un bien immobilier Plus d'informations Calculer l'itinéraire Notre équipe Bejaoui Anis Affilié Imen Ferjeni Coordinatrice Agence Qui sommes-nous? Nos points forts Dans le monde Travaillez avec nous Siège national tecnocasa.tn Tecnocasa Dans le monde Italie , Espagne , Hongrie , Mexique , Pologne , France , Allemagne , Tunisie , Thaïlan",2026-09-14T20:03:49
tecnocasa_63443_html,tecnocasa,https://www.tecnocasa.tn/vendre/appartement/grand-tunis/le-bardo/63443.html,vente,appartement,S+3 en vente,Le Bardo,Bardo,2999.0,110.0,3,3,,,False,False,False,False,True,False,"Annonces maisons et appartements à vendre et à louer - Tecnocasa.tn Immobilier Professionnel Evaluer mon bien Chercher une agence Se connecter Accueil Immobilier Professionnel Evaluer mon bien Chercher une agence Se connecter Accueil Appartement en vente Appartement Grand Tunis Le Bardo Bardo S+3 en vente Video visite 360° Photos Plan Map +4 S+3 en vente Le Bardo - Bardo REF: 63443 Demandez un crédit immobilier 2.999 DT par mois > 170 000 DT 185 000 DT (-9%) 4 pièces 110 m² presse pdf S+3 en vente Le Bardo - Bardo 4 pièces 110 m² 170 000 DT 185 000 DT (-9%) Nous contacter Description Cet appartement est situé au quatrième étage dans une résidence gardée. Le salon et la salle à manger bénéficient d'un éclairage naturel grâce à des fenêtres et un balcon. La cuisine est aménagée par des espaces de rangement et équipée d'une hotte, d'une plaque et d'un four. Une salle d'eau pour les invités complète la partie jour. Le compartiment nuit loge trois chambres à coucher qui se partagent une salle de bain. Chauffage central. Caractéristiques REF.: 63443 Etage: 4 Libre: Non Catégorie: Moyen standing Année de construction: 1990 Frais Prix: 170 000 DT Echéance crédit: DT 2.999 / mois Calculer l'échéancier À proximité Transport public Omrane Superieur 740 m Ettahrir 980 m Cité Ettahrir Bus Station 630 m 514 ạryạnẗ 1,4 Km Transport public 1,6 Km Ecole Écoles 430 m Ecole Primaire 2 mars 1934 550 m Ecole primaire Ettadhamen 1 et 1 Bis 810 m Collége Ibn Hosneya 830 m Ecole primaire Ettadhamen 5 920 m Pharmacie Pharmacie 810 m pharmacie de nuit 1,6 Km Pharmacie Emna Hamza 1,7 Km Pharmacie de Nuit Cité Intilaka 1,7 Km Pharmacie Leila Mili Ghedira 1,8 Km Hôpital Pharmacie du jour 1,9 Km Pharmacie de nuit 1,9 Km Institut ""Mohamed T. Kassab"" d'Orthopedie 1,9 Km mstsẖfy̱ ạlt̃ḍạmn 2,1 Km centre de santé de base 2,5 Km Commerce Aziza 280 m Marche municipal Ksar said 2 290 m Marche ksar said 2 310 m Carrefour Market 330 m Carrefour Express 380 m Boutique Magasins 440 m Hammadi abid 740 m patisserie walid 1,1 Km Epicerie Bouhalli 1,2 Km Frippe 1,3 Km Restaurant Weld El Hadj 350 m Restaurants 400 m fast food 1,1 Km Pizza Hut 1,5 Km Weld Ammar 1,6 Km Afficher tout Augmenter © OpenMapTiles | © OpenStreetMap contributors Autres biens proposés par l'agence Nous contacter Nom* Prénom* E-mail* Téléphone* Message Conformément à la loi organique portant sur la protection des données à caractère personnel n° 2004-63 du 27 juillet 2004  [ Lire ] Accord pour les activités de Marketing Envoyer Propriété proposée par: Affilié: Promethée Real Estate  Sarl Rue N°02 des États Unis , Bardo 2000 Le Bardo (GT) Rue N°02 des États Unis , Bardo 2000 Le Bardo (GT) contact.ba@tecnocasa.tn +21628600667 +21626 800 986 Facebook contact.ba@tecnocasa.tn Téléphone +21626 800 986 Facebook Site de l'agence Vendre un bien immobilier Plus d'informations Calculer l'itinéraire Notre équipe Bejaoui Anis Affilié Imen Ferjeni Coordinatrice Agence Qui sommes-nous? Nos points forts Dans le monde Travaillez avec nou",2026-09-14T20:03:53
tecnocasa_64031_html,tecnocasa,https://www.tecnocasa.tn/vendre/appartement/grand-tunis/le-bardo/64031.html,vente,appartement,S+3 en vente,Le Bardo,Bardo,3704.0,105.0,3,3,,,False,True,False,True,True,False,"Annonces maisons et appartements à vendre et à louer - Tecnocasa.tn Immobilier Professionnel Evaluer mon bien Chercher une agence Se connecter Accueil Immobilier Professionnel Evaluer mon bien Chercher une agence Se connecter Accueil Appartement en vente Appartement Grand Tunis Le Bardo Bardo S+3 en vente Video visite 360° Photos Plan Map +1 S+3 en vente Le Bardo - Bardo REF: 64031 Demandez un crédit immobilier 3.704 DT par mois > 210 000 DT 3 pièces 105 m² presse pdf S+3 en vente Le Bardo - Bardo 3 pièces 105 m² 210 000 DT Nous contacter Description Cet appartement, entièrement rénové en 2025 est situé au troisième étage d'une résidence sécurisée et gardée. Le salon , revêtu de marbre Thela , est naturellement éclairé grâce à sa fenêtre et son balcon. La cuisine est aménagée par des espaces de rangement et équipée d'une hotte, d'une plaque de cuisson, d'un four et d'un micro-ondes encastrés. Le compartiment nuit dessert trois chambres à coucher qui se partagent une salle d'eau avec douche à l'Italienne. Chauffage central et climatisation split sont disponibles. Une place de parking privative est à disposition. Caractéristiques REF.: 64031 Etage: 3 (étage elevé) Libre: Non Catégorie: Ancien Année de construction: 1990 Année de rénovation: 2025 Frais Prix: 210 000 DT Echéance crédit: DT 3.704 / mois Calculer l'échéancier À proximité Transport public 14 Janvier 2011 400 m Campus 740 m Transport public 700 m CitÃ© Erraoudha 1,5 Km Transport public 1,5 Km Ecole Écoles 200 m École 520 m Foyer Universitaire 700 m College fattouma bourguiba bardo 890 m Lycée El Hadika 960 m Pharmacie Pharmacie de nuit 610 m Pharmacie 630 m Pharmacie Latifa Basti ép. Youssfi 900 m Pharmacie Leila Mili Ghedira 1,2 Km Pharmacie Houcine Zouaidi 1,2 Km Hôpital Pharmacie de nuit 610 m Pharmacie du jour 630 m Laboratoire d'analyses médicales Atf Kamoun 1,8 Km PolyClinique Taoufik 1,9 Km mṣḥẗ ạlmnạrẗ _ twns 1,9 Km Commerce Supermarché 3am boubaker 790 m Supermarchés 850 m Monoprix 1,2 Km Supérette 1,3 Km Marche Cité Ettahrir 1,5 Km Boutique Boulangerie Pâtisserie Ranim 290 m Magasins 1,0 Km mkẖbzẗ ạlkylạny 1,5 Km Supérette 33 1,8 Km Number one 1,8 Km Restaurant Katkout 790 m piramide 940 m Baguette & Baguette 980 m Bon Goût Le Bardo 1,1 Km Gourmandise Bardo Center 1,2 Km Afficher tout Augmenter © OpenMapTiles | © OpenStreetMap contributors Autres biens proposés par l'agence 170 000 DT 185 000 DT (-9%) S+3 en vente Le Bardo - Bardo 4 pièces 110 m² 235 000 DT S+2 en vente Le Bardo - Bardo 2 pièces 100 m² Nous contacter Nom* Prénom* E-mail* Téléphone* Message Conformément à la loi organique portant sur la protection des données à caractère personnel n° 2004-63 du 27 juillet 2004  [ Lire ] Accord pour les activités de Marketing Envoyer Propriété proposée par: Affilié: Promethée Real Estate  Sarl Rue N°02 des États Unis , Bardo 2000 Le Bardo (GT) Rue N°02 des États Unis , Bardo 2000 Le Bardo (GT) contact.ba@tecnocasa.tn +21628600667 +21626 800 986 Facebook contact.ba@tecnocasa.tn Té",2026-09-14T20:03:59
tecnocasa_68162_html,tecnocasa,https://www.tecnocasa.tn/vendre/appartement/grand-tunis/le-bardo/68162.html,vente,appartement,S+2 en vente,Le Bardo,Bardo,4145.0,100.0,2,2,,rez-de-chaussée,False,False,False,True,True,False,"Annonces maisons et appartements à vendre et à louer - Tecnocasa.tn Immobilier Professionnel Evaluer mon bien Chercher une agence Se connecter Accueil Immobilier Professionnel Evaluer mon bien Chercher une agence Se connecter Accueil Appartement en vente Appartement Grand Tunis Le Bardo Bardo S+2 en vente Video visite 360° Photos Plan Map +3 S+2 en vente Le Bardo - Bardo REF: 68162 Demandez un crédit immobilier 4.145 DT par mois > 235 000 DT 2 pièces 100 m² presse pdf S+2 en vente Le Bardo - Bardo 2 pièces 100 m² 235 000 DT Nous contacter Description Cet appartement e st situé au rez-de-chaussée d’une résidence gardée. L’espace de vie, lumineux et convivial, permet d’aménager aisément un salon et une salle à manger. Il s’ouvre sur un balcon et bénéficie d’un climatiseur. La cuisine est entièrement aménagée et équipée d’une plaque de cuisson, d’une hotte aspirante et d’un four électrique . Également climatisée, elle est prolongée par un séchoir pratique et parfaitement exploitable. La partie nuit comprend deux chambres à coucher dont l'une avec un climatisseur ,qui se partagent une salle d’eau avec cabine de douche. Chauffage central est disponible. Caractéristiques REF.: 68162 Etage: Terre Libre: Non Catégorie: Moyen standing Année de construction: 2008 Frais Prix: 235 000 DT Echéance crédit: DT 4.145 / mois Calculer l'échéancier À proximité Transport public Rommana 550 m 14 Janvier 2011 720 m Transport public 620 m CitÃ© Erraoudha 1,7 Km Transport public 1,6 Km Ecole Écoles 600 m Foyer Universitaire 650 m École 860 m Université Tunis El Manar 1,1 Km Lycée 1,1 Km Pharmacie Pharmacie 750 m Pharmacie de nuit 870 m Pharmacie Latifa Basti ép. Youssfi 1,2 Km Pharmacie Houcine Zouaidi 1,5 Km Pharmacie Majed Turki 1,5 Km Hôpital Pharmacie de nuit 870 m Pharmacie du jour 890 m PolyClinique Taoufik 1,6 Km Laboratoire d'analyses médicales Atf Kamoun 1,6 Km Institut Salah-Azaïz 1,7 Km Commerce Supermarchés 760 m Supermarché 3am boubaker 980 m Monoprix 1,4 Km Supérette 1,4 Km Alyssa 1,7 Km Boutique Boulangerie Pâtisserie Ranim 470 m Magasins 1,2 Km mkẖbzẗ ạlkylạny 1,2 Km Supérette 30 1,7 Km Number one 1,7 Km Bar Maison Bleue 2,8 Km Grand Italia 2,9 Km schilling 2,9 Km Restaurant Katkout 770 m piramide 1,1 Km Baguette & Baguette 1,1 Km restaurant du campus elmanar 1,3 Km Bon Goût Le Bardo 1,4 Km Afficher tout Augmenter © OpenMapTiles | © OpenStreetMap contributors Autres biens proposés par l'agence 210 000 DT S+3 en vente Le Bardo - Bardo 3 pièces 105 m² Nous contacter Nom* Prénom* E-mail* Téléphone* Message Conformément à la loi organique portant sur la protection des données à caractère personnel n° 2004-63 du 27 juillet 2004  [ Lire ] Accord pour les activités de Marketing Envoyer Propriété proposée par: Affilié: Promethée Real Estate  Sarl Rue N°02 des États Unis , Bardo 2000 Le Bardo (GT) Rue N°02 des États Unis , Bardo 2000 Le Bardo (GT) contact.ba@tecnocasa.tn +21628600667 +21626 800 986 Facebook contact.ba@tecnocasa.tn Téléphone +21626 800 986 Faceboo",2026-09-14T20:04:03
tecnocasa_52242_html,tecnocasa,https://www.tecnocasa.tn/vendre/appartement/grand-tunis/le-bardo/52242.html,vente,appartement,S+3 en vente,Le Bardo,St Clement,7585.0,130.0,3,3,,,False,False,False,False,True,False,"Annonces maisons et appartements à vendre et à louer - Tecnocasa.tn Immobilier Professionnel Evaluer mon bien Chercher une agence Se connecter Accueil Immobilier Professionnel Evaluer mon bien Chercher une agence Se connecter Accueil Appartement en vente Appartement Grand Tunis Le Bardo St Clement S+3 en vente Video visite 360° Photos Plan Map +7 S+3 en vente Le Bardo - St Clement REF: 52242 Demandez un crédit immobilier 7.585 DT par mois > 430 000 DT 4 pièces 130 m² presse pdf S+3 en vente Le Bardo - St Clement 4 pièces 130 m² 430 000 DT Nous contacter Description Situé au 2 étage , cet appartement moderne et fonctionnel offre un cadre de vie confortable et harmonieux. Il se compose d’un salon spacieux avec balcon , d’une cuisine aménagée et entièrement équipée (hotte, plaque, four) avec un séchoir attenant , ainsi que d’une salle d’eau . La partie nuit comprend deux chambres à coucher et une suite parentale , garantissant confort et intimité. L’ensemble est doté d’un système de chauffage central , assurant une température agréable en toute saison. Pour plus d’informations ou pour organiser une visite, n’hésitez pas à nous contacter. Caractéristiques REF.: 52242 Etage: 2 Libre: Oui Catégorie: Haut standing Année de construction: 2024 Frais Prix: 430 000 DT Echéance crédit: DT 7.585 / mois Calculer l'échéancier À proximité Transport public Transport public 790 m Essaida 1,0 Km Transport public 720 m Le Bardo 830 m Transport public 830 m Ecole Lycée 350 m College fattouma bourguiba bardo 730 m Collége Ibn Hosneya 820 m Lycée Khaznadar 830 m Ecole Primaire 2 mars 1934 850 m Pharmacie Pharmacie Leila Mili Ghedira 450 m Pharmacie Latifa Basti ép. Youssfi 910 m Pharmacie Lamia Largueche 1,1 Km Pharmacie Houcine Zouaidi 1,1 Km Pharmacie 1,2 Km Hôpital Pharmacie de nuit 1,6 Km Pharmacie du jour 1,6 Km mstsẖfy̱ ạldndạn 2,0 Km Institut ""Mohamed T. Kassab"" d'Orthopedie 2,1 Km Centre National de Greffe de Moelle Osseuse 2,9 Km Commerce Marche ksar said 2 1,1 Km Marche municipal Ksar said 2 1,1 Km Monoprix 1,2 Km Marche Cité Ettahrir 1,2 Km Supermarché 3am boubaker 1,3 Km Boutique Magasins 1,3 Km Boulangerie Pâtisserie Ranim 1,5 Km Hammadi abid 2,1 Km patisserie walid 2,3 Km mkẖbzẗ ạlkylạny 2,4 Km Restaurant Gourmandise Bardo Center 1,1 Km Maxi Food 1,1 Km Bon Goût Le Bardo 1,1 Km Les Trois Fourchette 1,2 Km Tivoli 1,3 Km Afficher tout Augmenter © OpenMapTiles | © OpenStreetMap contributors Autres biens proposés par l'agence 449 000 DT Etage de villa en vente Le Bardo - Omrane 140 m² 390 000 DT Villa jumelée en vente Le Bardo - Bardo 4 pièces 150 m² 430 000 DT S+3 en vente Le Bardo - St Clement 4 pièces 130 m² Nous contacter Nom* Prénom* E-mail* Téléphone* Message Conformément à la loi organique portant sur la protection des données à caractère personnel n° 2004-63 du 27 juillet 2004  [ Lire ] Accord pour les activités de Marketing Envoyer Propriété proposée par: Affilié: Promethée Real Estate  Sarl Rue N°02 des États Unis , Bardo 2000 Le Bardo (GT) Rue N°02",2026-09-14T20:04:10
tecnocasa_52243_html,tecnocasa,https://www.tecnocasa.tn/vendre/appartement/grand-tunis/le-bardo/52243.html,vente,appartement,S+3 en vente,Le Bardo,St Clement,7585.0,130.0,3,3,,,False,False,False,False,True,False,"Annonces maisons et appartements à vendre et à louer - Tecnocasa.tn Immobilier Professionnel Evaluer mon bien Chercher une agence Se connecter Accueil Immobilier Professionnel Evaluer mon bien Chercher une agence Se connecter Accueil Appartement en vente Appartement Grand Tunis Le Bardo St Clement S+3 en vente Video visite 360° Photos Plan Map +5 S+3 en vente Le Bardo - St Clement REF: 52243 Demandez un crédit immobilier 7.585 DT par mois > 430 000 DT 4 pièces 130 m² presse pdf S+3 en vente Le Bardo - St Clement 4 pièces 130 m² 430 000 DT Nous contacter Description Situé au 2 étage , cet appartement moderne et fonctionnel offre un cadre de vie confortable et harmonieux. Il se compose d’un salon spacieux avec balcon , d’une cuisine aménagée et entièrement équipée (hotte, plaque, four) avec un séchoir attenant , ainsi que d’une salle d’eau . La partie nuit comprend deux chambres à coucher et une suite parentale , garantissant confort et intimité. L’ensemble est doté d’un système de chauffage central , assurant une température agréable en toute saison. Pour plus d’informations ou pour organiser une visite, n’hésitez pas à nous contacter. Caractéristiques REF.: 52243 Etage: 2 Libre: Oui Catégorie: Haut standing Année de construction: 2024 Frais Prix: 430 000 DT Echéance crédit: DT 7.585 / mois Calculer l'échéancier À proximité Transport public Transport public 790 m Essaida 1,0 Km Transport public 720 m Le Bardo 830 m Transport public 830 m Ecole Lycée 350 m College fattouma bourguiba bardo 730 m Collége Ibn Hosneya 820 m Lycée Khaznadar 830 m Ecole Primaire 2 mars 1934 850 m Pharmacie Pharmacie Leila Mili Ghedira 450 m Pharmacie Latifa Basti ép. Youssfi 910 m Pharmacie Lamia Largueche 1,1 Km Pharmacie Houcine Zouaidi 1,1 Km Pharmacie 1,2 Km Hôpital Pharmacie de nuit 1,6 Km Pharmacie du jour 1,6 Km mstsẖfy̱ ạldndạn 2,0 Km Institut ""Mohamed T. Kassab"" d'Orthopedie 2,1 Km Centre National de Greffe de Moelle Osseuse 2,9 Km Commerce Marche ksar said 2 1,1 Km Marche municipal Ksar said 2 1,1 Km Monoprix 1,2 Km Marche Cité Ettahrir 1,2 Km Supermarché 3am boubaker 1,3 Km Boutique Magasins 1,3 Km Boulangerie Pâtisserie Ranim 1,5 Km Hammadi abid 2,1 Km patisserie walid 2,3 Km mkẖbzẗ ạlkylạny 2,4 Km Restaurant Gourmandise Bardo Center 1,1 Km Maxi Food 1,1 Km Bon Goût Le Bardo 1,1 Km Les Trois Fourchette 1,2 Km Tivoli 1,3 Km Afficher tout Augmenter © OpenMapTiles | © OpenStreetMap contributors Autres biens proposés par l'agence 449 000 DT Etage de villa en vente Le Bardo - Omrane 140 m² 390 000 DT Villa jumelée en vente Le Bardo - Bardo 4 pièces 150 m² 430 000 DT S+3 en vente Le Bardo - St Clement 4 pièces 130 m² Nous contacter Nom* Prénom* E-mail* Téléphone* Message Conformément à la loi organique portant sur la protection des données à caractère personnel n° 2004-63 du 27 juillet 2004  [ Lire ] Accord pour les activités de Marketing Envoyer Propriété proposée par: Affilié: Promethée Real Estate  Sarl Rue N°02 des États Unis , Bardo 2000 Le Bardo (GT) Rue N°02",2026-09-14T20:04:15
tecnocasa_70423_html,tecnocasa,https://www.tecnocasa.tn/vendre/appartement/bizerte/bizerte-nord/70423.html,vente,appartement,S+2 en vente,Bizerte Nord,Bizerte,6614.0,153.0,2,2,,,False,False,False,False,False,False,"Annonces maisons et appartements à vendre et à louer - Tecnocasa.tn Immobilier Professionnel Evaluer mon bien Chercher une agence Se connecter Accueil Immobilier Professionnel Evaluer mon bien Chercher une agence Se connecter Accueil Appartement en vente Appartement Bizerte Bizerte Nord Bizerte S+2 en vente Video visite 360° Photos Plan Map +4 S+2 en vente Bizerte Nord - Bizerte REF: 70423 Demandez un crédit immobilier 6.614 DT par mois > 375 000 DT 3 pièces 153 m² presse pdf S+2 en vente Bizerte Nord - Bizerte 3 pièces 153 m² 375 000 DT Nous contacter Description Appartement S+2 situé au 5 étage, bénéficiant d’une magnifique vue panoramique sur la mer. L’appartement se compose d’un salon spacieux, lumineux et agréable, donnant accès à un balcon offrant une superbe vue dégagée. Il dispose également d’une cuisine aménagée et entièrement équipée, complétée par un séchoir pratique. La partie nuit comprend deux chambres à coucher confortables et lumineuses, chacune bénéficiant de son propre balcon. Les chambres sont également équipées de dressings et de placards offrant un espace de rangement optimal. Ce bien, à la fois fonctionnel, lumineux et bien agencé, constitue une excellente opportunité pour une résidence principale, secondaire ou un investissement locatif, dans un cadre agréable avec une vue exceptionnelle sur la mer. Caractéristiques REF.: 70423 Etage: 5 Libre: Non Catégorie: Haut standing Année de construction: 2020 Frais Prix: 375 000 DT Echéance crédit: DT 6.614 / mois Calculer l'échéancier À proximité Ecole Lycée El Bhira 510 m Écoles 790 m ạlmdrsẗ ạlạ̹btdạỷyẗ bḥy ạlhnạʾ 1,6 Km Lycée pilote 15 octobre Bizerte 2,0 Km Lycée Ali Bach Hamba 2,2 Km Pharmacie Pharmacie de nuit 1,5 Km Pharmacie Laroussa 2,8 Km Pharmacie Feu Hamadi Terrasse 2,9 Km Pharmacie Othman Baktache 3,0 Km Hôpital Unité De Diagnostic Anténatal UDANB 2,2 Km Hôpital Militaire de Bizerte 2,4 Km Hôpital régional Habib Bougatfa 2,5 Km Commerce Carrefour Market 1,3 Km El Corniche 1,8 Km Société Carthage Distribution "" SCD "" 2,8 Km Monoprix 2,9 Km Boutique Frip 2,7 Km Proxi 2,8 Km Restaurant Bake & Bake 1,9 Km Mohamed Hadi Lablabi 2,5 Km Restaurant Du Vieux Port 2,7 Km Fast Food du Vieux Port 2,7 Km mṭʿm ạlnạʿwrẗ 2,7 Km Afficher tout Augmenter © OpenMapTiles | © OpenStreetMap contributors Autres biens proposés par l'agence 420 000 DT S+3 en vente Bizerte Nord - Bizerte 3 pièces 130 m² 350 000 DT S+3 en vente Bizerte Nord - Bizerte 4 pièces 138 m² Nous contacter Nom* Prénom* E-mail* Téléphone* Message Conformément à la loi organique portant sur la protection des données à caractère personnel n° 2004-63 du 27 juillet 2004  [ Lire ] Accord pour les activités de Marketing Envoyer Propriété proposée par: Affilié: Corniche Real Estate  Sarl Route de la Corniche , 7000 7000 Bizerte Nord (BZ) Route de la Corniche , 7000 7000 Bizerte Nord (BZ) contact.bz1@tecnocasa.tn +21626888116 +21626 888 533 Facebook contact.bz1@tecnocasa.tn Téléphone +21626 888 533 Facebook Site de l'agence Vendre u",2026-09-14T20:04:21
tecnocasa_69794_html,tecnocasa,https://www.tecnocasa.tn/vendre/appartement/bizerte/bizerte-nord/69794.html,vente,appartement,S+1 en vente,Bizerte Nord,Bizerte,4057.0,80.0,1,1,,,False,True,False,False,False,False,"Annonces maisons et appartements à vendre et à louer - Tecnocasa.tn Immobilier Professionnel Evaluer mon bien Chercher une agence Se connecter Accueil Immobilier Professionnel Evaluer mon bien Chercher une agence Se connecter Accueil Appartement en vente Appartement Bizerte Bizerte Nord Bizerte S+1 en vente Video visite 360° Photos Plan Map +3 S+1 en vente Bizerte Nord - Bizerte REF: 69794 Demandez un crédit immobilier 4.057 DT par mois > 230 000 DT 2 pièces 80 m² presse pdf S+1 en vente Bizerte Nord - Bizerte 2 pièces 80 m² 230 000 DT Nous contacter Description Appartement S+1 situé au 2 étage. Il se compose d’un salon spacieux avec balcon, d’une cuisine aménagée et équipée d’une plaque de cuisson, d’un four et d’une hotte aspirante, avec séchoir, d’une chambre à coucher et d’une salle de douche. L’appartement dispose également d’une place de parking Caractéristiques REF.: 69794 Etage: 2 Libre: Oui Catégorie: Haut standing Année de construction: 2024 Frais Prix: 230 000 DT Echéance crédit: DT 4.057 / mois Calculer l'échéancier À proximité Ecole Lycée El Bhira 570 m Écoles 860 m ạlmdrsẗ ạlạ̹btdạỷyẗ bḥy ạlhnạʾ 1,6 Km Lycée Ali Bach Hamba 2,4 Km Lycée pilote 15 octobre Bizerte 2,6 Km Pharmacie Pharmacie de nuit 2,0 Km Hôpital Unité De Diagnostic Anténatal UDANB 2,5 Km Hôpital Militaire de Bizerte 2,8 Km Hôpital régional Habib Bougatfa 2,9 Km Commerce El Corniche 1,2 Km Carrefour Market 1,7 Km Restaurant Bake & Bake 1,6 Km Fragola Factory 2,7 Km Restaurant Du Vieux Port 2,7 Km Fast Food du Vieux Port 2,7 Km Mohamed Hadi Lablabi 2,7 Km Afficher tout Augmenter © OpenMapTiles | © OpenStreetMap contributors Autres biens proposés par l'agence 215 000 DT S+2 en vente Bizerte Nord - Bizerte 2 pièces 80 m² 200 000 DT S+3 en vente Bizerte Nord - Bizerte 3 pièces 89 m² Nous contacter Nom* Prénom* E-mail* Téléphone* Message Conformément à la loi organique portant sur la protection des données à caractère personnel n° 2004-63 du 27 juillet 2004  [ Lire ] Accord pour les activités de Marketing Envoyer Propriété proposée par: Affilié: Corniche Real Estate  Sarl Route de la Corniche , 7000 7000 Bizerte Nord (BZ) Route de la Corniche , 7000 7000 Bizerte Nord (BZ) contact.bz1@tecnocasa.tn +21626888116 +21626 888 533 Facebook contact.bz1@tecnocasa.tn Téléphone +21626 888 533 Facebook Site de l'agence Vendre un bien immobilier Plus d'informations Calculer l'itinéraire Agence Qui sommes-nous? Nos points forts Dans le monde Travaillez avec nous Siège national tecnocasa.tn Tecnocasa Dans le monde Italie , Espagne , Hongrie , Mexique , Pologne , France , Allemagne , Tunisie , Thaïlande , République de Saint-Marin Zone Affiliés 2026 
                 
                ""Siege Master Franchise Tunisie"" Tecno Real Estate
                  - 72, Avenue Mouaouia Ibn Abi Sofiane, El Menzah 7, Ariana 2037 Tunis Données Personnelles | Informations sur les cookies Succès! Affilié: Corniche Real Estate  Sarl Route de la Corniche , 7000 7000 Bizerte Nord (BZ) Appeler Nous contacter Re",2026-09-14T20:04:27
tecnocasa_65110_html,tecnocasa,https://www.tecnocasa.tn/vendre/appartement/bizerte/bizerte-nord/65110.html,vente,appartement,S+3 en vente,Bizerte Nord,Bizerte,3440.0,108.0,3,3,,,False,False,False,False,False,False,"Annonces maisons et appartements à vendre et à louer - Tecnocasa.tn Immobilier Professionnel Evaluer mon bien Chercher une agence Se connecter Accueil Immobilier Professionnel Evaluer mon bien Chercher une agence Se connecter Accueil Appartement en vente Appartement Bizerte Bizerte Nord Bizerte S+3 en vente Video visite 360° Photos Plan Map +8 S+3 en vente Bizerte Nord - Bizerte REF: 65110 Demandez un crédit immobilier 3.440 DT par mois > 195 000 DT 235 000 DT (-18%) 108 m² presse pdf S+3 en vente Bizerte Nord - Bizerte 108 m² 195 000 DT 235 000 DT (-18%) Nous contacter Description Appartement S+3 au premier étage. Situé dans un quartier calme et agréable, cet appartement offre un cadre de vie confortable et pratique, idéal pour une famille. Il se compose d’un salon spacieux et lumineux, parfait pour vos moments de détente et de réception, d’une cuisine bien aménagée avec séchoir offrant un espace supplémentaire pour le rangement et les tâches ménagères, ainsi que de trois chambres à coucher confortables, bénéficiant d’une bonne luminosité naturelle. L’appartement dispose également d’une salle de bain fonctionnelle et d’une salle d’eau pour invités, apportant plus de commodité au quotidien. Grâce à sa disposition intelligente et ses espaces bien optimisés, ce bien représente une excellente opportunité pour ceux qui recherchent confort et praticité. Proche de toutes les commodités (commerces, écoles, transports), il répond parfaitement aux besoins de la vie quotidienne. Caractéristiques REF.: 65110 Etage: 1 Libre: Non Catégorie: Moyen standing Frais Prix: 195 000 DT Echéance crédit: DT 3.440 / mois Calculer l'échéancier À proximité Transport public Bizerte 2,4 Km Transport public 2,3 Km Bizerte 2,4 Km Ecole ạlmdrsẗ ạlạ̹btdạỷyẗ bḥy ạlhnạʾ 590 m Lycée El Bhira 600 m Écoles 850 m Lycée Ali Bach Hamba 1,3 Km Lycée pilote 15 octobre Bizerte 1,7 Km Pharmacie Pharmacie de nuit 1,2 Km Pharmacie De nuit 2,1 Km Pharmacie Feu Hamadi Terrasse 2,1 Km Pharmacie Othman Baktache 2,2 Km Pharmacie Hinda Karoui Turki 2,4 Km Hôpital Unité De Diagnostic Anténatal UDANB 1,5 Km Hôpital Militaire de Bizerte 1,9 Km Hôpital régional Habib Bougatfa 2,0 Km Commerce Carrefour Market 840 m El Corniche 1,2 Km Monoprix 2,1 Km Carrefour 2,1 Km Société Carthage Distribution "" SCD "" 2,2 Km Boutique Proxi 2,1 Km Frip 2,3 Km Bar The Palm Garden Bar 2,1 Km Restaurant Bake & Bake 930 m Mohamed Hadi Lablabi 1,7 Km Restaurant Du Vieux Port 1,7 Km Fragola Factory 1,7 Km Fast Food du Vieux Port 1,7 Km Afficher tout Augmenter © OpenMapTiles | © OpenStreetMap contributors Autres biens proposés par l'agence 230 000 DT S+1 en vente Bizerte Nord - Bizerte 2 pièces 80 m² 215 000 DT S+2 en vente Bizerte Nord - Bizerte 2 pièces 80 m² 200 000 DT S+3 en vente Bizerte Nord - Bizerte 3 pièces 89 m² Nous contacter Nom* Prénom* E-mail* Téléphone* Message Conformément à la loi organique portant sur la protection des données à caractère personnel n° 2004-63 du 27 juillet 2004  [ Lire ] Accord pour les act",2026-09-14T20:04:31
tecnocasa_70122_html,tecnocasa,https://www.tecnocasa.tn/vendre/appartement/bizerte/bizerte-nord/70122.html,vente,appartement,S+3 en vente,Bizerte Nord,Bizerte,7408.0,130.0,3,3,,,False,False,False,False,False,False,"Annonces maisons et appartements à vendre et à louer - Tecnocasa.tn Immobilier Professionnel Evaluer mon bien Chercher une agence Se connecter Accueil Immobilier Professionnel Evaluer mon bien Chercher une agence Se connecter Accueil Appartement en vente Appartement Bizerte Bizerte Nord Bizerte S+3 en vente Video visite 360° Photos Plan Map +7 S+3 en vente Bizerte Nord - Bizerte REF: 70122 Demandez un crédit immobilier 7.408 DT par mois > 420 000 DT 3 pièces 130 m² presse pdf S+3 en vente Bizerte Nord - Bizerte 3 pièces 130 m² 420 000 DT Nous contacter Description A ppartement S+3 situé au 2 étage, bénéficiant d’une agréable vue sur mer. Il se compose d’un salon spacieux et lumineux avec accès à un balcon offrant une belle vue sur la mer, d’une cuisine aménagée avec séchoir , ainsi que de trois chambres à coucher équipées chacune d’un dressing. L’appartement dispose également d’un dressing dans le couloir, d’une salle de bain commune et d’une salle d’eau indépendante pour les invités Caractéristiques REF.: 70122 Etage: 2 (étage moyen) Libre: Oui Catégorie: Ancien Année de construction: 1970 Frais Prix: 420 000 DT Echéance crédit: DT 7.408 / mois Calculer l'échéancier À proximité Transport public Bizerte 1,7 Km Transport public 990 m Bizerte 2,0 Km Ecole Écoles 700 m Lycée Ali Bach Hamba 980 m ạlmdrsẗ ạlạ̹btdạỷyẗ bḥy ạlhnạʾ 1,1 Km Lycée Hedi Chaker 1,2 Km Lycée Farhat Hached 1,4 Km Pharmacie Pharmacie De nuit 670 m Pharmacie Hinda Karoui Turki 1,2 Km Pharmacie Feu Hamadi Terrasse 1,2 Km Pharmacie Othman Baktache 1,2 Km Pharmacie de nuit 1,9 Km Hôpital Unité De Diagnostic Anténatal UDANB 1,4 Km Hôpital Militaire de Bizerte 1,7 Km Hôpital régional Habib Bougatfa 1,9 Km Commerce Carrefour 680 m Monoprix 1,1 Km Carrefour Express 1,2 Km Société Carthage Distribution "" SCD "" 1,7 Km Carrefour Market 1,8 Km Boutique Proxi 1,5 Km Frip 2,2 Km Bar The Palm Garden Bar 430 m Restaurant Fragola Factory 90 m Restaurant Du Vieux Port 370 m Fast Food du Vieux Port 460 m mṭʿm ạlnạʿwrẗ 480 m El Ksiba 500 m Afficher tout Augmenter © OpenMapTiles | © OpenStreetMap contributors Autres biens proposés par l'agence 375 000 DT S+2 en vente Bizerte Nord - Bizerte 3 pièces 153 m² 350 000 DT S+3 en vente Bizerte Nord - Bizerte 4 pièces 138 m² Nous contacter Nom* Prénom* E-mail* Téléphone* Message Conformément à la loi organique portant sur la protection des données à caractère personnel n° 2004-63 du 27 juillet 2004  [ Lire ] Accord pour les activités de Marketing Envoyer Propriété proposée par: Affilié: Corniche Real Estate  Sarl Route de la Corniche , 7000 7000 Bizerte Nord (BZ) Route de la Corniche , 7000 7000 Bizerte Nord (BZ) contact.bz1@tecnocasa.tn +21626888116 +21626 888 533 Facebook contact.bz1@tecnocasa.tn Téléphone +21626 888 533 Facebook Site de l'agence Vendre un bien immobilier Plus d'informations Calculer l'itinéraire Agence Qui sommes-nous? Nos points forts Dans le monde Travaillez avec nous Siège national tecnocasa.tn Tecnocasa Dans le monde Italie , Espagne ",2026-09-14T20:04:36
tecnocasa_70118_html,tecnocasa,https://www.tecnocasa.tn/vendre/appartement/bizerte/bizerte-nord/70118.html,vente,appartement,S+2 en vente,Bizerte Nord,Bizerte,3792.0,80.0,2,2,,,False,False,False,False,False,False,"Annonces maisons et appartements à vendre et à louer - Tecnocasa.tn Immobilier Professionnel Evaluer mon bien Chercher une agence Se connecter Accueil Immobilier Professionnel Evaluer mon bien Chercher une agence Se connecter Accueil Appartement en vente Appartement Bizerte Bizerte Nord Bizerte S+2 en vente Video visite 360° Photos Plan Map +5 S+2 en vente Bizerte Nord - Bizerte REF: 70118 Demandez un crédit immobilier 3.792 DT par mois > 215 000 DT 2 pièces 80 m² presse pdf S+2 en vente Bizerte Nord - Bizerte 2 pièces 80 m² 215 000 DT Nous contacter Description Appartement S+2 situé au 4 étage , offrant un espace de vie agréable et fonctionnel. Il se compose d’un salon spacieux et lumineux , D'une cuisine aménagée et équipée .  de deux chambres à coucher , d’une salle de douche commune. Caractéristiques REF.: 70118 Etage: 4 (étage dernier) Libre: Non Catégorie: Moyen standing Année de construction: 2004 Année de rénovation: 2022 Frais Prix: 215 000 DT Echéance crédit: DT 3.792 / mois Calculer l'échéancier À proximité Transport public Bizerte 2,3 Km Transport public 1,9 Km Bizerte 2,5 Km Ecole ạlmdrsẗ ạlạ̹btdạỷyẗ bḥy ạlhnạʾ 490 m Lycée Ali Bach Hamba 1,2 Km Lycée El Bhira 1,4 Km Écoles 1,5 Km Lycée Hedi Chaker 1,7 Km Pharmacie Pharmacie De nuit 1,6 Km Pharmacie de nuit 1,7 Km Pharmacie Feu Hamadi Terrasse 1,9 Km Pharmacie Othman Baktache 1,9 Km Pharmacie Hinda Karoui Turki 2,0 Km Hôpital Unité De Diagnostic Anténatal UDANB 1,6 Km Hôpital Militaire de Bizerte 2,0 Km Hôpital régional Habib Bougatfa 2,1 Km Commerce El Corniche 920 m Carrefour Market 1,4 Km Carrefour 1,6 Km Monoprix 1,8 Km Carrefour Express 2,0 Km Boutique Proxi 2,1 Km Frip 2,5 Km Bar The Palm Garden Bar 1,4 Km Restaurant Bake & Bake 120 m Fragola Factory 1,1 Km Restaurant Du Vieux Port 1,2 Km Fast Food du Vieux Port 1,2 Km mṭʿm ạlnạʿwrẗ 1,3 Km Afficher tout Augmenter © OpenMapTiles | © OpenStreetMap contributors Autres biens proposés par l'agence 230 000 DT S+1 en vente Bizerte Nord - Bizerte 2 pièces 80 m² 200 000 DT S+3 en vente Bizerte Nord - Bizerte 3 pièces 89 m² Nous contacter Nom* Prénom* E-mail* Téléphone* Message Conformément à la loi organique portant sur la protection des données à caractère personnel n° 2004-63 du 27 juillet 2004  [ Lire ] Accord pour les activités de Marketing Envoyer Propriété proposée par: Affilié: Corniche Real Estate  Sarl Route de la Corniche , 7000 7000 Bizerte Nord (BZ) Route de la Corniche , 7000 7000 Bizerte Nord (BZ) contact.bz1@tecnocasa.tn +21626888116 +21626 888 533 Facebook contact.bz1@tecnocasa.tn Téléphone +21626 888 533 Facebook Site de l'agence Vendre un bien immobilier Plus d'informations Calculer l'itinéraire Agence Qui sommes-nous? Nos points forts Dans le monde Travaillez avec nous Siège national tecnocasa.tn Tecnocasa Dans le monde Italie , Espagne , Hongrie , Mexique , Pologne , France , Allemagne , Tunisie , Thaïlande , République de Saint-Marin Zone Affiliés 2026 
                 
                ""Siege Master Franchise Tunisi",2026-09-14T20:04:42
tecnocasa_69072_html,tecnocasa,https://www.tecnocasa.tn/vendre/appartement/bizerte/bizerte-nord/69072.html,vente,appartement,S+3 en vente,Bizerte Nord,Bizerte,6173.0,138.0,3,3,,1er étage,False,False,False,False,False,False,"Annonces maisons et appartements à vendre et à louer - Tecnocasa.tn Immobilier Professionnel Evaluer mon bien Chercher une agence Se connecter Accueil Immobilier Professionnel Evaluer mon bien Chercher une agence Se connecter Accueil Appartement en vente Appartement Bizerte Bizerte Nord Bizerte S+3 en vente Video visite 360° Photos Plan Map +4 S+3 en vente Bizerte Nord - Bizerte REF: 69072 Demandez un crédit immobilier 6.173 DT par mois > 350 000 DT 4 pièces 138 m² presse pdf S+3 en vente Bizerte Nord - Bizerte 4 pièces 138 m² 350 000 DT Nous contacter Description appartement S+3 situé au 1er étage, offrant un cadre de vie confortable et fonctionnel. Il se compose d'un spacieux salon lumineux, d'une cuisine fonctionnelle, d'une suite parentale avec sa salle d'eau privative, ainsi que de deux chambres à coucher. L'une des chambres bénéficie d'un balcon, tandis que l'autre offre un espace agréable et bien agencé. Cet appartement  Proche de toutes les commodités, il représente une excellente opportunité à ne pas manquer. Caractéristiques REF.: 69072 Etage: 2 Libre: Oui Catégorie: Ancien Année de construction: 2023 Frais Prix: 350 000 DT Echéance crédit: DT 6.173 / mois Calculer l'échéancier À proximité Ecole Écoles 360 m Lycée El Bhira 1,1 Km ạlmdrsẗ ạlạ̹btdạỷyẗ bḥy ạlhnạʾ 1,8 Km Lycée Ali Bach Hamba 2,7 Km Pharmacie Pharmacie de nuit 2,5 Km Hôpital Unité De Diagnostic Anténatal UDANB 2,9 Km Commerce El Corniche 940 m Carrefour Market 2,2 Km Restaurant Bake & Bake 1,6 Km Belle Plage 2,3 Km Fragola Factory 2,7 Km Restaurant Du Vieux Port 2,9 Km Fast Food du Vieux Port 2,9 Km Afficher tout Augmenter © OpenMapTiles | © OpenStreetMap contributors Autres biens proposés par l'agence 375 000 DT S+2 en vente Bizerte Nord - Bizerte 3 pièces 153 m² 420 000 DT S+3 en vente Bizerte Nord - Bizerte 3 pièces 130 m² 290 000 DT S+2 en vente Bizerte Nord - Bizerte 4 pièces 128 m² Nous contacter Nom* Prénom* E-mail* Téléphone* Message Conformément à la loi organique portant sur la protection des données à caractère personnel n° 2004-63 du 27 juillet 2004  [ Lire ] Accord pour les activités de Marketing Envoyer Propriété proposée par: Affilié: Corniche Real Estate  Sarl Route de la Corniche , 7000 7000 Bizerte Nord (BZ) Route de la Corniche , 7000 7000 Bizerte Nord (BZ) contact.bz1@tecnocasa.tn +21626888116 +21626 888 533 Facebook contact.bz1@tecnocasa.tn Téléphone +21626 888 533 Facebook Site de l'agence Vendre un bien immobilier Plus d'informations Calculer l'itinéraire Agence Qui sommes-nous? Nos points forts Dans le monde Travaillez avec nous Siège national tecnocasa.tn Tecnocasa Dans le monde Italie , Espagne , Hongrie , Mexique , Pologne , France , Allemagne , Tunisie , Thaïlande , République de Saint-Marin Zone Affiliés 2026 
                 
                ""Siege Master Franchise Tunisie"" Tecno Real Estate
                  - 72, Avenue Mouaouia Ibn Abi Sofiane, El Menzah 7, Ariana 2037 Tunis Données Personnelles | Informations sur les cookies Succès! Affilié",2026-09-14T20:04:45
tecnocasa_67319_html,tecnocasa,https://www.tecnocasa.tn/vendre/appartement/bizerte/bizerte-nord/67319.html,vente,appartement,S+3 en vente,Bizerte Nord,Bizerte,3528.0,89.0,3,3,,,False,False,False,False,False,False,"Annonces maisons et appartements à vendre et à louer - Tecnocasa.tn Immobilier Professionnel Evaluer mon bien Chercher une agence Se connecter Accueil Immobilier Professionnel Evaluer mon bien Chercher une agence Se connecter Accueil Appartement en vente Appartement Bizerte Bizerte Nord Bizerte S+3 en vente Video visite 360° Photos Plan Map S+3 en vente Bizerte Nord - Bizerte REF: 67319 Demandez un crédit immobilier 3.528 DT par mois > 200 000 DT 3 pièces 89 m² presse pdf S+3 en vente Bizerte Nord - Bizerte 3 pièces 89 m² 200 000 DT Nous contacter Description Appartement S+3Situé au 2 étage d’un immeuble en plein centre-ville, cet appartement S+3 bénéficie d’un emplacement privilégié à proximité de toutes les commodités .Il se compose d’un salon spacieux, de trois chambres, d’une cuisine , d’une salle de bain Son emplacement central permet un accès facile aux commerces, écoles, administrations et transports. Caractéristiques REF.: 67319 Etage: 2 (étage dernier) Libre: Non Catégorie: Ancien Année de construction: 1980 Frais Prix: 200 000 DT Echéance crédit: DT 3.528 / mois Calculer l'échéancier À proximité Transport public Bizerte 620 m Transport public 460 m Bizerte 930 m Ecole Lycée Hedi Chaker 300 m Lycée jeune fille de Bizerte 330 m Écoles 450 m Ecole Jean Giono 460 m Lycée Farhat Hached 480 m Pharmacie Pharmacie Feu Hamadi Terrasse 120 m Pharmacie Othman Baktache 150 m Pharmacie Hinda Karoui Turki 390 m Pharmacie De nuit 540 m Pharmacie Laroussa 1,5 Km Hôpital Unité De Diagnostic Anténatal UDANB 790 m Hôpital Militaire de Bizerte 820 m Hôpital régional Habib Bougatfa 1,0 Km Commerce Monoprix 30 m Carrefour Express 380 m Carrefour 540 m Société Carthage Distribution "" SCD "" 720 m Carrefour Market 1,7 Km Boutique Proxi 500 m Frip 1,3 Km Bar The Palm Garden Bar 1,2 Km Restaurant Pizaria Pasta Posta 160 m Jendoubi 160 m Di Napoli Pizzeria 190 m Mohamed Hadi Lablabi 350 m Pasta Box 380 m Afficher tout Augmenter © OpenMapTiles | © OpenStreetMap contributors Autres biens proposés par l'agence 230 000 DT S+1 en vente Bizerte Nord - Bizerte 2 pièces 80 m² 195 000 DT 235 000 DT (-18%) S+3 en vente Bizerte Nord - Bizerte 108 m² 215 000 DT S+2 en vente Bizerte Nord - Bizerte 2 pièces 80 m² Nous contacter Nom* Prénom* E-mail* Téléphone* Message Conformément à la loi organique portant sur la protection des données à caractère personnel n° 2004-63 du 27 juillet 2004  [ Lire ] Accord pour les activités de Marketing Envoyer Propriété proposée par: Affilié: Corniche Real Estate  Sarl Route de la Corniche , 7000 7000 Bizerte Nord (BZ) Route de la Corniche , 7000 7000 Bizerte Nord (BZ) contact.bz1@tecnocasa.tn +21626888116 +21626 888 533 Facebook contact.bz1@tecnocasa.tn Téléphone +21626 888 533 Facebook Site de l'agence Vendre un bien immobilier Plus d'informations Calculer l'itinéraire Agence Qui sommes-nous? Nos points forts Dans le monde Travaillez avec nous Siège national tecnocasa.tn Tecnocasa Dans le monde Italie , Espagne , Hongrie , Mexique , Pologne , ",2026-09-14T20:04:50
tecnocasa_67133_html,tecnocasa,https://www.tecnocasa.tn/vendre/appartement/bizerte/bizerte-nord/67133.html,vente,appartement,S+1 en vente,Bizerte Nord,Bizerte,2646.0,51.0,1,1,,,False,False,False,False,False,False,"Annonces maisons et appartements à vendre et à louer - Tecnocasa.tn Immobilier Professionnel Evaluer mon bien Chercher une agence Se connecter Accueil Immobilier Professionnel Evaluer mon bien Chercher une agence Se connecter Accueil Appartement en vente Appartement Bizerte Bizerte Nord Bizerte S+1 en vente Video visite 360° Photos Plan Map +3 S+1 en vente Bizerte Nord - Bizerte REF: 67133 Demandez un crédit immobilier 2.646 DT par mois > 150 000 DT 1 pièce 51 m² presse pdf S+1 en vente Bizerte Nord - Bizerte 1 pièce 51 m² 150 000 DT Nous contacter Description S+1 situé au 2 étage, en plein centre-ville. Entièrement rénové, il se compose d’un salon, d’une chambre, d’une kitchenette et d’une salle d’eau. Grâce à son emplacement stratégique, il se trouve à proximité immédiate des commerces, transports et services. Caractéristiques REF.: 67133 Etage: 2 (étage dernier) Libre: Oui Catégorie: Ancien Année de construction: 1991 Année de rénovation: 2026 Frais Prix: 150 000 DT Echéance crédit: DT 2.646 / mois Calculer l'échéancier À proximité Transport public Bizerte 1,0 Km Transport public 110 m Bizerte 1,4 Km Ecole Écoles 360 m Faculté des sciences de Bizerte 620 m Lycée jeune fille de Bizerte 810 m Lycée Hedi Chaker 860 m Ecole Jean Giono 930 m Pharmacie Pharmacie Hinda Karoui Turki 280 m Pharmacie De nuit 330 m Pharmacie Othman Baktache 580 m Pharmacie Feu Hamadi Terrasse 640 m Pharmacie Laroussa 2,0 Km Hôpital Unité De Diagnostic Anténatal UDANB 1,3 Km Hôpital Militaire de Bizerte 1,4 Km Hôpital régional Habib Bougatfa 1,6 Km Commerce Carrefour 320 m Carrefour Express 340 m Monoprix 530 m Société Carthage Distribution "" SCD "" 1,3 Km Carrefour Market 2,2 Km Boutique Proxi 1,0 Km Frip 1,8 Km Bar The Palm Garden Bar 840 m Restaurant Formidable 130 m Nautical 140 m Restaurant Le Sport Nautique 190 m Le Grand Bleu 260 m Dolphino 290 m Afficher tout Augmenter © OpenMapTiles | © OpenStreetMap contributors Autres biens proposés par l'agence 150 000 DT S+2 en vente Bizerte 3 pièces 51 m² Nous contacter Nom* Prénom* E-mail* Téléphone* Message Conformément à la loi organique portant sur la protection des données à caractère personnel n° 2004-63 du 27 juillet 2004  [ Lire ] Accord pour les activités de Marketing Envoyer Propriété proposée par: Affilié: Corniche Real Estate  Sarl Route de la Corniche , 7000 7000 Bizerte Nord (BZ) Route de la Corniche , 7000 7000 Bizerte Nord (BZ) contact.bz1@tecnocasa.tn +21626888116 +21626 888 533 Facebook contact.bz1@tecnocasa.tn Téléphone +21626 888 533 Facebook Site de l'agence Vendre un bien immobilier Plus d'informations Calculer l'itinéraire Agence Qui sommes-nous? Nos points forts Dans le monde Travaillez avec nous Siège national tecnocasa.tn Tecnocasa Dans le monde Italie , Espagne , Hongrie , Mexique , Pologne , France , Allemagne , Tunisie , Thaïlande , République de Saint-Marin Zone Affiliés 2026 
                 
                ""Siege Master Franchise Tunisie"" Tecno Real Estate
                  - 72, Avenue Mouao",2026-09-14T20:04:55
tecnocasa_51008_html,tecnocasa,https://www.tecnocasa.tn/vendre/appartement/bizerte/bizerte-nord/51008.html,vente,appartement,S+2 en vente,Bizerte Nord,Bizerte,5115.0,128.0,2,2,,,False,False,False,False,False,False,"Annonces maisons et appartements à vendre et à louer - Tecnocasa.tn Immobilier Professionnel Evaluer mon bien Chercher une agence Se connecter Accueil Immobilier Professionnel Evaluer mon bien Chercher une agence Se connecter Accueil Appartement en vente Appartement Bizerte Bizerte Nord Bizerte S+2 en vente Video visite 360° Photos Plan Map +8 S+2 en vente Bizerte Nord - Bizerte REF: 51008 Demandez un crédit immobilier 5.115 DT par mois > 290 000 DT 4 pièces 128 m² presse pdf S+2 en vente Bizerte Nord - Bizerte 4 pièces 128 m² 290 000 DT Nous contacter Description Cet appartement situé dans une résidence gardée et sécurisée. L'entrée mène à l’espace de vie lumineux grâce à son ouverture sur un balcon , l a cuisin e est aménagée par des rangements, et équipée par une hotte aspirante et un four électrique , elle est complétée par un séchoir. Une salle d’eau est prévue pour les invités. L’espace nuit comprend deux chambres dont une complété par un dressing elles se partagent une salle de bain commune. Caractéristiques REF.: 51008 Etage: 5 Libre: Oui Catégorie: Moyen standing Frais Prix: 290 000 DT Echéance crédit: DT 5.115 / mois Calculer l'échéancier À proximité Ecole Lycée El Bhira 500 m Écoles 790 m ạlmdrsẗ ạlạ̹btdạỷyẗ bḥy ạlhnạʾ 1,6 Km Lycée pilote 15 octobre Bizerte 2,0 Km Lycée Ali Bach Hamba 2,2 Km Pharmacie Pharmacie de nuit 1,5 Km Pharmacie Laroussa 2,8 Km Pharmacie Feu Hamadi Terrasse 2,9 Km Pharmacie Othman Baktache 3,0 Km Pharmacie De nuit 3,0 Km Hôpital Unité De Diagnostic Anténatal UDANB 2,2 Km Hôpital Militaire de Bizerte 2,4 Km Hôpital régional Habib Bougatfa 2,5 Km Commerce Carrefour Market 1,2 Km El Corniche 1,8 Km Société Carthage Distribution "" SCD "" 2,8 Km Monoprix 2,9 Km Boutique Frip 2,7 Km Proxi 2,8 Km Restaurant Bake & Bake 1,9 Km Mohamed Hadi Lablabi 2,5 Km Restaurant Du Vieux Port 2,7 Km Fast Food du Vieux Port 2,7 Km mṭʿm ạlnạʿwrẗ 2,7 Km Afficher tout Augmenter © OpenMapTiles | © OpenStreetMap contributors Autres biens proposés par l'agence Nous contacter Nom* Prénom* E-mail* Téléphone* Message Conformément à la loi organique portant sur la protection des données à caractère personnel n° 2004-63 du 27 juillet 2004  [ Lire ] Accord pour les activités de Marketing Envoyer Propriété proposée par: Affilié: Corniche Real Estate  Sarl Route de la Corniche , 7000 7000 Bizerte Nord (BZ) Route de la Corniche , 7000 7000 Bizerte Nord (BZ) contact.bz1@tecnocasa.tn +21626888116 +21626 888 533 Facebook contact.bz1@tecnocasa.tn Téléphone +21626 888 533 Facebook Site de l'agence Vendre un bien immobilier Plus d'informations Calculer l'itinéraire Agence Qui sommes-nous? Nos points forts Dans le monde Travaillez avec nous Siège national tecnocasa.tn Tecnocasa Dans le monde Italie , Espagne , Hongrie , Mexique , Pologne , France , Allemagne , Tunisie , Thaïlande , République de Saint-Marin Zone Affiliés 2026 
                 
                ""Siege Master Franchise Tunisie"" Tecno Real Estate
                  - 72, Avenue Mouaouia Ibn Abi",2026-09-14T20:05:01
tecnocasa_66589_html,tecnocasa,https://www.tecnocasa.tn/vendre/appartement/bizerte/bizerte-nord/66589.html,vente,appartement,S+2 en vente,Bizerte Nord,Bizerte,2646.0,95.0,2,2,,,False,False,False,False,False,False,"Annonces maisons et appartements à vendre et à louer - Tecnocasa.tn Immobilier Professionnel Evaluer mon bien Chercher une agence Se connecter Accueil Immobilier Professionnel Evaluer mon bien Chercher une agence Se connecter Accueil Appartement en vente Appartement Bizerte Bizerte Nord Bizerte S+2 en vente Video visite 360° Photos Plan Map +4 S+2 en vente Bizerte Nord - Bizerte REF: 66589 Demandez un crédit immobilier 2.646 DT par mois > 150 000 DT 3 pièces 95 m² presse pdf S+2 en vente Bizerte Nord - Bizerte 3 pièces 95 m² 150 000 DT Nous contacter Description Appartement S+2 situé au 3 étage d’une résidence calme . Il se compose d’un salon lumineux ouvrant sur un balcon, d’une cuisine aménagée et complétée par un séchoir, ainsi que de deux chambres à coucher confortables, dont une avec dressing. L’espace nuit est desservi par une salle de bains commune Caractéristiques REF.: 66589 Etage: 2 Libre: Oui Catégorie: Moyen standing Frais Prix: 150 000 DT Echéance crédit: DT 2.646 / mois Calculer l'échéancier À proximité Transport public Bizerte 2,1 Km Transport public 1,6 Km Bizerte 2,2 Km Ecole ạlmdrsẗ ạlạ̹btdạỷyẗ bḥy ạlhnạʾ 420 m Lycée Ali Bach Hamba 1,0 Km Écoles 1,3 Km Lycée Hedi Chaker 1,5 Km Lycée El Bhira 1,5 Km Pharmacie Pharmacie De nuit 1,3 Km Pharmacie de nuit 1,6 Km Pharmacie Feu Hamadi Terrasse 1,6 Km Pharmacie Othman Baktache 1,7 Km Pharmacie Hinda Karoui Turki 1,8 Km Hôpital Unité De Diagnostic Anténatal UDANB 1,4 Km Hôpital Militaire de Bizerte 1,7 Km Hôpital régional Habib Bougatfa 1,9 Km Commerce El Corniche 1,2 Km Carrefour 1,3 Km Carrefour Market 1,3 Km Monoprix 1,5 Km Carrefour Express 1,8 Km Boutique Proxi 1,8 Km Frip 2,3 Km Bar The Palm Garden Bar 1,2 Km Restaurant Bake & Bake 350 m Fragola Factory 860 m Restaurant Du Vieux Port 950 m Fast Food du Vieux Port 1,0 Km mṭʿm ạlnạʿwrẗ 1,0 Km Afficher tout Augmenter © OpenMapTiles | © OpenStreetMap contributors Autres biens proposés par l'agence Nous contacter Nom* Prénom* E-mail* Téléphone* Message Conformément à la loi organique portant sur la protection des données à caractère personnel n° 2004-63 du 27 juillet 2004  [ Lire ] Accord pour les activités de Marketing Envoyer Propriété proposée par: Affilié: Corniche Real Estate  Sarl Route de la Corniche , 7000 7000 Bizerte Nord (BZ) Route de la Corniche , 7000 7000 Bizerte Nord (BZ) contact.bz1@tecnocasa.tn +21626888116 +21626 888 533 Facebook contact.bz1@tecnocasa.tn Téléphone +21626 888 533 Facebook Site de l'agence Vendre un bien immobilier Plus d'informations Calculer l'itinéraire Agence Qui sommes-nous? Nos points forts Dans le monde Travaillez avec nous Siège national tecnocasa.tn Tecnocasa Dans le monde Italie , Espagne , Hongrie , Mexique , Pologne , France , Allemagne , Tunisie , Thaïlande , République de Saint-Marin Zone Affiliés 2026 
                 
                ""Siege Master Franchise Tunisie"" Tecno Real Estate
                  - 72, Avenue Mouaouia Ibn Abi Sofiane, El Menzah 7, Ariana 2037 Tunis Données Personnel",2026-09-14T20:05:06
tecnocasa_66023_html,tecnocasa,https://www.tecnocasa.tn/vendre/appartement/bizerte/bizerte-nord/66023.html,vente,appartement,S+4 en vente,Bizerte Nord,Bizerte,3351.0,178.0,4,4,,,False,True,False,False,False,False,"Annonces maisons et appartements à vendre et à louer - Tecnocasa.tn Immobilier Professionnel Evaluer mon bien Chercher une agence Se connecter Accueil Immobilier Professionnel Evaluer mon bien Chercher une agence Se connecter Accueil Appartement en vente Appartement Bizerte Bizerte Nord Bizerte S+4 en vente Video visite 360° Photos Plan Map +8 S+4 en vente Bizerte Nord - Bizerte REF: 66023 Demandez un crédit immobilier 3.351 DT par mois > 190 000 DT 5 pièces 178 m² presse pdf S+4 en vente Bizerte Nord - Bizerte 5 pièces 178 m² 190 000 DT Nous contacter Description un appartement de type S+quatre situé au premier étage d’une résidence calme et sécurisée. L’appartement se compose d’un spacieux et lumineux salon offrant un cadre de vie confortable, d’une cuisine fonctionnelle équipée d’un séchoir, idéale pour le rangement et les tâches du quotidien. La partie nuit comprend quatre chambres à coucher bien aérées et lumineuses. Les chambres partagent une salle de bain commune. L’appartement bénéficie d’un bon emplacement, proche de toutes les commodités : commerces, écoles, transports et services. Caractéristiques REF.: 66023 Etage: 1 Libre: Oui Catégorie: Populaire Frais Prix: 190 000 DT Echéance crédit: DT 3.351 / mois Calculer l'échéancier À proximité Transport public Bizerte 1,8 Km Bizerte 1,7 Km Transport public 2,1 Km Ecole Écoles 160 m Lycée pilote 15 octobre Bizerte 730 m Lycée Ali Bach Hamba 1,0 Km ạlmdrsẗ ạlạ̹btdạỷyẗ bḥy ạlhnạʾ 1,1 Km ạlmdrsẗ ạlạbtdạỷyẗ ḥy wạly 1,1 Km Pharmacie Pharmacie de nuit 220 m Pharmacie Laroussa 1,5 Km Pharmacie Feu Hamadi Terrasse 1,7 Km Pharmacie Othman Baktache 1,7 Km Pharmacie De nuit 1,9 Km Hôpital Unité De Diagnostic Anténatal UDANB 870 m Hôpital Militaire de Bizerte 1,1 Km Hôpital régional Habib Bougatfa 1,1 Km Commerce Carrefour Market 150 m Société Carthage Distribution "" SCD "" 1,5 Km Monoprix 1,7 Km Carrefour 1,9 Km Carrefour Express 2,0 Km Boutique Frip 1,4 Km Proxi 1,5 Km Bar The Palm Garden Bar 2,3 Km Restaurant Mohamed Hadi Lablabi 1,3 Km The Garage 1,5 Km Di Napoli Pizzeria 1,6 Km Bake & Bake 1,7 Km mṭʿm ạlnạʿwrẗ 1,7 Km Afficher tout Augmenter © OpenMapTiles | © OpenStreetMap contributors Autres biens proposés par l'agence 180 000 DT S+2 en vente Bizerte Nord - Bizerte 4 pièces 144 m² 200 000 DT Triplex en vente Bizerte 205 m² Nous contacter Nom* Prénom* E-mail* Téléphone* Message Conformément à la loi organique portant sur la protection des données à caractère personnel n° 2004-63 du 27 juillet 2004  [ Lire ] Accord pour les activités de Marketing Envoyer Propriété proposée par: Affilié: Corniche Real Estate  Sarl Route de la Corniche , 7000 7000 Bizerte Nord (BZ) Route de la Corniche , 7000 7000 Bizerte Nord (BZ) contact.bz1@tecnocasa.tn +21626888116 +21626 888 533 Facebook contact.bz1@tecnocasa.tn Téléphone +21626 888 533 Facebook Site de l'agence Vendre un bien immobilier Plus d'informations Calculer l'itinéraire Agence Qui sommes-nous? Nos points forts Dans le monde Travaillez avec nous Siège natio",2026-09-14T20:05:11
tecnocasa_64076_html,tecnocasa,https://www.tecnocasa.tn/vendre/appartement/bizerte/bizerte-nord/64076.html,vente,appartement,S+2 en vente,Bizerte Nord,Bizerte,3175.0,144.0,2,2,,,False,False,False,False,False,False,"Annonces maisons et appartements à vendre et à louer - Tecnocasa.tn Immobilier Professionnel Evaluer mon bien Chercher une agence Se connecter Accueil Immobilier Professionnel Evaluer mon bien Chercher une agence Se connecter Accueil Appartement en vente Appartement Bizerte Bizerte Nord Bizerte S+2 en vente Video visite 360° Photos Plan Map +8 S+2 en vente Bizerte Nord - Bizerte REF: 64076 Demandez un crédit immobilier 3.175 DT par mois > 180 000 DT 4 pièces 144 m² presse pdf S+2 en vente Bizerte Nord - Bizerte 4 pièces 144 m² 180 000 DT Nous contacter Description Triplex situé en plein centre-ville. Il se compose d’un salon spacieux et lumineux, d’une cuisine fonctionnelle, de deux chambres à coucher confortables ainsi que d’une salle de bain. Ce bien offre un cadre de vie pratique grâce à sa proximité de toutes les commodités (commerces, transports, services). Caractéristiques REF.: 64076 Libre: Oui Catégorie: Populaire Frais Prix: 180 000 DT Echéance crédit: DT 3.175 / mois Calculer l'échéancier À proximité Transport public Bizerte 1,1 Km Transport public 730 m Bizerte 1,3 Km Ecole Lycée Ali Bach Hamba 370 m Écoles 450 m Lycée Hedi Chaker 530 m Lycée Farhat Hached 680 m Lycée jeune fille de Bizerte 790 m Pharmacie Pharmacie De nuit 530 m Pharmacie Feu Hamadi Terrasse 610 m Pharmacie Othman Baktache 670 m Pharmacie Hinda Karoui Turki 800 m Pharmacie de nuit 1,4 Km Hôpital Unité De Diagnostic Anténatal UDANB 690 m Hôpital Militaire de Bizerte 950 m Hôpital régional Habib Bougatfa 1,2 Km Commerce Monoprix 510 m Carrefour 540 m Carrefour Express 820 m Société Carthage Distribution "" SCD "" 1,0 Km Carrefour Market 1,4 Km Boutique Proxi 860 m Frip 1,5 Km Bar The Palm Garden Bar 970 m Restaurant mṭʿm ạlnạʿwrẗ 310 m Fast Food du Vieux Port 320 m Mohamed Hadi Lablabi 330 m Restaurant Du Vieux Port 390 m Le Sindbad 390 m Afficher tout Augmenter © OpenMapTiles | © OpenStreetMap contributors Autres biens proposés par l'agence 195 000 DT 235 000 DT (-18%) S+3 en vente Bizerte Nord - Bizerte 108 m² 190 000 DT S+4 en vente Bizerte Nord - Bizerte 5 pièces 178 m² Nous contacter Nom* Prénom* E-mail* Téléphone* Message Conformément à la loi organique portant sur la protection des données à caractère personnel n° 2004-63 du 27 juillet 2004  [ Lire ] Accord pour les activités de Marketing Envoyer Propriété proposée par: Affilié: Corniche Real Estate  Sarl Route de la Corniche , 7000 7000 Bizerte Nord (BZ) Route de la Corniche , 7000 7000 Bizerte Nord (BZ) contact.bz1@tecnocasa.tn +21626888116 +21626 888 533 Facebook contact.bz1@tecnocasa.tn Téléphone +21626 888 533 Facebook Site de l'agence Vendre un bien immobilier Plus d'informations Calculer l'itinéraire Agence Qui sommes-nous? Nos points forts Dans le monde Travaillez avec nous Siège national tecnocasa.tn Tecnocasa Dans le monde Italie , Espagne , Hongrie , Mexique , Pologne , France , Allemagne , Tunisie , Thaïlande , République de Saint-Marin Zone Affiliés 2026 
                 
                ""Siege Master",2026-09-14T20:05:16
tecnocasa_58845_html,tecnocasa,https://www.tecnocasa.tn/vendre/appartement/bizerte/bizerte/58845.html,vente,appartement,Triplex en vente,Bizerte,,3528.0,205.0,,,,,False,True,False,False,False,False,"Annonces maisons et appartements à vendre et à louer - Tecnocasa.tn Immobilier Professionnel Evaluer mon bien Chercher une agence Se connecter Accueil Immobilier Professionnel Evaluer mon bien Chercher une agence Se connecter Accueil Appartement en vente Appartement Bizerte Bizerte Nord Bizerte Triplex en vente Video visite 360° Photos Plan Map +6 Triplex en vente Bizerte Nord - Bizerte REF: 58845 Demandez un crédit immobilier 3.528 DT par mois > 200 000 DT 205 m² presse pdf Triplex en vente Bizerte Nord - Bizerte 205 m² 200 000 DT Nous contacter Description Triplex bien agencé , offrant un cadre de vie confortable et fonctionnel. Il se compose d’un salon lumineux , d’une kitchenette totalement équipée et aménagée , ainsi que d’une salle d’eau pour invités . Le bien dispose de deux chambres à coucher partageant une salle de bain commune , idéales pour une famille ou des invités. La suite parentale , véritable espace privé, occupe l’intégralité du premier étage et comprend sa propre salle de bain ainsi qu’un balcon , offrant intimité et confort. Caractéristiques REF.: 58845 Etage: 3 Libre: Oui Catégorie: Haut standing Frais Prix: 200 000 DT Echéance crédit: DT 3.528 / mois Calculer l'échéancier À proximité Transport public Bizerte 2,6 Km La Pêcherie 2,9 Km Bizerte 2,4 Km La Pecherie 3,0 Km Ecole Écoles 410 m Lycée pilote 15 octobre Bizerte 1,3 Km Lycée El Bhira 1,5 Km ạlmdrsẗ ạlạbtdạỷyẗ ḥy wạly 1,7 Km ạlmdrsẗ ạlạ̹btdạỷyẗ bḥy ạlhnạʾ 2,0 Km Pharmacie Pharmacie de nuit 1,0 Km Pharmacie Laroussa 2,0 Km Pharmacie Feu Hamadi Terrasse 2,6 Km Pharmacie Othman Baktache 2,7 Km Pharmacie De nuit 2,9 Km Hôpital Unité De Diagnostic Anténatal UDANB 1,8 Km Hôpital régional Habib Bougatfa 1,8 Km Hôpital Militaire de Bizerte 1,9 Km Commerce Carrefour Market 1,1 Km Société Carthage Distribution "" SCD "" 2,2 Km Monoprix 2,6 Km El Corniche 2,8 Km Carrefour 2,9 Km Boutique Frip 2,0 Km Proxi 2,3 Km Restaurant The Garage 2,1 Km Mohamed Hadi Lablabi 2,3 Km Bake & Bake 2,5 Km Di Napoli Pizzeria 2,5 Km Restaurants 2,7 Km Afficher tout Augmenter © OpenMapTiles | © OpenStreetMap contributors Autres biens proposés par l'agence Nous contacter Nom* Prénom* E-mail* Téléphone* Message Conformément à la loi organique portant sur la protection des données à caractère personnel n° 2004-63 du 27 juillet 2004  [ Lire ] Accord pour les activités de Marketing Envoyer Propriété proposée par: Affilié: Corniche Real Estate  Sarl Route de la Corniche , 7000 7000 Bizerte Nord (BZ) Route de la Corniche , 7000 7000 Bizerte Nord (BZ) contact.bz1@tecnocasa.tn +21626888116 +21626 888 533 Facebook contact.bz1@tecnocasa.tn Téléphone +21626 888 533 Facebook Site de l'agence Vendre un bien immobilier Plus d'informations Calculer l'itinéraire Agence Qui sommes-nous? Nos points forts Dans le monde Travaillez avec nous Siège national tecnocasa.tn Tecnocasa Dans le monde Italie , Espagne , Hongrie , Mexique , Pologne , France , Allemagne , Tunisie , Thaïlande , République de Saint-Marin Zone Affiliés 2026",2026-09-14T20:05:21
tecnocasa_56418_html,tecnocasa,https://www.tecnocasa.tn/vendre/appartement/bizerte/bizerte/56418.html,vente,appartement,S+2 en vente,Bizerte,,2646.0,51.0,2,2,,,False,True,False,False,False,False,"Annonces maisons et appartements à vendre et à louer - Tecnocasa.tn Immobilier Professionnel Evaluer mon bien Chercher une agence Se connecter Accueil Immobilier Professionnel Evaluer mon bien Chercher une agence Se connecter Accueil Appartement en vente Appartement Bizerte Bizerte Nord Bizerte S+2 en vente Video visite 360° Photos Plan Map +7 S+2 en vente Bizerte Nord - Bizerte REF: 56418 Demandez un crédit immobilier 2.646 DT par mois > 150 000 DT 3 pièces 51 m² presse pdf S+2 en vente Bizerte Nord - Bizerte 3 pièces 51 m² 150 000 DT Nous contacter Description Cet appartemen Situé au deuxième étage , À l’entrée, vous découvrirez un salon lumineux doté d’une  balconnet  offrant une belle luminosité. L’appartement comprend deux chambres à coucher confortables, une salle de bain fonctionnelle et une cuisine indépendante. Caractéristiques REF.: 56418 Etage: 1 Libre: Oui Catégorie: Moyen standing Frais Prix: 150 000 DT Echéance crédit: DT 2.646 / mois Calculer l'échéancier À proximité Transport public Bizerte 90 m La Pêcherie 2,9 Km Bizerte 430 m Transport public 860 m Ecole Ecole Jean Giono 100 m Lycée jeune fille de Bizerte 200 m Lycée Farhat Hached 480 m Lycée Hedi Chaker 490 m École Militaire des Sous-Officiers 510 m Pharmacie Pharmacie Feu Hamadi Terrasse 420 m Pharmacie Othman Baktache 420 m Pharmacie Hinda Karoui Turki 700 m Pharmacie Laroussa 1,1 Km Pharmacie De nuit 1,1 Km Hôpital Hôpital Militaire de Bizerte 660 m Hôpital régional Habib Bougatfa 740 m Unité De Diagnostic Anténatal UDANB 890 m Commerce Société Carthage Distribution "" SCD "" 360 m Monoprix 450 m Carrefour Express 640 m Carrefour 1,1 Km Carrefour Market 1,8 Km Boutique Proxi 230 m Frip 860 m Bar The Palm Garden Bar 1,7 Km Restaurant Restaurants 130 m Di Napoli Pizzeria 370 m Pizaria Pasta Posta 640 m Jendoubi 670 m The Garage 670 m Afficher tout Augmenter © OpenMapTiles | © OpenStreetMap contributors Autres biens proposés par l'agence 150 000 DT S+1 en vente Bizerte Nord - Bizerte 1 pièce 51 m² Nous contacter Nom* Prénom* E-mail* Téléphone* Message Conformément à la loi organique portant sur la protection des données à caractère personnel n° 2004-63 du 27 juillet 2004  [ Lire ] Accord pour les activités de Marketing Envoyer Propriété proposée par: Affilié: Corniche Real Estate  Sarl Route de la Corniche , 7000 7000 Bizerte Nord (BZ) Route de la Corniche , 7000 7000 Bizerte Nord (BZ) contact.bz1@tecnocasa.tn +21626888116 +21626 888 533 Facebook contact.bz1@tecnocasa.tn Téléphone +21626 888 533 Facebook Site de l'agence Vendre un bien immobilier Plus d'informations Calculer l'itinéraire Agence Qui sommes-nous? Nos points forts Dans le monde Travaillez avec nous Siège national tecnocasa.tn Tecnocasa Dans le monde Italie , Espagne , Hongrie , Mexique , Pologne , France , Allemagne , Tunisie , Thaïlande , République de Saint-Marin Zone Affiliés 2026 
                 
                ""Siege Master Franchise Tunisie"" Tecno Real Estate
                  - 72, Avenue Mouaouia Ibn Abi ",2026-09-14T20:05:27
tecnocasa_48999_html,tecnocasa,https://www.tecnocasa.tn/vendre/appartement/bizerte/bizerte/48999.html,vente,appartement,Duplex en vente,Bizerte,,6173.0,200.0,2,2,,,False,False,False,False,False,False,"Annonces maisons et appartements à vendre et à louer - Tecnocasa.tn Immobilier Professionnel Evaluer mon bien Chercher une agence Se connecter Accueil Immobilier Professionnel Evaluer mon bien Chercher une agence Se connecter Accueil Appartement en vente Appartement Bizerte Bizerte Nord Bizerte Duplex en vente Video visite 360° Photos Plan Map +3 Duplex en vente Bizerte Nord - Bizerte REF: 48999 Demandez un crédit immobilier 6.173 DT par mois > 350 000 DT 4 pièces 200 m² presse pdf Duplex en vente Bizerte Nord - Bizerte 4 pièces 200 m² 350 000 DT Nous contacter Description Ce duplex situé ou centre-ville occupe le premier étage Proche de tout commerce et commodité. Il est érigé sur deux niveaux. Le hall d’entrée dessert la pièce de vie. Cette pièce de réception jouit de la luminosité naturelle grâce à son ouverture sur un balcon. La cuisine est spacieuse. La partie nuit loge trois chambres à coucher dont un est occupé par un balcon, elles se partagent une salle de bain commune. Ce duplex est complété par une terrasse et une cuisine d’extérieur. Caractéristiques REF.: 48999 Libre: Oui Catégorie: Ancien Année de construction: 2005 Frais Prix: 350 000 DT Echéance crédit: DT 6.173 / mois Calculer l'échéancier À proximité Transport public Bizerte 420 m Transport public 530 m Bizerte 770 m Ecole Lycée jeune fille de Bizerte 170 m Ecole Jean Giono 290 m Lycée Hedi Chaker 360 m Lycée Farhat Hached 490 m École Militaire des Sous-Officiers 630 m Pharmacie Pharmacie Othman Baktache 70 m Pharmacie Feu Hamadi Terrasse 110 m Pharmacie Hinda Karoui Turki 390 m Pharmacie De nuit 710 m Pharmacie Laroussa 1,4 Km Hôpital Hôpital Militaire de Bizerte 790 m Unité De Diagnostic Anténatal UDANB 870 m Hôpital régional Habib Bougatfa 950 m Commerce Monoprix 130 m Carrefour Express 350 m Société Carthage Distribution "" SCD "" 610 m Carrefour 710 m Carrefour Market 1,8 Km Boutique Proxi 390 m Frip 1,2 Km Bar The Palm Garden Bar 1,4 Km Restaurant Di Napoli Pizzeria 150 m Restaurants 250 m Pizaria Pasta Posta 300 m Jendoubi 330 m Mohamed Hadi Lablabi 510 m Afficher tout Augmenter © OpenMapTiles | © OpenStreetMap contributors Autres biens proposés par l'agence 375 000 DT S+2 en vente Bizerte Nord - Bizerte 3 pièces 153 m² 290 000 DT Terrain habitation ind. en vente Bizerte Nord - Bizerte 246 m² 350 000 DT Maison jumelée en vente Bizerte Nord - Bizerte 251 m² Nous contacter Nom* Prénom* E-mail* Téléphone* Message Conformément à la loi organique portant sur la protection des données à caractère personnel n° 2004-63 du 27 juillet 2004  [ Lire ] Accord pour les activités de Marketing Envoyer Propriété proposée par: Affilié: Corniche Real Estate  Sarl Route de la Corniche , 7000 7000 Bizerte Nord (BZ) Route de la Corniche , 7000 7000 Bizerte Nord (BZ) contact.bz1@tecnocasa.tn +21626888116 +21626 888 533 Facebook contact.bz1@tecnocasa.tn Téléphone +21626 888 533 Facebook Site de l'agence Vendre un bien immobilier Plus d'informations Calculer l'itinéraire Agence Qui sommes-nous? Nos ",2026-09-14T20:05:31
tecnocasa_55190_html,tecnocasa,https://www.tecnocasa.tn/vendre/appartement/cap-bon/nabeul/55190.html,vente,appartement,S+2 en vente,Nabeul,Nabeul Centre-Ville,3704.0,174.0,2,2,,,False,False,False,False,False,False,"Annonces maisons et appartements à vendre et à louer - Tecnocasa.tn Immobilier Professionnel Evaluer mon bien Chercher une agence Se connecter Accueil Immobilier Professionnel Evaluer mon bien Chercher une agence Se connecter Accueil Appartement en vente Appartement Cap Bon Nabeul Nabeul Centre-Ville S+2 en vente Video visite 360° Photos Plan Map +12 S+2 en vente Nabeul - Nabeul Centre-Ville REF: 55190 Demandez un crédit immobilier 3.704 DT par mois > 210 000 DT 230 000 DT (-9%) 3 pièces 174 m² presse pdf S+2 en vente Nabeul - Nabeul Centre-Ville 3 pièces 174 m² 210 000 DT 230 000 DT (-9%) Nous contacter Description Ce bungalow s+2 de 174 m² superficie situé 2 min à la plage. offre un cadre de vie agréable et confortable. Il dispose d’une terrasse de 95 m² , parfaite pour se relaxer ou partager des moments agréables en plein air. La partie nuit comprend deux chambres à coucher , idéales pour un espace intime et reposant. Une cuisine indépendante est entièrement équipée. Vous trouverez une salle de douche, ainsi qu’un point d’eau pratique. Caractéristiques REF.: 55190 Etage: Terre Libre: Oui Catégorie: Ancien Année de construction: 2000 Frais Prix: 210 000 DT Echéance crédit: DT 3.704 / mois Calculer l'échéancier À proximité Transport public Nabeul 1,7 Km La Foire 1,2 Km Transport public 1,6 Km Ecole Lycée Dar Chaaben el Fehri 800 m lycée Dar Chaabane el Fehri 820 m L'Ocean 860 m Ecole Primaire L'Idéale 910 m Lycée Mahmoud El Mesaadi 1,0 Km Pharmacie Pharmacie Rym Abderrazek 1,2 Km Pharmacie Sabeur Karma 1,3 Km Pharmacie Aida Aouinti 1,3 Km Pharmacie Fatma Guiga 1,4 Km Pharmacie Amine Salah 1,6 Km Hôpital Immeuble City Center 1,6 Km Hôpital de Nabeul 2,1 Km CSB 2,5 Km Hôpital Municipal Dar Chaabane Al Fehri 2,5 Km Commerce Anouar 350 m Magasin Salama 760 m El Anwar Market 1,1 Km Epicerie Tarek 1,1 Km Epicerie Samira 1,1 Km Boutique Epicerie fine 960 m El Firma 1,0 Km Boulangerie Belhadj 1,0 Km Farouche 1,3 Km Le Mirage 1,3 Km Bar Hôtel Caribbean World Nabeul 730 m Panorama 960 m After work 1,0 Km Pinky Bistro 1,7 Km Jus de fruits frais Nabeul 1,9 Km Restaurant Veni Vidi Vici 530 m Buvette Yara 560 m Marina Beach 590 m La Fontaine 770 m La Rotonde 850 m Afficher tout Autres caractéristiques Terrasse Entrée indépendante Gardien Descriptif des locaux: Cuisine Avec un coin repas Salle De Bain Avec une fenêtre Chambres / Pièces Chambre à coucher Augmenter © OpenMapTiles | © OpenStreetMap contributors Autres biens proposés par l'agence 250 000 DT S+3 en vente Nabeul - Nabeul Centre-Ville 4 pièces 180 m² 245 000 DT Maison jumelée en vente Nabeul - Nabeul Centre-Ville 4 pièces 140 m² 250 000 DT Villa en bande en vente Nabeul - Nabeul Centre-Ville 150 m² 240 000 DT S+2 en vente Nabeul - Nabeul Centre-Ville 2 pièces 150 m² Nous contacter Nom* Prénom* E-mail* Téléphone* Message Conformément à la loi organique portant sur la protection des données à caractère personnel n° 2004-63 du 27 juillet 2004  [ Lire ] Accord pour les activités de Marketing Envoyer Prop",2026-09-14T20:05:35
tecnocasa_65184_html,tecnocasa,https://www.tecnocasa.tn/vendre/appartement/cap-bon/kelibia/65184.html,vente,appartement,S+2 en vente,"Kélibia, Rue Victor Hugo",,8555.0,123.0,2,2,,rez-de-chaussée,True,False,True,True,False,False,"Annonces maisons et appartements à vendre et à louer - Tecnocasa.tn Immobilier Professionnel Evaluer mon bien Chercher une agence Se connecter Accueil Immobilier Professionnel Evaluer mon bien Chercher une agence Se connecter Accueil Appartement en vente Appartement Cap Bon Kélibia Kélibia S+2 en vente Video visite 360° Photos Plan Map +10 S+2 en vente Kélibia, Rue Victor Hugo REF: 65184 Demandez un crédit immobilier 8.555 DT par mois > 485 000 DT 3 pièces 123 m² presse pdf S+2 en vente Kélibia, Rue Victor Hugo 3 pièces 123 m² 485 000 DT Nous contacter Description À vendre à Mansourah Kélibia, un appartement S+2 en rez-de-chaussée avec jardin privé , idéalement situé à proximité immédiate de la plage , dans un environnement résidentiel calme et recherché. D'une superficie de 100 m², ce bien se distingue par un agencement fonctionnel comprenant un salon lumineux, une cuisine ouverte équipée , une salle d'eau moderne ainsi qu'une chambre avec dressing. La résidence, en cours de construction , propose des prestations de haut standing , incluant ascenseur , abri de voiture et piscine rooftop offrant une agréable vue mer sur la zone touristique de Kélibia. Ce bien constitue une excellente opportunité, aussi bien pour une résidence secondaire que pour un investissement immobilier , grâce à son emplacement stratégique et son fort potentiel de rendement locatif . Caractéristiques REF.: 65184 Etage: 1 (étage terre) Conditionnement: Autnome (Climatisation Split) Libre: Non Catégorie: Haut standing Année de construction: 2026 Frais Prix: 485 000 DT Echéance crédit: DT 8.555 / mois Calculer l'échéancier À proximité Ecole Écoles 880 m Centre Sectoriel de Formation Professionnelle en Mécanique Navale de Kelibia 1,4 Km École de port 1,5 Km ạlmdrsẗ ạlạbtdạỷyẗ ạlạnṭlạq ḥy ạsmr 1,8 Km Lycée secondaires Abdel Aziz Khouja 2,0 Km Pharmacie Siliti 2,2 Km Pharmacie Ben Rhouma 2,5 Km ṣydlyẗ ạllyl 2,7 Km Ben Naceur 2,7 Km ṣydlyẗ bn ḥdyd 2,8 Km Hôpital Hopital de kélibia 2,9 Km Commerce Samoud Arafet 1,5 Km MG Proxi Kélibia 2,4 Km Aziza 2,7 Km Carrefour expres 2,8 Km bonus 2,8 Km Boutique Madame Najjar 1,9 Km mkẖbzẗ ạlmjyd 2,2 Km mkẖbzẗ ạlsẖwạrf 2,6 Km So Sweet 2,8 Km Maha Mode 2,8 Km Bar Chez Zak 1,5 Km El Borj 2,3 Km Restaurant Restaurant Jammoulti 250 m Restaurant Bar Monaco Bay 310 m La Sirène 410 m El Mansourah 420 m Restaurant El Mansourah 420 m Afficher tout Autres caractéristiques Descriptif des locaux: Cuisine Avec un coin repas Salle De Bain Avec une fenêtre Chambres / Pièces Chambre à coucher Augmenter © OpenMapTiles | © OpenStreetMap contributors Autres biens proposés par l'agence 510 000 DT Villa inachevée en vente Kélibia, Rue Stockholm 3 pièces 109 m² 575 000 DT S+3 en vente Kélibia, Av de la mansoura 4 pièces 158 m² Nous contacter Nom* Prénom* E-mail* Téléphone* Message Conformément à la loi organique portant sur la protection des données à caractère personnel n° 2004-63 du 27 juillet 2004  [ Lire ] Accord pour les activités de Marketing Envoyer Propriété ",2026-09-14T20:05:41
tecnocasa_69637_html,tecnocasa,https://www.tecnocasa.tn/vendre/appartement/cap-bon/nabeul/69637.html,vente,appartement,S+3 en vente,Nabeul,Nabeul Centre-Ville,6350.0,110.0,3,3,,,False,False,False,True,True,False,"Annonces maisons et appartements à vendre et à louer - Tecnocasa.tn Immobilier Professionnel Evaluer mon bien Chercher une agence Se connecter Accueil Immobilier Professionnel Evaluer mon bien Chercher une agence Se connecter Accueil Appartement en vente Appartement Cap Bon Nabeul Nabeul Centre-Ville S+3 en vente Video visite 360° Photos Plan Map +16 S+3 en vente Nabeul - Nabeul Centre-Ville REF: 69637 Demandez un crédit immobilier 6.350 DT par mois > 360 000 DT 3 pièces 110 m² presse pdf S+3 en vente Nabeul - Nabeul Centre-Ville 3 pièces 110 m² 360 000 DT Nous contacter Description Cet appartement S+3 sis dans une résidence à l'AFH1 rénové en 2022 séduit par son haut standing et ses prestations modernes . Le salon spacieux, équipé de climatiseur et chauffage central. s’ouvre sur une salle à manger conviviale et bénéficie d’une vue totalement dégagée. La partie nuit comprend trois chambres lumineuses, chacune dotée de placards encastrés , offrant confort et praticité au quotidien. La salle d’eau est aménagée avec une douche à l’italienne, alliant élégance et fonctionnalité. Ce bien garantit une acquisition sécurisée et représente une opportunité rare pour ceux qui recherchent espace, modernité et qualité de vie. Caractéristiques REF.: 69637 Etage: 2 (étage moyen) Conditionnement: Autnome Chauffage: Centrale Libre: Oui Catégorie: Haut standing Afficher tout Frais Prix: 360 000 DT Echéance crédit: DT 6.350 / mois Calculer l'échéancier À proximité Transport public Nabeul 840 m Transport public 480 m Nabeul centre 560 m Ecole Ecole Primaire 160 m Institut Supérieur des Langues de Nabeul 420 m Elite-formation 420 m ḥḍạnẗ 620 m Lycée L'excellence 640 m Pharmacie Pharmacie Lassoued 450 m Pharmacie Gasti 510 m Pharmacie Ladhib 560 m Pharmacie de nuit 660 m Pharmacie Abida 780 m Hôpital Immeuble City Center 840 m Hôpital de Nabeul 860 m Clinique El Amen 1,1 Km CSB 2,9 Km Hôpital Municipal Dar Chaabane Al Fehri 3,0 Km Commerce Anouar Market 140 m Karim superette 370 m Supérette 450 m Royal market 500 m Unimarket 560 m Boutique El Behi 230 m L'exception 230 m Royal Fripe 260 m Oxido 390 m Maximo Donati 400 m Bar Seven Swag 250 m Il Forno 270 m Popeye Lounge 290 m Java Café 390 m Gaïa 420 m Restaurant Crespella 90 m Ninety's food 240 m Gustami 250 m Sam's Burger 280 m Box Food 350 m Afficher tout Autres caractéristiques Balcon Plafond Descriptif des locaux: Cuisine Avec un coin repas Salle De Bain Avec une fenêtre Chambres / Pièces Chambre à coucher Chambres / Pièces Salon Chambres / Pièces Chambre d'enfants Autres Locaux Placard Augmenter © OpenMapTiles | © OpenStreetMap contributors Autres biens proposés par l'agence 300 000 DT 315 000 DT (-5%) S+2 en vente Nabeul, Rue lido - Nabeul Centre-Ville 3 pièces 117 m² 320 000 DT S+2 en vente Nabeul - Nabeul Centre-Ville 3 pièces 137 m² 400 000 DT S+2 en vente Nabeul - Nabeul Centre-Ville 3 pièces 120 m² 410 000 DT S+2 en vente Nabeul - Nabeul Centre-Ville 3 pièces 120 m² 400 000 DT S+2 en vente Nabeul - Nabeul Ce",2026-09-14T20:05:46
tecnocasa_44426_html,tecnocasa,https://www.tecnocasa.tn/vendre/appartement/cap-bon/nabeul/44426.html,vente,appartement,S+2 en vente,"Nabeul, Rue lido",Nabeul Centre-Ville,5292.0,117.0,2,2,,,False,True,True,False,False,False,"Annonces maisons et appartements à vendre et à louer - Tecnocasa.tn Immobilier Professionnel Evaluer mon bien Chercher une agence Se connecter Accueil Immobilier Professionnel Evaluer mon bien Chercher une agence Se connecter Accueil Appartement en vente Appartement Cap Bon Nabeul Nabeul Centre-Ville S+2 en vente Video visite 360° Photos Plan Map +8 S+2 en vente Nabeul, Rue lido - Nabeul Centre-Ville REF: 44426 Demandez un crédit immobilier 5.292 DT par mois > 300 000 DT 315 000 DT (-5%) 3 pièces 117 m² presse pdf S+2 en vente Nabeul, Rue lido - Nabeul Centre-Ville 3 pièces 117 m² 300 000 DT 315 000 DT (-5%) Nous contacter Description C'est un appartement S+2 de 117 m² , offrant une vue imprenable sur la piscine , est situé dans une résidence équipée d'une salle de sport , de restaurants , et d'une garderie pour les enfants. Il se compose d'un salon et d'une salle à manger baignés de lumière naturelle , grâce à un grand balcon . La cuisine indépendante est entièrement équipée avec de nombreux rangements et un séchoir. L'espace nuit comprend une suite parentale avec placard intégré, ainsi qu' une chambre supplémentaire dotée également d'un placard. Une salle d'eau moderne complète cet espace. Pour plus de confort, une place de parking en garage est disponible au sein de la résidence. Caractéristiques REF.: 44426 Etage: 1 (étage moyen) Conditionnement: Centralisée Chauffage: Centrale Libre: Oui Catégorie: Moyen standing Afficher tout Frais Prix: 300 000 DT Echéance crédit: DT 5.292 / mois Calculer l'échéancier À proximité Transport public Nabeul 1,8 Km La Foire 1,3 Km Transport public 1,6 Km Ecole Lycée Dar Chaaben el Fehri 840 m lycée Dar Chaabane el Fehri 850 m Ecole Primaire L'Idéale 920 m L'Ocean 920 m mdrsẗ ạbtdạỷyẗ 1,1 Km Pharmacie Pharmacie Rym Abderrazek 1,3 Km Pharmacie Aida Aouinti 1,3 Km Pharmacie Sabeur Karma 1,3 Km Pharmacie Fatma Guiga 1,5 Km Pharmacie Amine Salah 1,7 Km Hôpital Immeuble City Center 1,7 Km Hôpital de Nabeul 2,2 Km CSB 2,5 Km Hôpital Municipal Dar Chaabane Al Fehri 2,5 Km Commerce Anouar 460 m Magasin Salama 850 m Epicerie Samira 1,1 Km El Anwar Market 1,1 Km Epicerie Tarek 1,1 Km Boutique Epicerie fine 990 m El Firma 1,0 Km Boulangerie Belhadj 1,1 Km Motif Center 1,3 Km Sté Les Amis 1,3 Km Bar Hôtel Caribbean World Nabeul 830 m Panorama 1,1 Km After work 1,2 Km Pinky Bistro 1,8 Km Jus de fruits frais Nabeul 2,0 Km Restaurant Veni Vidi Vici 640 m Buvette Yara 660 m Marina Beach 680 m Restaurant Abou Ahmad 870 m La Fontaine 880 m Afficher tout Autres caractéristiques Balcon Escalier extérieure Interphone Descriptif des locaux: Cuisine Cuisine équipée Salle De Bain Avec une fenêtre Salle De Bain Salle D'eau Chambres / Pièces Salon Chambres / Pièces Salle à manger Chambres / Pièces Chambre à coucher Chambres / Pièces Suite parentale Augmenter © OpenMapTiles | © OpenStreetMap contributors Autres biens proposés par l'agence 360 000 DT S+3 en vente Nabeul - Nabeul Centre-Ville 3 pièces 110 m² 320 000 DT S+2 en vente Nabeul -",2026-09-14T20:05:52
tecnocasa_69328_html,tecnocasa,https://www.tecnocasa.tn/vendre/appartement/cap-bon/hammamet/69328.html,vente,appartement,S+2 en vente,"Hammamet, Zone sultan",Hammamet Nord,10583.0,189.0,2,2,,rez-de-chaussée,False,False,True,True,True,False,"Annonces maisons et appartements à vendre et à louer - Tecnocasa.tn Immobilier Professionnel Evaluer mon bien Chercher une agence Se connecter Accueil Immobilier Professionnel Evaluer mon bien Chercher une agence Se connecter Accueil Appartement en vente Appartement Cap Bon Hammamet Hammamet Nord S+2 en vente Video visite 360° Photos Plan Map +20 S+2 en vente Hammamet, Zone sultan - Hammamet Nord REF: 69328 Demandez un crédit immobilier 10.583 DT par mois > 600 000 DT 2 pièces 189 m² presse pdf S+2 en vente Hammamet, Zone sultan - Hammamet Nord 2 pièces 189 m² 600 000 DT Nous contacter Description Cet appartement indépendant occupe le rez-de-chaussée d’un immeuble récemment construit, idéalement situé dans la zone touristique de Hammamet Nord, à proximité de la plage et de l’hôtel Sultan. Orienté plein sud, il bénéficie d’une excellente luminosité et dispose d’une piscine privée . Dès l’entrée, un hall dessert un salon spacieux et lumineux, ouvrant sur une terrasse donnant sur la piscine. La cuisine, de style américain, est aménagée et équipée d’une plaque de cuisson, d’une hotte aspirante et d’un four électrique. La partie nuit se compose de deux chambres à coucher. L’une est équipée d’un placard de rangement , tandis que l’autre bénéficie d’un accès direct à l’extérieur. Les deux chambres se partagent une salle de douche. Pour un confort optimal, l’appartement est doté du chauffage central et de la climatisation en système split . Un abri pour voiture complète les prestations de ce bien. Caractéristiques REF.: 69328 Etage: Terre Conditionnement: Autnome (Climatisation Split) Chauffage: Centrale Libre: Oui Catégorie: Haut standing Afficher tout Frais Prix: 600 000 DT Echéance crédit: DT 10.583 / mois Frais annuels: 0 DT Calculer l'échéancier À proximité Transport public Omar Khayem 2,4 Km Omar Khayem 2,4 Km Ecole Collège Hedi Ouali 1,7 Km Collège Hédi Ouali 1,7 Km Ecole Primaire Ettahrir 2,4 Km Pharmacie Pharmacie BOUAOUINA Mohamed Aymen 880 m Pharmacie Slaheddine Bouslama 910 m Pharmacie Derbel 1,3 Km Pharmacie Hedi Ayed 1,7 Km Pharmacie Drira 1,9 Km Commerce Carrefour Market 740 m SuperMarket Marwen 990 m Superette Romene 1,4 Km Anouar Market 1,5 Km Pescheria Dy Golfe 2,0 Km Boutique mkẖbzẗ ạlnjạḥ 1,4 Km Hamadi Abid Hammamet 1,7 Km Fashion Shoes 2,1 Km Epicerie Ali Haouel 2,2 Km ZEN 2,2 Km Bar Café 480 m Hotel beach drinks hut 2,4 Km La Playa Lounge 2,7 Km Puput le Beach 2,8 Km Pupput le bar 2,9 Km Restaurant LE MINI GOLF, CHEZ DINO 390 m Restaurants 470 m Black and White 1,8 Km Le Sultan 1,8 Km Traviata 1,9 Km Afficher tout Autres caractéristiques Terrasse Descriptif des locaux: Cuisine Cuisine équipée Salle De Bain Avec une fenêtre Augmenter © OpenMapTiles | © OpenStreetMap contributors Autres biens proposés par l'agence 520 000 DT S+2 en vente Hammamet, Résidence Florida - Hammamet Nord 3 pièces 140 m² 579 323 DT S+2 en vente Hammamet, Rue kharouba - Hammamet Nord 3 pièces 175 m² 516 997 DT S+2 en vente Hammamet, Rue kharouba - Hammamet Nor",2026-09-14T20:06:00
tecnocasa_56365_html,tecnocasa,https://www.tecnocasa.tn/vendre/appartement/cap-bon/nabeul/56365.html,vente,appartement,S+3 en vente,Nabeul,Nabeul Centre-Ville,9878.0,304.0,3,3,,,True,False,False,True,True,False,"Annonces maisons et appartements à vendre et à louer - Tecnocasa.tn Immobilier Professionnel Evaluer mon bien Chercher une agence Se connecter Accueil Immobilier Professionnel Evaluer mon bien Chercher une agence Se connecter Accueil Appartement en vente Appartement Cap Bon Nabeul Nabeul Centre-Ville S+3 en vente Video visite 360° Photos Plan Map +18 S+3 en vente Nabeul - Nabeul Centre-Ville REF: 56365 Demandez un crédit immobilier 9.878 DT par mois > 560 000 DT 4 pièces 304 m² presse pdf S+3 en vente Nabeul - Nabeul Centre-Ville 4 pièces 304 m² 560 000 DT Nous contacter Description Situé au dernier étage d’une résidence avec ascenseur, ce splendide penthouse en S+3 , à l'avenu Taieb Mhiri Nabeul , offre un cadre de vie d’exception. À l'entrée, un hall de réception spacieux vous accueille. Le double salon, lumineux et convivial, donne sur un balcon avec une vue dégagée , idéale pour profiter des moments de détente en extérieur. La cuisine, entièrement équipée et aménagée , est accompagnée d’un séchoir pratique. La partie nuit se compose d’une suite parentale avec son dressing et sa salle de bain privative , ainsi elle est ouvert sur une terrasse vue sur mer. Deux autres chambres à coucher , spacieuses et confortables, se partagent une salle de douche moderne. le penthouse est équipé de la climatisation et du chauffage central pour un confort optimal en toutes saisons. Caractéristiques REF.: 56365 Etage: 4 (étage elevé) Conditionnement: Autnome (Climatisation Split) Chauffage: Centrale (Climatisation Split) Libre: Oui Catégorie: Haut standing Afficher tout Frais Prix: 560 000 DT Echéance crédit: DT 9.878 / mois Calculer l'échéancier À proximité Transport public Nabeul 780 m La Foire 250 m La Jarre 800 m Ecole Centre de formation touristique de Nabeul 80 m Lycée Mahmoud El Mesaadi 390 m Lycée Ali Belhouane 620 m L'Ocean 780 m Centre de formation oxygène 910 m Pharmacie Pharmacie Rym Abderrazek 680 m Pharmacie Amine Salah 780 m Pharmacie Sabeur Karma 880 m Pharmacie Mouna Miled Boughzela 960 m Pharmacie Boughzala 970 m Hôpital Immeuble City Center 730 m Hôpital de Nabeul 1,2 Km Clinique El Amen 2,4 Km CSB 2,5 Km Hôpital Municipal Dar Chaabane Al Fehri 2,5 Km Commerce Magro 310 m Monoprix 400 m Magasin Salama 420 m Daily Shop 510 m Anouar 650 m Boutique Farouche 260 m Le Mirage 270 m ZEN 290 m Magasins 390 m Baby Star 410 m Bar Panorama 350 m After work 370 m Hôtel Caribbean World Nabeul 560 m Pinky Bistro 690 m Jus de fruits frais Nabeul 1,1 Km Restaurant Gourmandise Nabeul 370 m Licosa 430 m La Corniche 440 m Pacha Drink & Food 480 m La Rotonde 490 m Afficher tout Autres caractéristiques Balcon Descriptif des locaux: Cuisine Cuisine équipée Salle De Bain Avec une fenêtre Chambres / Pièces Suite parentale Chambres / Pièces Chambre à coucher Augmenter © OpenMapTiles | © OpenStreetMap contributors Autres biens proposés par l'agence 550 000 DT 650 000 DT (-16%) Villa jumelée en vente Nabeul - Nabeul Centre-Ville 3 pièces 380 m² 590 000 DT 660 000 DT (-",2026-09-14T20:06:04
tecnocasa_70150_html,tecnocasa,https://www.tecnocasa.tn/vendre/appartement/cap-bon/kelibia/70150.html,vente,appartement,S+2 en vente,"Kélibia, Sidi mansoure",,6738.0,169.0,2,2,,,True,True,True,False,False,False,"Annonces maisons et appartements à vendre et à louer - Tecnocasa.tn Immobilier Professionnel Evaluer mon bien Chercher une agence Se connecter Accueil Immobilier Professionnel Evaluer mon bien Chercher une agence Se connecter Accueil Appartement en vente Appartement Cap Bon Kélibia Kélibia S+2 en vente Video visite 360° Photos Plan Map +15 S+2 en vente Kélibia, Sidi mansoure REF: 70150 Demandez un crédit immobilier 6.738 DT par mois > 382 000 DT 169 m² presse pdf S+2 en vente Kélibia, Sidi mansoure 169 m² 382 000 DT Nous contacter Description Tecnocasa Kélibia vous propose à la vente un appartement S+2 , situé au sein d’un nouveau projet résidentiel moderne en cours de construction , bénéficiant d’un emplacement privilégié en première position de la plage de Sidi Mansour à Kélibia , dans une zone à forte attractivité touristique . La résidence se compose de quatre blocs modernes et propose des appartements de typologies S+1 et S+2 . Elle offre un cadre de vie agréable grâce à des prestations pensées pour le confort et la praticité, notamment une piscine , des ascenseurs ainsi qu’un syndic . Une place de parking est également disponible au prix de 25 MDT . Grâce à sa proximité immédiate de la mer et à son emplacement stratégique, ce projet représente une excellente opportunité pour les investisseurs à la recherche d’une forte rentabilité locative , notamment à travers la location saisonnière , ainsi que pour les acquéreurs souhaitant acquérir une résidence secondaire à Kélibia pour profiter pleinement de leurs vacances. Alliant architecture moderne , proximité de la plage , confort et potentiel de valorisation , ce projet constitue une opportunité immobilière idéale pour conjuguer plaisir, investissement et qualité de vie . Caractéristiques REF.: 70150 Ascenseur: Oui Libre: Oui Catégorie: Haut standing Année de construction: 2026 Frais Prix: 382 000 DT Echéance crédit: DT 6.738 / mois Calculer l'échéancier À proximité Ecole Écoles 2,3 Km ạlmdrsẗ ạlạbtdạỷyẗ ạlạnṭlạq ḥy ạsmr 2,5 Km Lycée Secondaire de Bourguiba 2,6 Km Restaurant Le Marin 1,3 Km Palm Beach Kelibia 1,8 Km L'Opéra 1,8 Km La Sirène 1,8 Km El Mansourah 1,9 Km Afficher tout Autres caractéristiques Ascenseur Réception Descriptif des locaux: Chambres / Pièces Chambre à coucher Augmenter © OpenMapTiles | © OpenStreetMap contributors Autres biens proposés par l'agence Nous contacter Nom* Prénom* E-mail* Téléphone* Message Conformément à la loi organique portant sur la protection des données à caractère personnel n° 2004-63 du 27 juillet 2004  [ Lire ] Accord pour les activités de Marketing Envoyer Propriété proposée par: Affilié: Eleven O Nine Real Estate  Sarl Avenue De l'Environnement N°02, 8090 8090 Kélibia (NB) Avenue De l'Environnement N°02, 8090 8090 Kélibia (NB) contact.klb@tecnocasa.tn +21628800424 +21628800424 Facebook contact.klb@tecnocasa.tn Téléphone +21628800424 Facebook Site de l'agence Vendre un bien immobilier Plus d'informations Calculer l'itinéraire Notre équipe Iheb Ben Hou",2026-09-14T20:06:10
tecnocasa_66104_html,tecnocasa,https://www.tecnocasa.tn/vendre/appartement/cap-bon/nabeul/66104.html,vente,appartement,S+2 en vente,Nabeul,Nabeul Centre-Ville,5644.0,137.0,2,2,,,False,True,False,False,False,False,"Annonces maisons et appartements à vendre et à louer - Tecnocasa.tn Immobilier Professionnel Evaluer mon bien Chercher une agence Se connecter Accueil Immobilier Professionnel Evaluer mon bien Chercher une agence Se connecter Accueil Appartement en vente Appartement Cap Bon Nabeul Nabeul Centre-Ville S+2 en vente Video visite 360° Photos Plan Map +7 S+2 en vente Nabeul - Nabeul Centre-Ville REF: 66104 Demandez un crédit immobilier 5.644 DT par mois > 320 000 DT 3 pièces 137 m² presse pdf S+2 en vente Nabeul - Nabeul Centre-Ville 3 pièces 137 m² 320 000 DT Nous contacter Description Situé au deuxième étage d’un immeuble R+2 construit en 2013 dans la zone résidentielle de Jinen Béni Khiar , Cet appartement S+2 de 137 m² superficie se distingue par son agencement fonctionnel et ses prestations de qualité. Chaque étage de l’immeuble comprend seulement deux appartements , garantissant un cadre de vie calme et agréable. Le bien dispose d’une place de parking en sous-sol ainsi qu’un cellier pour plus de praticité. À l’intérieur, on retrouve une cuisine indépendante. une salle de douche moderne. ainsi que deux chambres à coucher lumineuses. L’atout majeur de cet appartement réside dans sa grande terrasse avec vue sur la mer Caractéristiques REF.: 66104 Etage: 2 (étage moyen) Conditionnement: Autnome Chauffage: Centrale Libre: Oui Catégorie: Haut standing Afficher tout Frais Prix: 320 000 DT Echéance crédit: DT 5.644 / mois Calculer l'échéancier À proximité Transport public Transport public 3,0 Km Ecole École primaire Tahar Hadded 1,2 Km Al Manar School 1,7 Km mdrsẗ ạlsẖạby 2,0 Km Ecole Riadh 2,3 Km L'Idéale 2,3 Km Pharmacie Pharmacie Zouaoui 1,2 Km Pharmacie de nuit Béni Khiar 1,4 Km Pharmacie Phytotherapie 1,6 Km Pharmacie Principale 1,8 Km Pharmacie Menchya 2,1 Km Hôpital Hôpitaux 2,9 Km Commerce Al Maraii 1,1 Km Proxy Market 1,1 Km Anouar Market 1,3 Km Superette Cici 1,6 Km Superette Maher 1,6 Km Boutique Soltana 1,3 Km Darin 1,3 Km Yassine Shoes 1,5 Km Nawel Haute Couture 1,5 Km Pâtisserie Bel Hadj 2,1 Km Bar Noura Benmahmoud 2,5 Km Restaurant La Pampa 690 m Chez Monji 1,6 Km Le Petit Pêcheur 1,6 Km Le Peuple 1,7 Km Madame Ezzine 2,2 Km Afficher tout Autres caractéristiques Terrasse Plafond Place de parking Descriptif des locaux: Cuisine Cuisine équipée Salle De Bain Avec une fenêtre Chambres / Pièces Chambre à coucher Chambres / Pièces Chambre d'enfants Chambres / Pièces Salon Autres Locaux Placard Autres Locaux Cellier Autres Locaux Escalier Augmenter © OpenMapTiles | © OpenStreetMap contributors Autres biens proposés par l'agence 360 000 DT S+3 en vente Nabeul - Nabeul Centre-Ville 3 pièces 110 m² 300 000 DT 315 000 DT (-5%) S+2 en vente Nabeul, Rue lido - Nabeul Centre-Ville 3 pièces 117 m² 270 000 DT 295 000 DT (-9%) S+2 en vente Nabeul - Nabeul Centre-Ville 3 pièces 100 m² 375 000 DT Maison jumelée en vente Nabeul - Nabeul Centre-Ville 167 m² 318 000 DT Maison jumelée en vente Nabeul - Nabeul Centre-Ville 145 m² Nous contacter Nom* Prénom* E-ma",2026-09-14T20:06:15
tecnocasa_61216_html,tecnocasa,https://www.tecnocasa.tn/vendre/appartement/cap-bon/nabeul/61216.html,vente,appartement,S+2 en vente,Nabeul,Nabeul Centre-Ville,7055.0,120.0,2,2,,,True,True,False,True,True,False,"Annonces maisons et appartements à vendre et à louer - Tecnocasa.tn Immobilier Professionnel Evaluer mon bien Chercher une agence Se connecter Accueil Immobilier Professionnel Evaluer mon bien Chercher une agence Se connecter Accueil Appartement en vente Appartement Cap Bon Nabeul Nabeul Centre-Ville S+2 en vente Video visite 360° Photos Plan Map +4 S+2 en vente Nabeul - Nabeul Centre-Ville REF: 61216 Demandez un crédit immobilier 7.055 DT par mois > 400 000 DT 3 pièces 120 m² presse pdf S+2 en vente Nabeul - Nabeul Centre-Ville 3 pièces 120 m² 400 000 DT Nous contacter Description Cet appartement S+2 de 120 m² superficie se situe dans une résidence avec ascenseur , offrant un cadre de vie agréable et moderne. Idéalement situé à proximité de toutes les commodités, il se distingue par des espaces astucieusement conçus. Dès l'entrée, vous serez accueilli par un vaste salon lumineux , aménagé en salle à manger et en espace de vie. Les grandes ouvertures donnant sur le balcon couvert garantissent une abondante luminosité naturelle ainsi une vue imprenable sur mer. La cuisine, entièrement agencée et équipée, comprend une plaque de cuisson, une hotte aspirante et un four électrique. Elle donne également accès à un séchoir pratique pour plus de commodité. La partie nuit se comopse de deux chambre à coucher , chacune dotée d'un dressing. Une salle de bain moderne et fonctionnelle complète cet ensemble. L'appartement est équipé d'une climatisation à système split, d'un chauffage central, une place de parking en sous sol pour un confort optimal tout au long de l'année. Caractéristiques REF.: 61216 Etage: 3 (étage elevé) Conditionnement: Autnome Ascenseur: Oui Chauffage: Centrale Libre: Oui Afficher tout Frais Prix: 400 000 DT Echéance crédit: DT 7.055 / mois Calculer l'échéancier À proximité Transport public Nabeul 780 m La Foire 250 m La Jarre 800 m Ecole Centre de formation touristique de Nabeul 80 m Lycée Mahmoud El Mesaadi 390 m Lycée Ali Belhouane 620 m L'Ocean 780 m Centre de formation oxygène 910 m Pharmacie Pharmacie Rym Abderrazek 680 m Pharmacie Amine Salah 780 m Pharmacie Sabeur Karma 880 m Pharmacie Mouna Miled Boughzela 960 m Pharmacie Boughzala 970 m Hôpital Immeuble City Center 730 m Hôpital de Nabeul 1,2 Km Clinique El Amen 2,4 Km CSB 2,5 Km Hôpital Municipal Dar Chaabane Al Fehri 2,5 Km Commerce Magro 310 m Monoprix 400 m Magasin Salama 420 m Daily Shop 510 m Anouar 650 m Boutique Farouche 260 m Le Mirage 270 m ZEN 290 m Magasins 390 m Baby Star 410 m Bar Panorama 350 m After work 370 m Hôtel Caribbean World Nabeul 560 m Pinky Bistro 690 m Jus de fruits frais Nabeul 1,1 Km Restaurant Gourmandise Nabeul 370 m Licosa 430 m La Corniche 440 m Pacha Drink & Food 480 m La Rotonde 490 m Afficher tout Autres caractéristiques Balcon Ascenseur Descriptif des locaux: Cuisine Avec un coin repas Salle De Bain Avec une fenêtre Chambres / Pièces Chambre à coucher Autres Locaux Placard Augmenter © OpenMapTiles | © OpenStreetMap contributors Autres biens p",2026-09-14T20:06:19
tecnocasa_67831_html,tecnocasa,https://www.tecnocasa.tn/vendre/appartement/cap-bon/nabeul/67831.html,vente,appartement,S+2 en vente,Nabeul,Nabeul Centre-Ville,4233.0,66.0,2,2,,,False,True,False,False,False,False,"Annonces maisons et appartements à vendre et à louer - Tecnocasa.tn Immobilier Professionnel Evaluer mon bien Chercher une agence Se connecter Accueil Immobilier Professionnel Evaluer mon bien Chercher une agence Se connecter Accueil Appartement en vente Appartement Cap Bon Nabeul Nabeul Centre-Ville S+2 en vente Video visite 360° Photos Plan Map +11 S+2 en vente Nabeul - Nabeul Centre-Ville REF: 67831 Demandez un crédit immobilier 4.233 DT par mois > 240 000 DT 3 pièces 66 m² presse pdf S+2 en vente Nabeul - Nabeul Centre-Ville 3 pièces 66 m² 240 000 DT Nous contacter Description Offrez-vous un cadre de vie exceptionnel avec ce bungalow S+2 idéalement situé en face de la mer. Bénéficiant d'une vue imprenable et d'un environnement calme, il est parfait pour les vacances, une résidence principale ou un investissement locatif. Le bungalow se compose d'un salon lumineux ouvert sur une terrasse , de deux chambres confortables , d' une cuisine fonctionnelle et d' une salle de douche . Les espaces extérieurs permettent de profiter pleinement du climat et de la proximité immédiate de la mer. Caractéristiques REF.: 67831 Etage: Terre Libre: Oui Catégorie: Moyen standing Année de construction: 1990 Frais Prix: 240 000 DT Echéance crédit: DT 4.233 / mois Calculer l'échéancier À proximité Transport public Nabeul 1,7 Km La Foire 1,2 Km Transport public 1,7 Km Ecole Lycée Dar Chaaben el Fehri 910 m lycée Dar Chaabane el Fehri 920 m L'Ocean 960 m Ecole Primaire L'Idéale 1,0 Km Lycée Mahmoud El Mesaadi 1,1 Km Pharmacie Pharmacie Rym Abderrazek 1,3 Km Pharmacie Sabeur Karma 1,4 Km Pharmacie Aida Aouinti 1,4 Km Pharmacie Fatma Guiga 1,6 Km Pharmacie Amine Salah 1,7 Km Hôpital Immeuble City Center 1,7 Km Hôpital de Nabeul 2,1 Km CSB 2,6 Km Hôpital Municipal Dar Chaabane Al Fehri 2,6 Km Commerce Anouar 390 m Magasin Salama 830 m El Anwar Market 1,2 Km Epicerie Tarek 1,2 Km Epicerie Samira 1,2 Km Boutique Epicerie fine 1,1 Km El Firma 1,1 Km Boulangerie Belhadj 1,2 Km Farouche 1,3 Km Le Mirage 1,3 Km Bar Hôtel Caribbean World Nabeul 690 m Panorama 950 m After work 1,0 Km Pinky Bistro 1,7 Km Jus de fruits frais Nabeul 1,9 Km Restaurant Buvette Yara 510 m Veni Vidi Vici 530 m Marina Beach 530 m La Fontaine 740 m La Rotonde 820 m Afficher tout Autres caractéristiques Terrasse Parking public Descriptif des locaux: Cuisine Avec un coin repas Salle De Bain Avec une fenêtre Autres Locaux Placard Chambres / Pièces Chambre à coucher Augmenter © OpenMapTiles | © OpenStreetMap contributors Autres biens proposés par l'agence 240 000 DT 270 000 DT (-12%) Maison jumelée en vente Nabeul - Nabeul Centre-Ville 2 pièces 85 m² 230 000 DT 240 000 DT (-5%) S+1 en vente Nabeul - Nabeul Centre-Ville 2 pièces 64 m² 215 000 DT S+1 en vente Nabeul - Nabeul Centre-Ville 2 pièces 49 m² Nous contacter Nom* Prénom* E-mail* Téléphone* Message Conformément à la loi organique portant sur la protection des données à caractère personnel n° 2004-63 du 27 juillet 2004  [ Lire ] Accord pour les activité",2026-09-14T20:06:25
tecnocasa_70321_html,tecnocasa,https://www.tecnocasa.tn/vendre/appartement/cap-bon/nabeul/70321.html,vente,appartement,S+2 en vente,Nabeul,Nabeul Centre-Ville,7232.0,120.0,2,2,,2ème étage,False,False,False,False,False,False,"Annonces maisons et appartements à vendre et à louer - Tecnocasa.tn Immobilier Professionnel Evaluer mon bien Chercher une agence Se connecter Accueil Immobilier Professionnel Evaluer mon bien Chercher une agence Se connecter Accueil Appartement en vente Appartement Cap Bon Nabeul Nabeul Centre-Ville S+2 en vente Video visite 360° Photos Plan Map +18 S+2 en vente Nabeul - Nabeul Centre-Ville REF: 70321 Demandez un crédit immobilier 7.232 DT par mois > 410 000 DT 3 pièces 120 m² presse pdf S+2 en vente Nabeul - Nabeul Centre-Ville 3 pièces 120 m² 410 000 DT Nous contacter Description C'est un appartement S+2 exceptionnel de 120 m² , situé au 2ème étage d'une résidence R+2 calme et sécurisée . Dès l'entrée, vous découvrirez un grand espace de vie lumineux composé d'un salon spacieux , s'ouvrant sur une vue panoramique imprenable sur la mer, ainsi qu'une cuisine indépendante bien équipée. L'appartement dispose de double sanitaire , comprenant une salle d'eau pour les invités et une salle de bain principale . La partie nuit accueille deux chambres à coucher confortables avec rangements. Situé dans un immeuble accessible par escalier , ce bien bénéficie d'une sérénité absolue . Parfait pour une résidence principale ou un investissement. Caractéristiques REF.: 70321 Etage: 2 (étage elevé) Conditionnement: Autnome Chauffage: Centrale Libre: Non Catégorie: Moyen standing Afficher tout Frais Prix: 410 000 DT Echéance crédit: DT 7.232 / mois Calculer l'échéancier À proximité Transport public Nabeul 800 m La Foire 590 m Transport public 710 m Ecole Ecole Primaire 470 m Centre de formation touristique de Nabeul 700 m Lycée L'excellence 810 m Centre de formation oxygène 930 m Ecole Primaire Hbib Thamer 950 m Pharmacie Pharmacie Gasti 710 m Pharmacie Amine Salah 870 m Pharmacie Ladhib 920 m Pharmacie de nuit 940 m Pharmacie Mouna Miled Boughzela 990 m Hôpital Immeuble City Center 770 m Hôpital de Nabeul 1,1 Km Clinique El Amen 1,6 Km CSB 3,0 Km Hôpital Municipal Dar Chaabane Al Fehri 3,0 Km Commerce Supermarchés 130 m Monoprix 610 m Daily Shop 620 m Magro 690 m Anouar Market 700 m Boutique Superette Chaima 40 m Joy's 60 m Boulangerie Néapolis 410 m Baby Star 550 m Farouche 550 m Bar Pinky Bistro 100 m Gaïa 420 m Il Forno 740 m Popeye Lounge 760 m Java Café 770 m Restaurant Texas 110 m Le Grand Pecheur 120 m Flash Back 130 m Domino Food 170 m La Piazza 320 m Afficher tout Autres caractéristiques Balcon Plafond Descriptif des locaux: Cuisine Avec un coin repas Salle De Bain Avec une fenêtre Chambres / Pièces Chambre à coucher Chambres / Pièces Chambre d'enfants Chambres / Pièces Salon Autres Locaux Placard Augmenter © OpenMapTiles | © OpenStreetMap contributors Autres biens proposés par l'agence 360 000 DT S+3 en vente Nabeul - Nabeul Centre-Ville 3 pièces 110 m² 400 000 DT S+2 en vente Nabeul - Nabeul Centre-Ville 3 pièces 120 m² 450 000 DT S+2 en vente Nabeul - Nabeul Centre-Ville 3 pièces 113 m² 450 000 DT S+2 en vente Nabeul - Nabeul Centre-Ville 3 pièces 14",2026-09-14T20:06:30
tecnocasa_69961_html,tecnocasa,https://www.tecnocasa.tn/vendre/appartement/cap-bon/nabeul/69961.html,vente,appartement,S+2 en vente,Nabeul,Nabeul Afh,5909.0,90.0,2,2,,1er étage,True,True,False,True,True,False,"Annonces maisons et appartements à vendre et à louer - Tecnocasa.tn Immobilier Professionnel Evaluer mon bien Chercher une agence Se connecter Accueil Immobilier Professionnel Evaluer mon bien Chercher une agence Se connecter Accueil Appartement en vente Appartement Cap Bon Nabeul Nabeul Afh S+2 en vente Video visite 360° Photos Plan Map +8 S+2 en vente Nabeul - Nabeul Afh REF: 69961 Demandez un crédit immobilier 5.909 DT par mois > 335 000 DT 3 pièces 90 m² presse pdf S+2 en vente Nabeul - Nabeul Afh 3 pièces 90 m² 335 000 DT Nous contacter Description C’est un appartement S+2 situé au 1er étage d’une résidence sécurisée avec double ascenseur . L’entrée dessert une pièce de réception lumineuse. La cuisine, indépendante , est entièrement aménagée et équipée d’une plaque de cuisson, d’une hotte et d’un four, avec accès à un séchoir fonctionnel. L’espace nuit se compose de deux chambres à coucher , dont une avec balcon privatif et un dressing encastré. Une salle de bain vient parfaire cet espace. L’appartement est équipé de la climatisation en split ainsi que du chauffage central, garantissant un confort optimal en toute saison. Une place de parking et un cellier sont disponible au sous-sol. Caractéristiques REF.: 69961 Chauffage: Centrale Libre: Non Catégorie: Moyen standing Année de construction: 2014 Frais Prix: 335 000 DT Echéance crédit: DT 5.909 / mois Calculer l'échéancier À proximité Transport public Nabeul Marchandise 460 m Mrezka 1,5 Km Transport public 2,0 Km Omar Khayem 2,7 Km Ecole Centre de formation professionnelle 330 m FSEGN 370 m Lycée Pilote de Nabeul 430 m Faculté des Beaux arts 650 m L'Erudit Ecole primaire et préscolaire privé 690 m Pharmacie Pharmacie Mrezka 2,0 Km Pharmacie Les Jasmins 2,2 Km Pharmacie Al-Yamama 2,4 Km Pharmacie Abida 2,5 Km Hôpital Clinique les violettes 1,2 Km Hôpital Régional Mohamed Taher Al Maamouri 1,7 Km Clinique El Amen 2,2 Km Commerce Êl wafa market 110 m Super Prix Market 1,0 Km Anouar Market 1,1 Km El Khalidiya 1,7 Km Scorpion 2,1 Km Boutique Zen 170 m Hamadi Abid 240 m Alimentation de Salem 1,4 Km Superette Bahroun Afifa 1,6 Km Superette Sélima 1,6 Km Bar Le Before 620 m Family Bar 1,9 Km Pool Bar 1,9 Km Show Bar 2,0 Km Beach Bar 2,0 Km Restaurant Diar Zman 110 m Big Texas 120 m Restaurant Universitaire de Nabeul 310 m Monocle 420 m Rizzo Café 880 m Afficher tout Autres caractéristiques Balcon Descriptif des locaux: Cuisine Cuisine équipée Chambres / Pièces Chambre à coucher Autres Locaux Cellier Autres Locaux Placard Salle De Bain Avec une fenêtre Augmenter © OpenMapTiles | © OpenStreetMap contributors Autres biens proposés par l'agence 320 000 DT 350 000 DT (-9%) S+2 en vente Nabeul - Nabeul Afh 3 pièces 115 m² 365 000 DT S+2 en vente Nabeul - Nabeul Afh 3 pièces 108 m² 402 000 DT S+2 en vente Nabeul - Nabeul Afh 3 pièces 112 m² Nous contacter Nom* Prénom* E-mail* Téléphone* Message Conformément à la loi organique portant sur la protection des données à caractère personnel n° 2004-63 du 27 juil",2026-09-14T20:06:36
tecnocasa_62025_html,tecnocasa,https://www.tecnocasa.tn/vendre/appartement/cap-bon/nabeul/62025.html,vente,appartement,S+3 en vente,Nabeul,Nabeul Centre-Ville,5644.0,200.0,3,3,,,False,False,False,False,False,False,"Annonces maisons et appartements à vendre et à louer - Tecnocasa.tn Immobilier Professionnel Evaluer mon bien Chercher une agence Se connecter Accueil Immobilier Professionnel Evaluer mon bien Chercher une agence Se connecter Accueil Appartement en vente Appartement Cap Bon Nabeul Nabeul Centre-Ville S+3 en vente Video visite 360° Photos Plan Map +17 S+3 en vente Nabeul - Nabeul Centre-Ville REF: 62025 Demandez un crédit immobilier 5.644 DT par mois > 320 000 DT 350 000 DT (-9%) 4 pièces 200 m² presse pdf S+3 en vente Nabeul - Nabeul Centre-Ville 4 pièces 200 m² 320 000 DT 350 000 DT (-9%) Nous contacter Description C'est un Etage de Villa S+3 de 200 m² superficie, Il bénéficie d’un emplacement privilégié, à proximité immédiate de toutes les commodités. L’entrée mène à une pièce de vie , idéale pour aménager un salon et une salle à  pièce jouit d'une luminosité naturelle grâce à son ouverture, une cheminée fonctionnelle offrant une atmosphère chaleureuse et conviviale. La cuisine , entièrement agencée et équipée, comprend une plaque de cuisson , une hotte aspirante et un four électrique . Des placards intégrés offrent un espace de rangement généreux pour répondre à tous vos besoins. La partie nuit  se compose de trois chambres à coucher qui se partagent une salle de bain ainsi un point d'eau complète cette partie. Un cadre de vie idéal pour ceux recherchant confort, espace et fonctionnalité . Ne manquez pas l' opportunité de découvrir cette propriété. Caractéristiques REF.: 62025 Etage: 1 (étage moyen) Conditionnement: Autnome Chauffage: Centrale (Cheminée) Libre: Non Catégorie: Moyen standing Afficher tout Frais Prix: 320 000 DT Echéance crédit: DT 5.644 / mois Calculer l'échéancier À proximité Transport public Nabeul 1,2 Km Transport public 870 m Nabeul centre 990 m Ecole Ecole Primaire 470 m Institut Supérieur des Langues de Nabeul 760 m Elite-formation 790 m ḥḍạnẗ 850 m Lycée L'excellence 1,0 Km Pharmacie Pharmacie Lassoued 820 m Pharmacie Abida 830 m Pharmacie Gasti 900 m Pharmacie Ladhib 980 m Pharmacie Les Jasmins 1,0 Km Hôpital Clinique El Amen 1,1 Km Immeuble City Center 1,2 Km Hôpital de Nabeul 1,3 Km Commerce Anouar Market 390 m Karim superette 670 m Supérette 680 m Supermarchés 720 m Royal market 730 m Boutique El Behi 300 m L'exception 350 m Royal Fripe 460 m Joy's 560 m Boulangerie Ben Arbia 570 m Bar Gaïa 170 m Java Café 230 m Popeye Lounge 290 m Il Forno 300 m Seven Swag 400 m Restaurant Buvette 80 m Sultana 270 m Gustami 330 m Ninety's food 360 m Crespella 390 m Afficher tout Autres caractéristiques Balcon Plafond Descriptif des locaux: Salle De Bain Avec une fenêtre Chambres / Pièces Chambre à coucher Autres Locaux Placard Augmenter © OpenMapTiles | © OpenStreetMap contributors Autres biens proposés par l'agence 320 000 DT Maison jumelée en vente Nabeul - Nabeul Centre-Ville 208 m² 295 000 DT S+3 en vente Nabeul - Nabeul Centre-Ville 4 pièces 220 m² 375 000 DT Maison jumelée en vente Nabeul - Nabeul Centre-Ville 167 m² 318 000 D",2026-09-14T20:06:40
tecnocasa_64367_html,tecnocasa,https://www.tecnocasa.tn/vendre/appartement/cap-bon/nabeul/64367.html,vente,appartement,S+2 en vente,Nabeul,Nabeul Afh,5644.0,115.0,2,2,,,True,False,False,True,True,False,"Annonces maisons et appartements à vendre et à louer - Tecnocasa.tn Immobilier Professionnel Evaluer mon bien Chercher une agence Se connecter Accueil Immobilier Professionnel Evaluer mon bien Chercher une agence Se connecter Accueil Appartement en vente Appartement Cap Bon Nabeul Nabeul Afh S+2 en vente Video visite 360° Photos Plan Map +10 S+2 en vente Nabeul - Nabeul Afh REF: 64367 Demandez un crédit immobilier 5.644 DT par mois > 320 000 DT 350 000 DT (-9%) 3 pièces 115 m² presse pdf S+2 en vente Nabeul - Nabeul Afh 3 pièces 115 m² 320 000 DT 350 000 DT (-9%) Nous contacter Description C’est un appartement S+2 situé au 2 étage d’une résidence sécurisée avec double ascenseur . L’entrée dessert une pièce de réception lumineuse. La cuisine, indépendante , est entièrement aménagée et équipée d’une plaque de cuisson, d’une hotte et d’un four, avec accès à un séchoir fonctionnel. Une salle d’eau pour les invités complète la partie jour. L’espace nuit se compose d’un hall avec dressing encastré et de deux chambres à coucher , dont une avec balcon privatif et l’autre dotée d’un dressing encastré. Une salle de bain vient parfaire cet espace. L’appartement est équipé de la climatisation en split ainsi que du chauffage central, garantissant un confort optimal en toute saison. Caractéristiques REF.: 64367 Etage: 4 Conditionnement: Autnome (Climatisation Split) Chauffage: Centrale Libre: Non Catégorie: Moyen standing Afficher tout Frais Prix: 320 000 DT Echéance crédit: DT 5.644 / mois Calculer l'échéancier À proximité Transport public Nabeul Marchandise 460 m Mrezka 1,5 Km Transport public 2,0 Km Omar Khayem 2,7 Km Ecole Centre de formation professionnelle 330 m FSEGN 370 m Lycée Pilote de Nabeul 430 m Faculté des Beaux arts 650 m L'Erudit Ecole primaire et préscolaire privé 690 m Pharmacie Pharmacie Mrezka 2,0 Km Pharmacie Les Jasmins 2,2 Km Pharmacie Al-Yamama 2,4 Km Pharmacie Abida 2,5 Km Hôpital Clinique les violettes 1,2 Km Hôpital Régional Mohamed Taher Al Maamouri 1,7 Km Clinique El Amen 2,2 Km Commerce Êl wafa market 110 m Super Prix Market 1,0 Km Anouar Market 1,1 Km El Khalidiya 1,7 Km Scorpion 2,1 Km Boutique Zen 170 m Hamadi Abid 240 m Alimentation de Salem 1,4 Km Superette Bahroun Afifa 1,6 Km Superette Sélima 1,6 Km Bar Le Before 620 m Family Bar 1,9 Km Pool Bar 1,9 Km Show Bar 2,0 Km Beach Bar 2,0 Km Restaurant Diar Zman 110 m Big Texas 120 m Restaurant Universitaire de Nabeul 310 m Monocle 420 m Rizzo Café 880 m Afficher tout Autres caractéristiques Balcon Descriptif des locaux: Cuisine Cuisine équipée Salle De Bain Avec une fenêtre Salle De Bain Salle D'eau Augmenter © OpenMapTiles | © OpenStreetMap contributors Autres biens proposés par l'agence 335 000 DT S+2 en vente Nabeul - Nabeul Afh 3 pièces 90 m² 365 000 DT S+2 en vente Nabeul - Nabeul Afh 3 pièces 108 m² 280 000 DT S+1 en vente Nabeul - Nabeul Afh 2 pièces 123 m² Nous contacter Nom* Prénom* E-mail* Téléphone* Message Conformément à la loi organique portant sur la protection des ",2026-09-14T20:06:47
tecnocasa_67618_html,tecnocasa,https://www.tecnocasa.tn/vendre/appartement/cap-bon/nabeul/67618.html,vente,appartement,S+1 en vente,Nabeul,Nabeul Centre-Ville,4057.0,64.0,1,1,,,False,False,False,False,False,False,"Annonces maisons et appartements à vendre et à louer - Tecnocasa.tn Immobilier Professionnel Evaluer mon bien Chercher une agence Se connecter Accueil Immobilier Professionnel Evaluer mon bien Chercher une agence Se connecter Accueil Appartement en vente Appartement Cap Bon Nabeul Nabeul Centre-Ville S+1 en vente Video visite 360° Photos Plan Map +12 S+1 en vente Nabeul - Nabeul Centre-Ville REF: 67618 Demandez un crédit immobilier 4.057 DT par mois > 230 000 DT 240 000 DT (-5%) 2 pièces 64 m² presse pdf S+1 en vente Nabeul - Nabeul Centre-Ville 2 pièces 64 m² 230 000 DT 240 000 DT (-5%) Nous contacter Description Cet appartement S+1 , situé au deuxième étage, offre une vue dégagée sur la mer. Il dispose d’une chambre à coucher lumineuse avec fenêtre donnant sur la mer et placard encastré dans le hall. L’espace comprend également une salle de bain fonctionnelle. une cuisine indépendante parfaitement agencée ainsi qu’un séchoir pratique. Ce bien combine confort et praticité, idéal pour profiter d’un cadre agréable et paisible. Caractéristiques REF.: 67618 Etage: 2 (étage moyen) Conditionnement: Autnome Chauffage: Centrale Libre: Non Catégorie: Moyen standing Afficher tout Frais Prix: 230 000 DT Echéance crédit: DT 4.057 / mois Calculer l'échéancier À proximité Transport public Nabeul 750 m La Foire 490 m Transport public 710 m Ecole Ecole Primaire 520 m Centre de formation touristique de Nabeul 610 m Lycée L'excellence 790 m Centre de formation oxygène 880 m Ecole Primaire Hbib Thamer 930 m Pharmacie Pharmacie Gasti 700 m Pharmacie Amine Salah 820 m Pharmacie Ladhib 930 m Pharmacie de nuit 930 m Pharmacie Mouna Miled Boughzela 950 m Hôpital Immeuble City Center 720 m Hôpital de Nabeul 1,1 Km Clinique El Amen 1,7 Km CSB 2,9 Km Hôpital Municipal Dar Chaabane Al Fehri 2,9 Km Commerce Supermarchés 40 m Monoprix 520 m Daily Shop 550 m Magro 600 m Anouar Market 780 m Boutique Superette Chaima 70 m Joy's 130 m Boulangerie Néapolis 400 m Farouche 460 m Le Mirage 460 m Bar Pinky Bistro 20 m Gaïa 520 m After work 710 m Panorama 770 m Il Forno 820 m Restaurant Texas 20 m Le Grand Pecheur 60 m Flash Back 70 m Domino Food 80 m La Piazza 230 m Afficher tout Autres caractéristiques Balcon Réception Descriptif des locaux: Cuisine Cuisine équipée Salle De Bain Avec une fenêtre Chambres / Pièces Chambre à coucher Autres Locaux Placard Augmenter © OpenMapTiles | © OpenStreetMap contributors Autres biens proposés par l'agence Nous contacter Nom* Prénom* E-mail* Téléphone* Message Conformément à la loi organique portant sur la protection des données à caractère personnel n° 2004-63 du 27 juillet 2004  [ Lire ] Accord pour les activités de Marketing Envoyer Propriété proposée par: Affilié: Sw Business Solution  Sarl Avenue MED V SIDI SLIMEN NABEUL,  8000 Nabeul (NB) Avenue MED V SIDI SLIMEN NABEUL,  8000 Nabeul (NB) contact.nb2@tecnocasa.tn +21629590900 +21629 590 900 Facebook contact.nb2@tecnocasa.tn Téléphone +21629 590 900 Facebook Site de l'agence Vendre un bien im",2026-09-14T20:06:54
tecnocasa_70798_html,tecnocasa,https://www.tecnocasa.tn/vendre/appartement/sousse/sahloul/70798.html,vente,appartement,S+3 en vente,Sahloul,Sahloul 1-2,7937.0,155.0,3,3,,1er étage,False,False,False,False,False,False,"Annonces maisons et appartements à vendre et à louer - Tecnocasa.tn Immobilier Professionnel Evaluer mon bien Chercher une agence Se connecter Accueil Immobilier Professionnel Evaluer mon bien Chercher une agence Se connecter Accueil Appartement en vente Appartement Sousse Sahloul Sahloul 1-2 S+3 en vente Video visite 360° Photos Plan Map +2 S+3 en vente Sahloul - Sahloul 1-2 REF: 70798 Demandez un crédit immobilier 7.937 DT par mois > 450 000 DT 3 pièces 155 m² presse pdf S+3 en vente Sahloul - Sahloul 1-2 3 pièces 155 m² 450 000 DT Nous contacter Description À vendre, un magnifique étage de villa S+3 situé au 1er étage , dans une zone calme , résidentielle et recherchée . Le bien se compose de trois chambres à coucher , dont une suite parentale , de deux points d’eau ainsi que d’une cuisine , élégante et l uxueusement aménagée . Il bénéficie également d’un abri de voiture . Il se distingue par son standing élevé , ses finitions haut de gamme et ses matériaux de qualité , offrant un cadre de vie à la fois confortable, raffiné et paisible. Une belle opportunité pour ceux qui recherchent un bien de qualité dans un environnement résidentiel. Caractéristiques REF.: 70798 Etage: 1 Libre: Non Catégorie: Haut standing Année de construction: 2010 Frais Prix: 450 000 DT Echéance crédit: DT 7.937 / mois Calculer l'échéancier À proximité Transport public Aig L12 2,2 Km Kalaa Seghira 2,3 Km Sousse-Sahloul (Arret Lycée Pilote) 420 m Sousse-Sahloul (Arret Steg) 730 m Ecole Lycée Pilote de Sousse 300 m Lycée Hammam Sousse 2 860 m Écoles 960 m ạlmdrsẗ ạldwlyẗ ạlmtʿddẗ ạlạkẖtṣạṣạt 1,1 Km Collège Sahloul 1,3 Km Pharmacie Pharmacie 1,3 Km Pharmacie Ferjani 2,2 Km Pharmacie de Nuit 2,4 Km Pharmacie Ibn Jazia 2,4 Km Hôpital Service d'Urgence Sahloul 330 m Hôpital Sahloul 430 m Centre médical Ibn Khaldoun 830 m jhg 910 m Hôpital Khezama Est-Clinique CNSS 2,8 Km Commerce MG Maxi 490 m carrefour 900 m Carrefour Express Khzema 2,2 Km Carrefour Market 2,4 Km Carrefour 2,4 Km Boutique Boulangerie Garanemsa 1,0 Km Boulangerie Daghrir 1,1 Km Sprt5 fraj ben kahla 7020 1,3 Km Sprt8 marwen ben abdallah 1,6 Km Sprt6 magasin amana22394 1,7 Km Restaurant Il forno 720 m Restaurant Chawarma Yasmine El Chem 860 m Planet Food 870 m Chaneb Sandwich 930 m ḥwạt 1,1 Km Afficher tout Augmenter © OpenMapTiles | © OpenStreetMap contributors Autres biens proposés par l'agence 365 000 DT S+3 en vente Sahloul - Sahloul 1-2 3 pièces 118 m² 360 000 DT S+3 en vente Sahloul - Sahloul 1-2 3 pièces 138 m² 460 000 DT S+3 en vente Sahloul - Sahloul 1-2 3 pièces 167 m² 370 000 DT S+2 en vente Sahloul - Sahloul 1-2 2 pièces 123 m² 400 000 DT S+2 en vente Sahloul - Sahloul 1-2 2 pièces 167 m² Nous contacter Nom* Prénom* E-mail* Téléphone* Message Conformément à la loi organique portant sur la protection des données à caractère personnel n° 2004-63 du 27 juillet 2004  [ Lire ] Accord pour les activités de Marketing Envoyer Propriété proposée par: Affilié: Global Services Consulting Sarl Rue Du Pakistan N°",2026-09-14T20:07:00
tecnocasa_70632_html,tecnocasa,https://www.tecnocasa.tn/vendre/appartement/sousse/hergla/70632.html,vente,appartement,S+2 en vente,"Hergla, Lotissement Afh",,4057.0,80.0,2,2,,,False,True,False,False,False,False,"Annonces maisons et appartements à vendre et à louer - Tecnocasa.tn Immobilier Professionnel Evaluer mon bien Chercher une agence Se connecter Accueil Immobilier Professionnel Evaluer mon bien Chercher une agence Se connecter Accueil Appartement en vente Appartement Sousse Hergla Hergla S+2 en vente Video visite 360° Photos Plan Map +14 S+2 en vente Hergla, Lotissement Afh REF: 70632 Demandez un crédit immobilier 4.057 DT par mois > 230 000 DT 2 pièces 80 m² presse pdf S+2 en vente Hergla, Lotissement Afh 2 pièces 80 m² 230 000 DT Nous contacter Description Cet appartement S+2 est situé au sein d’une résidence bénéficiant d’une entrée indépendante , offrant ainsi davantage d’intimité et de tranquillité. Dès l’entrée, vous découvrirez un salon , ainsi qu’une cuisine américaine avec coin repas , pensée pour un espace de vie convivial. La partie nuit se compose de deux chambres à coucher climatisées , toutes deux équipées de placards, dont l’une bénéficie d’un accès direct à un balcon . La salle de bains est équipée d’une douche à l’italienne et dispose également d’une fenêtre. L’appartement bénéficie également d’un box de parking privatif au sous-sol . Caractéristiques REF.: 70632 Etage: Terre Conditionnement: Autnome (Chaud/Froid) Libre: Non Catégorie: Haut standing Année de construction: 2022 Frais Prix: 230 000 DT Echéance crédit: DT 4.057 / mois Calculer l'échéancier À proximité Hôpital ạlmstwṣf ạlmḥly 1,9 Km Restaurant mṭʿm byt ạlknt 2,3 Km ạlṭạbwnẗ 2,4 Km Afficher tout Autres caractéristiques Balcon Descriptif des locaux: Cuisine Avec un coin repas Salle De Bain Avec une fenêtre Augmenter © OpenMapTiles | © OpenStreetMap contributors Autres biens proposés par l'agence 230 000 DT S+1 en vente Hergla, Lotissement Afh 2 pièces 76 m² Nous contacter Nom* Prénom* E-mail* Téléphone* Message Conformément à la loi organique portant sur la protection des données à caractère personnel n° 2004-63 du 27 juillet 2004  [ Lire ] Accord pour les activités de Marketing Envoyer Propriété proposée par: Affilié: Tecno Sahel Real Estate Sarl Avenue HABIB BOURGUIBA, HERGLA 4012 Hergla (SS) Avenue HABIB BOURGUIBA, HERGLA 4012 Hergla (SS) Contact.hg@tecnocasa.tn +21627016600 +21631303905 Facebook Contact.hg@tecnocasa.tn Téléphone +21631303905 Facebook Site de l'agence Vendre un bien immobilier Plus d'informations Calculer l'itinéraire Notre équipe Attia Ichrak Affilié Menyar Gmach Coordinatrice Agence Qui sommes-nous? Nos points forts Dans le monde Travaillez avec nous Siège national tecnocasa.tn Tecnocasa Dans le monde Italie , Espagne , Hongrie , Mexique , Pologne , France , Allemagne , Tunisie , Thaïlande , République de Saint-Marin Zone Affiliés 2026 
                 
                ""Siege Master Franchise Tunisie"" Tecno Real Estate
                  - 72, Avenue Mouaouia Ibn Abi Sofiane, El Menzah 7, Ariana 2037 Tunis Données Personnelles | Informations sur les cookies Succès! Affilié: Tecno Sahel Real Estate Sarl Avenue HABIB BOURGUIBA, HERGLA 4012 Hergla (SS",2026-09-14T20:07:06
tecnocasa_69501_html,tecnocasa,https://www.tecnocasa.tn/vendre/appartement/sousse/sahloul/69501.html,vente,appartement,S+3 en vente,Sahloul,Sahloul 4,8502.0,132.0,3,3,,rez-de-chaussée,False,True,False,False,False,False,"Annonces maisons et appartements à vendre et à louer - Tecnocasa.tn Immobilier Professionnel Evaluer mon bien Chercher une agence Se connecter Accueil Immobilier Professionnel Evaluer mon bien Chercher une agence Se connecter Accueil Appartement en vente Appartement Sousse Sahloul Sahloul 4 S+3 en vente Video visite 360° Photos Plan Map S+3 en vente Sahloul - Sahloul 4 REF: 69501 Demandez un crédit immobilier 8.502 DT par mois > 482 000 DT 3 pièces 132 m² presse pdf S+3 en vente Sahloul - Sahloul 4 3 pièces 132 m² 482 000 DT Nous contacter Description Cet appartement S+3 sur plan est situé au rez-de-chaussée d’une résidence R4, L'e ntreè donne un salon lumineux accesible a un balcon. La cuisine , indépendante , est entièrement aménagée et équipée ( plaque de cuisson , hotte aspirante et four ). Elle est complétée par un séchoir . Une salle de bain commune avec baignoire complète l’espace jour. La partie nuit comprend deux chambres à coucher , dont l'une avec dressing . Une suite parentale, disposant de son propre dressing . Une place de parking au sous-sol est également disponible a 25 000 La remise des clèes est prevu fin 2028 . Caractéristiques REF.: 69501 Etage: 2 (étage moyen) Libre: Oui Catégorie: Haut standing Année de construction: 2028 Frais Prix: 482 000 DT Echéance crédit: DT 8.502 / mois Calculer l'échéancier À proximité Transport public Aig L12 2,9 Km Arrêt bus 13C 550 m Sousse-Sahloul (Arret Steg) 1,6 Km Ecole Écoles 610 m Université Libre polytec 850 m Collège AMED 1,2 Km ạlmdrsẗ ạldwlyẗ ạlmtʿddẗ ạlạkẖtṣạṣạt 1,3 Km Lycée Pilote de Sousse 1,5 Km Pharmacie Pharmacie 550 m Pharmacie Ibn Jazia 1,7 Km pharmacie de nuit 2,2 Km Pharmacie de Nuit 2,4 Km Les Jasmins 2,5 Km Hôpital Hôpital Sahloul 1,2 Km Service d'Urgence Sahloul 1,3 Km Centre médical Ibn Khaldoun 1,6 Km Hôpital Khezama Est-Clinique CNSS 1,8 Km jhg 2,0 Km Commerce carrefour 750 m Carrefour Market 1,4 Km Carrefour 1,5 Km MG Maxi 1,5 Km Aziza 1,6 Km Boutique Banette 680 m Boulangerie Garanemsa 750 m Sprt 12 magasin Béchir 12946 1,2 Km Viennoise 1,6 Km Boulangerie Oued Bliben 1,6 Km Bar Vanilla 2,1 Km Living 2,1 Km Bananas 2,1 Km Saloon 2,2 Km BORA BORA Disco 2,3 Km Restaurant Chaneb Sandwich 710 m Restaurant Chawarma Yasmine El Chem 780 m Planet Food 810 m Claudio 910 m Il forno 920 m Afficher tout Augmenter © OpenMapTiles | © OpenStreetMap contributors Autres biens proposés par l'agence 398 000 DT S+3 en vente Sahloul - Sahloul 4 4 pièces 139 m² 468 000 DT S+2 en vente Khezama - Khezema Ouest 4 pièces 130 m² 440 000 DT S+3 en vente Sahloul - Sahloul 4 4 pièces 147 m² 450 000 DT S+3 en vente Sahloul - Sahloul 4 4 pièces 160 m² 430 000 DT S+2 en vente Sahloul - Sahloul 4 2 pièces 118 m² Nous contacter Nom* Prénom* E-mail* Téléphone* Message Conformément à la loi organique portant sur la protection des données à caractère personnel n° 2004-63 du 27 juillet 2004  [ Lire ] Accord pour les activités de Marketing Envoyer Propriété proposée par: Affilié: Chaieb Immo Sarl Rue LOTISSEME",2026-09-14T20:07:10
tecnocasa_67586_html,tecnocasa,https://www.tecnocasa.tn/vendre/appartement/sousse/sousse-centre-ville/67586.html,vente,appartement,S+3 en vente,Sousse Centre Ville,Bouhsina,13052.0,433.0,3,3,,Rez-de-chaussée,False,False,True,False,False,False,"Annonces maisons et appartements à vendre et à louer - Tecnocasa.tn Immobilier Professionnel Evaluer mon bien Chercher une agence Se connecter Accueil Immobilier Professionnel Evaluer mon bien Chercher une agence Se connecter Accueil Appartement en vente Appartement Sousse Sousse Centre Ville Bouhsina S+3 en vente Video visite 360° Photos Plan Map +14 S+3 en vente Sousse Centre Ville - Bouhsina REF: 67586 Demandez un crédit immobilier 13.052 DT par mois > 740 000 DT 3 pièces 433 m² presse pdf S+3 en vente Sousse Centre Ville - Bouhsina 3 pièces 433 m² 740 000 DT Nous contacter Description Rez-de-chaussée de villa de haut standing, situé dans une résidence moderne avec piscine , direct promoteur et avec une entrée totalement indépendante . Idéalement situé à proximité de l’ École Française Philippe Séguin . Bénéficiant d'une superficie de 433 m² . La partie jour se compose d’un salon, bénéficiant d’une grande fenêtre et d’une porte-fenêtre ouvrant sur une terrasse, offrant ainsi une belle luminosité naturelle et un accès direct à l’extérieur.  La cuisine indépendante , spacieuse et équipée. Un point d’eau pour les invités complète cet espace de réception. La partie nuit a été pensée pour offrir confort et intimité. Elle comprend trois suites parentales avec dressings donnant sur une terrasse. À l’extérieur , un abri de voiture permet de stationner plus de deux véhicules. Caractéristiques REF.: 67586 Etage: Terre Conditionnement: Autnome Chauffage: Centrale Libre: Oui Catégorie: Haut standing Afficher tout Frais Prix: 740 000 DT Echéance crédit: DT 13.052 / mois Calculer l'échéancier À proximité Transport public Sousse Mohamed 5 2,9 Km Sousse Bab Djedid 2,9 Km Transport public 720 m Sousse Bab Jdid 2,8 Km Ecole Faculté de Droit et des Sciences Politiques 630 m Institut Supérieur des Études Technologique de Sousse (ISET) 1,2 Km Institut Supérieur de Gestion (ISG) 1,3 Km Lycée Abed Aziz El Behi 1,3 Km Cité Universitaire Zaouiet Sousse 1,3 Km Pharmacie Pharmacie 790 m Pharmacie de Nuit 1,6 Km Pharmacie de nuit 1,6 Km pharmacie de nuit 2,7 Km Pharmacie Zaoui 2,9 Km Hôpital Maternité Farhat Hached 2,3 Km Hôpital Farhat hached;Service des Urgences Farhat hached 2,5 Km Clinique El Yosr 2,8 Km Commerce Supermarchés 860 m Carrefour 1,2 Km Carrefour Market 1,7 Km Carrefour market 2,4 Km Aziza 2,5 Km Boutique Sprt 17 magasin ben amar 23026 650 m Hammadi Abid 1,6 Km L'Epi d'Or 1,7 Km Le Sportif 2,0 Km Magasins 2,2 Km Bar Vape - Store 1,8 Km Restaurant Restaurant universitaire ISET 1,2 Km Restaurant Universitaire Zaouiet Sousse 1,6 Km El sofra 2,7 Km Garbouj 2,9 Km Couscousserie La Medina 2,9 Km Afficher tout Autres caractéristiques Terrasse Vidéophone Alarme Entrée indépendante Jardin Descriptif des locaux: Cuisine Avec un coin repas Salle De Bain Avec une fenêtre Chambres / Pièces Suite Chambres / Pièces Suite Chambres / Pièces Suite Augmenter © OpenMapTiles | © OpenStreetMap contributors Autres biens proposés par l'agence 690 000 DT Villa individuelle en ven",2026-09-14T20:07:15
tecnocasa_70075_html,tecnocasa,https://www.tecnocasa.tn/vendre/appartement/sousse/sahloul/70075.html,vente,appartement,S+1 en vente,Sahloul,Sahloul 4,4304.0,53.0,1,1,,,False,True,False,False,False,False,"Annonces maisons et appartements à vendre et à louer - Tecnocasa.tn Immobilier Professionnel Evaluer mon bien Chercher une agence Se connecter Accueil Immobilier Professionnel Evaluer mon bien Chercher une agence Se connecter Accueil Appartement en vente Appartement Sousse Sahloul Sahloul 4 S+1 en vente Video visite 360° Photos Plan Map S+1 en vente Sahloul - Sahloul 4 REF: 70075 Demandez un crédit immobilier 4.304 DT par mois > 244 000 DT 1 pièce 53 m² presse pdf S+1 en vente Sahloul - Sahloul 4 1 pièce 53 m² 244 000 DT Nous contacter Description Cet appartement S+1 sur plan  d’une résidence moderne en R+4 , qui ouvre sur deux voie.  Proposé directement par le promoteur Il se compose d’un salon lumineux , d’une cuisine fermèe , d’une chambre à coucher avec un dressing et d’une salle de douche moderne . L’appartement bénéficie également d’une place de parking au sous-sol . Un bien sur plan , bien situé et sécurisé , offrant également une bonne rentabilité locative. place parking dispinible a 25 000dt . Caractéristiques REF.: 70075 Etage: 4 (étage elevé) Libre: Oui Catégorie: Haut standing Année de construction: 2028 Frais Prix: 244 000 DT Echéance crédit: DT 4.304 / mois Calculer l'échéancier À proximité Transport public Aig L12 2,9 Km Arrêt bus 13C 550 m Sousse-Sahloul (Arret Steg) 1,6 Km Ecole Écoles 610 m Université Libre polytec 850 m Collège AMED 1,2 Km ạlmdrsẗ ạldwlyẗ ạlmtʿddẗ ạlạkẖtṣạṣạt 1,3 Km Lycée Pilote de Sousse 1,5 Km Pharmacie Pharmacie 550 m Pharmacie Ibn Jazia 1,7 Km pharmacie de nuit 2,2 Km Pharmacie de Nuit 2,4 Km Les Jasmins 2,5 Km Hôpital Hôpital Sahloul 1,2 Km Service d'Urgence Sahloul 1,3 Km Centre médical Ibn Khaldoun 1,6 Km Hôpital Khezama Est-Clinique CNSS 1,8 Km jhg 2,0 Km Commerce carrefour 750 m Carrefour Market 1,4 Km Carrefour 1,5 Km MG Maxi 1,5 Km Aziza 1,6 Km Boutique Banette 680 m Boulangerie Garanemsa 750 m Sprt 12 magasin Béchir 12946 1,2 Km Viennoise 1,6 Km Boulangerie Oued Bliben 1,6 Km Bar Vanilla 2,1 Km Living 2,1 Km Bananas 2,1 Km Saloon 2,2 Km BORA BORA Disco 2,3 Km Restaurant Chaneb Sandwich 710 m Restaurant Chawarma Yasmine El Chem 780 m Planet Food 810 m Claudio 910 m Il forno 920 m Afficher tout Augmenter © OpenMapTiles | © OpenStreetMap contributors Autres biens proposés par l'agence Nous contacter Nom* Prénom* E-mail* Téléphone* Message Conformément à la loi organique portant sur la protection des données à caractère personnel n° 2004-63 du 27 juillet 2004  [ Lire ] Accord pour les activités de Marketing Envoyer Propriété proposée par: Affilié: Chaieb Immo Sarl Rue LOTISSEMENT 164,  4054 Sousse Jawhara (SS) Rue LOTISSEMENT 164,  4054 Sousse Jawhara (SS) contact.sko@tecnocasa.tn +21629359900 +21629 555 561 Facebook contact.sko@tecnocasa.tn Téléphone +21629 555 561 Facebook Site de l'agence Vendre un bien immobilier Plus d'informations Calculer l'itinéraire Notre équipe Chayma Bouchrida Coordinatrice Safouen Mrad Collaborateur Zouhour Hkaiem Coordinatrice Agence Qui sommes-nous? Nos points forts Dans l",2026-09-14T20:07:20
tecnocasa_70174_html,tecnocasa,https://www.tecnocasa.tn/vendre/appartement/sousse/sahloul/70174.html,vente,appartement,S+1 en vente,Sahloul,Sahloul 4,4586.0,78.0,1,1,,,False,False,False,False,False,True,"Annonces maisons et appartements à vendre et à louer - Tecnocasa.tn Immobilier Professionnel Evaluer mon bien Chercher une agence Se connecter Accueil Immobilier Professionnel Evaluer mon bien Chercher une agence Se connecter Accueil Appartement en vente Appartement Sousse Sahloul Sahloul 4 S+1 en vente Video visite 360° Photos Plan Map +4 S+1 en vente Sahloul - Sahloul 4 REF: 70174 Demandez un crédit immobilier 4.586 DT par mois > 260 000 DT 2 pièces 78 m² presse pdf S+1 en vente Sahloul - Sahloul 4 2 pièces 78 m² 260 000 DT Nous contacter Description À vendre – S+1 meublé à Sahloul 4 ! Découvrez ce bel appartement idéalement situé dans le quartier prisé de Sahloul 4. Il se compose d’un salon confortable avec TV, d’une chambre spacieuse avec lit, d’un couloir avec dressing, ainsi que d’une cuisine ouverte entièrement équipée avec plaque de cuisson, hotte, four et réfrigérateur. L’appartement dispose également d’une salle de bain avec cabine de douche et d’un séchoir.  Un bien fonctionnel, moderne et prêt à habiter, idéal pour un investissement ou une résidence personnelle. Caractéristiques REF.: 70174 Etage: 2 (étage bas) Conditionnement: Autnome (Chaud/Froid) Chauffage: Centrale (Central Pour L'Immeuble Avec Compteur Individuel) Libre: Oui Catégorie: Haut standing Afficher tout Frais Prix: 260 000 DT Echéance crédit: DT 4.586 / mois Calculer l'échéancier À proximité Transport public Aig L12 2,6 Km Kalaa Seghira 3,0 Km Arrêt bus 13C 940 m Transport public 1,3 Km Ecole Écoles 840 m Université Libre polytec 1,0 Km ạlmdrsẗ ạldwlyẗ ạlmtʿddẗ ạlạkẖtṣạṣạt 1,2 Km Ecole Nationale d'Ingenieurs de Sousse 1,4 Km Collège AMED 1,6 Km Pharmacie Pharmacie 1,0 Km Pharmacie Ibn Jazia 2,1 Km pharmacie de nuit 2,2 Km Pharmacie de nuit 2,7 Km Pharmacie Zaoui 2,8 Km Hôpital Hôpital Sahloul 1,4 Km Service d'Urgence Sahloul 1,5 Km Centre médical Ibn Khaldoun 2,0 Km jhg 2,0 Km Maternité Farhat Hached 2,1 Km Commerce carrefour 900 m MG Maxi 1,5 Km Aziza 1,7 Km Carrefour Market 1,9 Km Carrefour 1,9 Km Boutique Banette 980 m Boulangerie Garanemsa 1,1 Km Sprt 12 magasin Béchir 12946 1,6 Km boulangerie jawhara 1,7 Km City Market 1,8 Km Bar Vanilla 2,4 Km Living 2,4 Km Bananas 2,4 Km Saloon 2,5 Km BORA BORA Disco 2,7 Km Restaurant Planet Food 920 m Chaneb Sandwich 1,0 Km Restaurant Chawarma Yasmine El Chem 1,1 Km Il forno 1,2 Km Claudio 1,4 Km Afficher tout Autres caractéristiques Balcon Descriptif des locaux: Cuisine Avec un coin repas Salle De Bain Avec une fenêtre Augmenter © OpenMapTiles | © OpenStreetMap contributors Autres biens proposés par l'agence Nous contacter Nom* Prénom* E-mail* Téléphone* Message Conformément à la loi organique portant sur la protection des données à caractère personnel n° 2004-63 du 27 juillet 2004  [ Lire ] Accord pour les activités de Marketing Envoyer Propriété proposée par: Affilié: Chaieb Immo Sarl Rue LOTISSEMENT 164,  4054 Sousse Jawhara (SS) Rue LOTISSEMENT 164,  4054 Sousse Jawhara (SS) contact.sko@tecnocasa.tn +21629359900 +21629 555 ",2026-09-14T20:07:24
tecnocasa_57247_html,tecnocasa,https://www.tecnocasa.tn/vendre/appartement/sousse/sousse-centre-ville/57247.html,vente,appartement,S+3 en vente,Sousse Centre Ville,Bouhsina,6456.0,126.0,3,3,,,False,False,True,False,False,False,"Annonces maisons et appartements à vendre et à louer - Tecnocasa.tn Immobilier Professionnel Evaluer mon bien Chercher une agence Se connecter Accueil Immobilier Professionnel Evaluer mon bien Chercher une agence Se connecter Accueil Appartement en vente Appartement Sousse Sousse Centre Ville Bouhsina S+3 en vente Video visite 360° Photos Plan Map +6 S+3 en vente Sousse Centre Ville - Bouhsina REF: 57247 Demandez un crédit immobilier 6.456 DT par mois > 366 000 DT 3 pièces 126 m² presse pdf S+3 en vente Sousse Centre Ville - Bouhsina 3 pièces 126 m² 366 000 DT Nous contacter Description Appartement S+3–Direct Promoteur dans une Résidence Neuve avec Piscine (2025). D’une superficie de 140 m², situé à Boukhzar–Bouhssina, dans un quartier calme et recherché, à proximité de l’école française Philippe Séguin. Ce bien se compose d’un salon lumineux , de trois chambres spacieuses dont une suite parentale . Chaque chambre dispose de son propre dressing . Vous profiterez également d’un accès à une piscine collective . Caractéristiques REF.: 57247 Etage: 2 Chauffage: Centrale Libre: Oui Catégorie: Haut standing Année de construction: 2025 Frais Prix: 366 000 DT Echéance crédit: DT 6.456 / mois Calculer l'échéancier À proximité Transport public Sousse Mohamed 5 2,9 Km Sousse Bab Djedid 2,9 Km Transport public 720 m Sousse Bab Jdid 2,8 Km Ecole Faculté de Droit et des Sciences Politiques 630 m Institut Supérieur des Études Technologique de Sousse (ISET) 1,2 Km Institut Supérieur de Gestion (ISG) 1,3 Km Lycée Abed Aziz El Behi 1,3 Km Cité Universitaire Zaouiet Sousse 1,3 Km Pharmacie Pharmacie 790 m Pharmacie de Nuit 1,6 Km Pharmacie de nuit 1,6 Km pharmacie de nuit 2,7 Km Pharmacie Zaoui 2,9 Km Hôpital Maternité Farhat Hached 2,3 Km Hôpital Farhat hached;Service des Urgences Farhat hached 2,5 Km Clinique El Yosr 2,8 Km Commerce Supermarchés 860 m Carrefour 1,2 Km Carrefour Market 1,7 Km Carrefour market 2,4 Km Aziza 2,5 Km Boutique Sprt 17 magasin ben amar 23026 650 m Hammadi Abid 1,6 Km L'Epi d'Or 1,7 Km Le Sportif 2,0 Km Magasins 2,2 Km Bar Vape - Store 1,8 Km Restaurant Restaurant universitaire ISET 1,2 Km Restaurant Universitaire Zaouiet Sousse 1,6 Km El sofra 2,7 Km Garbouj 2,9 Km Couscousserie La Medina 2,9 Km Afficher tout Autres caractéristiques Descriptif des locaux: Cuisine Avec un coin repas Salle De Bain Avec une fenêtre Chambres / Pièces Suite parentale Chambres / Pièces Chambre à coucher Chambres / Pièces Chambre d'enfants Augmenter © OpenMapTiles | © OpenStreetMap contributors Autres biens proposés par l'agence 343 000 DT S+2 en vente Sousse Centre Ville - Bouhsina 2 pièces 127 m² Nous contacter Nom* Prénom* E-mail* Téléphone* Message Conformément à la loi organique portant sur la protection des données à caractère personnel n° 2004-63 du 27 juillet 2004  [ Lire ] Accord pour les activités de Marketing Envoyer Propriété proposée par: Affilié: Mohamed Chaieb Sarl Avenue Commandant Bejaoui, 4027 Sousse Centre Ville (SS) Avenue Commandant Bejaoui",2026-09-14T20:07:30
tecnocasa_69580_html,tecnocasa,https://www.tecnocasa.tn/vendre/appartement/sousse/akouda/69580.html,vente,appartement,S+3 en vente,Akouda,,7408.0,260.0,3,3,,rez-de-chaussée,False,True,False,False,False,False,"Annonces maisons et appartements à vendre et à louer - Tecnocasa.tn Immobilier Professionnel Evaluer mon bien Chercher une agence Se connecter Accueil Immobilier Professionnel Evaluer mon bien Chercher une agence Se connecter Accueil Appartement en vente Appartement Sousse Akouda Akouda S+3 en vente Video visite 360° Photos Plan Map +9 S+3 en vente Akouda REF: 69580 Demandez un crédit immobilier 7.408 DT par mois > 420 000 DT 4 pièces 260 m² presse pdf S+3 en vente Akouda 4 pièces 260 m² 420 000 DT Nous contacter Description S+3 avec grande terrasse et garage privatif Découvrez cet appartement S+3 situé au rez-de-chaussée d’une résidence, avec entrée indépendante , garage privatif et une superficie nette de 180 m² . Partie jour : Un vaste salon lumineux pouvant accueillir deux espaces de réception et un coin salle à manger, donnant sur une grande terrasse . Une cuisine entièrement équipée avec séchoir ainsi qu’une salle d’eau invités complètent cet espace. Partie nuit : Trois chambres, dont une suite parentale avec dressing et salle d’eau privative , ainsi qu’une salle de bain équipée d’un jacuzzi . Caractéristiques REF.: 69580 Etage: Terre Libre: Oui Catégorie: Haut standing Année de construction: 2021 Frais Prix: 420 000 DT Echéance crédit: DT 7.408 / mois Calculer l'échéancier À proximité Transport public Kalaa Kebira 2,3 Km Transport public 2,5 Km Ecole Collége Secondaire Akouda 230 m Lycée secondaire Ben Hamida 370 m Collége Professionel 390 m Écoles 390 m Ecole primaire Farhat Hached 1,6 Km Pharmacie Pharmacie 2,6 Km Commerce Supermarchés 1,2 Km Carrefour 1,2 Km Miami Supermarket 2,5 Km papillon store 2,6 Km Hawaii Center 2,6 Km Boutique Tureckie meha 460 m Essokri 720 m Sprt 2 jamila 1,4 Km Sprt 1 1,6 Km Sprt4 magasin jamila 12294 1,6 Km Bar Maya Club 2,2 Km Platinium 2,2 Km Chichane 2,3 Km Las Perlas 2,3 Km My Way 2,3 Km Restaurant Héritage Jaidane 1,8 Km Romeo et Julia 2,5 Km Vincenzo 2,5 Km Le Méditerranée 2,7 Km Restaurants 2,8 Km Afficher tout Augmenter © OpenMapTiles | © OpenStreetMap contributors Autres biens proposés par l'agence Nous contacter Nom* Prénom* E-mail* Téléphone* Message Conformément à la loi organique portant sur la protection des données à caractère personnel n° 2004-63 du 27 juillet 2004  [ Lire ] Accord pour les activités de Marketing Envoyer Propriété proposée par: Affilié: Three Musketeers Realty Sarl Avenue de la république, Akouda 4022 Akouda (SS) Avenue de la république, Akouda 4022 Akouda (SS) contact.ak@tecnocasa.tn +21626600036 +21626 600 036 Facebook contact.ak@tecnocasa.tn Téléphone +21626 600 036 Facebook Site de l'agence Vendre un bien immobilier Plus d'informations Calculer l'itinéraire Agence Qui sommes-nous? Nos points forts Dans le monde Travaillez avec nous Siège national tecnocasa.tn Tecnocasa Dans le monde Italie , Espagne , Hongrie , Mexique , Pologne , France , Allemagne , Tunisie , Thaïlande , République de Saint-Marin Zone Affiliés 2026 
                 
                ""Siege Master Franchi",2026-09-14T20:07:35
tecnocasa_70132_html,tecnocasa,https://www.tecnocasa.tn/vendre/appartement/sousse/hammam-sousse/70132.html,vente,appartement,S+2 en vente,"Hammam Sousse, Rue du Caraibe",El Menchia,5468.0,110.0,2,2,,,False,True,False,False,False,False,"Annonces maisons et appartements à vendre et à louer - Tecnocasa.tn Immobilier Professionnel Evaluer mon bien Chercher une agence Se connecter Accueil Immobilier Professionnel Evaluer mon bien Chercher une agence Se connecter Accueil Appartement en vente Appartement Sousse Hammam Sousse El Menchia S+2 en vente Video visite 360° Photos Plan Map +8 S+2 en vente Hammam Sousse, Rue du Caraibe - El Menchia REF: 70132 Demandez un crédit immobilier 5.468 DT par mois > 310 000 DT 3 pièces 110 m² presse pdf S+2 en vente Hammam Sousse, Rue du Caraibe - El Menchia 3 pièces 110 m² 310 000 DT Nous contacter Description Découvrez cet appartement S+2, situé au 2 étage d’une résidence idéalement implantée au cœur de la zone touristique. Dès l’entrée, vous serez séduit par un salon spacieux et lumineux, aménagé avec un espace salle à manger et donnant accès à un balcon. La cuisine indépendante est bien équipée avec une hotte aspirante, une plaque de cuisson et un four. Elle est également accompagnée d’un séchoir pratique. La partie nuit se compose de deux chambres à coucher confortables. Une salle de bain avec baignoire complète cet espace. Une place de parking au sous-sol est également disponible pour les futurs acquéreurs. Caractéristiques REF.: 70132 Etage: 2 (étage moyen) Libre: Non Catégorie: Moyen standing Année de construction: 2007 Frais Prix: 310 000 DT Echéance crédit: DT 5.468 / mois Calculer l'échéancier À proximité Transport public Sousse-Hammam Sousse 1,2 Km Sousse-Sahloul 1,3 Km Ecole El Bhaier 980 m Institut Supérieur de L'informatique et des Techniques de Communications 1,3 Km Ecole primaire Habib Bourguiba 1,6 Km Lycée Hammam Sousse 1,8 Km Centre de formation professionel 1,9 Km Pharmacie Pharmacie 100 m Pharmacie de Nuit 1,3 Km Pharmacie Ferjani 1,5 Km Les Jasmins 1,7 Km Pharmacie Ibn Jazia 2,2 Km Hôpital Clinique les Oliviers 1,6 Km Clinique des Oliviers 1,6 Km Hôpital Khezama Est-Clinique CNSS 2,4 Km Centre médical Ibn Khaldoun 2,8 Km Commerce Monoprix 270 m Coin d'Asma 1,2 Km Carrefour Express Khzema 1,6 Km Supermarchés 1,9 Km Royal Market 1,9 Km Boutique Sprt 11 imed guatoussi22283 1,3 Km Sprt 10 salem zendahe 22284 1,5 Km Sprt9 karim chwari22130 1,6 Km Hammadi Abid 1,9 Km Sprt7 maher mhiri 23267 2,0 Km Bar Malaga 50 m Bosphore 110 m El Torito 200 m Menchia 430 m Miam's 470 m Restaurant Malaga 40 m Beckers Pizza 80 m Bosphore 110 m El Torito 200 m Le QG 380 m Afficher tout Augmenter © OpenMapTiles | © OpenStreetMap contributors Autres biens proposés par l'agence 295 000 DT S+2 en vente Hammam Sousse, Accès de la mer du golf 3 pièces 85 m² 349 000 DT S+3 en vente Hammam Sousse, Rue deProfesseur Fraj Mlika 4 pièces 137 m² Nous contacter Nom* Prénom* E-mail* Téléphone* Message Conformément à la loi organique portant sur la protection des données à caractère personnel n° 2004-63 du 27 juillet 2004  [ Lire ] Accord pour les activités de Marketing Envoyer Propriété proposée par: Affilié: Tecno Sahel Invest Sarl Route TOURISTIQUE 14 JANVIER HAMMAM",2026-09-14T20:07:41
tecnocasa_66331_html,tecnocasa,https://www.tecnocasa.tn/vendre/appartement/sousse/sousse-riadh/66331.html,vente,appartement,S+2 en vente,"Sousse Riadh, Rue Hatib ibn abi baltah",Cité Riadh,3863.0,120.0,2,2,,,True,True,False,False,False,False,"Annonces maisons et appartements à vendre et à louer - Tecnocasa.tn Immobilier Professionnel Evaluer mon bien Chercher une agence Se connecter Accueil Immobilier Professionnel Evaluer mon bien Chercher une agence Se connecter Accueil Appartement en vente Appartement Sousse Sousse Riadh Cité Riadh S+2 en vente Video visite 360° Photos Plan Map +6 S+2 en vente Sousse Riadh, Rue Hatib ibn abi baltah - Cité Riadh REF: 66331 Demandez un crédit immobilier 3.863 DT par mois > 219 000 DT 2 pièces 120 m² presse pdf S+2 en vente Sousse Riadh, Rue Hatib ibn abi baltah - Cité Riadh 2 pièces 120 m² 219 000 DT Nous contacter Description Situé au quatrième étage d’une résidence sécurisée bien entretenue et équipée d’un ascenseur , cet appartement S+2 bénéficie d’un emplacement stratégique à Riadh 1 sur la Route de Ceinture , à proximité immédiate de toutes les commodités et des établissements universitaires. L’espace de vie se compose d’un salon spacieux et lumineux . La cuisine indépendante est entièrement aménagée avec des rangements fonctionnels et s’ouvre sur un séchoir pratique. La partie nuit comprend deux chambres à coucher confortables ainsi qu’une s alle de bains équipée d’une baignoire. Ce bien représente une excellente opportunité aussi bien pour une résidence principale que pour un investissement locatif, grâce à sa situation privilégiée et à la forte demande dans le secteur. Une place de parking au sous-sol est disponible en complément . Caractéristiques REF.: 66331 Etage: 4 (étage elevé) Chauffage: Centrale Libre: Oui Catégorie: Haut standing Année de construction: 2010 Frais Prix: 219 000 DT Echéance crédit: DT 3.863 / mois Calculer l'échéancier À proximité Transport public Transport public 470 m Ecole Faculté de Droit et des Sciences Politiques 490 m Institut Supérieur des Études Technologique de Sousse (ISET) 980 m Najah 1,0 Km Cité Universitaire Zaouiet Sousse 1,2 Km Faculté des Lettres et des Sciences Humaines de Sousse (FLS) 1,2 Km Pharmacie Pharmacie de Nuit 1,2 Km Pharmacie 1,2 Km Pharmacie de nuit 2,0 Km Hôpital Maternité Farhat Hached 2,8 Km Hôpital Farhat hached;Service des Urgences Farhat hached 3,0 Km Commerce Carrefour 790 m Supermarchés 1,3 Km Carrefour Market 2,1 Km Aziza 2,9 Km Carrefour market 2,9 Km Boutique Sprt 17 magasin ben amar 23026 210 m Le Sportif 1,8 Km L'Epi d'Or 2,0 Km Hammadi Abid 2,0 Km Sprt 18 msatik el faydi22702 2,2 Km Bar Vape - Store 1,4 Km Restaurant Restaurant universitaire ISET 950 m Restaurant Universitaire Zaouiet Sousse 1,5 Km Afficher tout Autres caractéristiques Descriptif des locaux: Salle De Bain Avec une fenêtre Cuisine Cuisine équipée Chambres / Pièces Chambre à coucher Chambres / Pièces Chambre d'enfants Chambres / Pièces Salon Augmenter © OpenMapTiles | © OpenStreetMap contributors Autres biens proposés par l'agence 178 000 DT Villa individuelle en vente Sousse Riadh, Rue 5157 - Cité Riadh 130 m² 210 000 DT Villa jumelée en vente Sousse Riadh, Rue 5157 - Cité Riadh 2 pièces 105 m² Nous contacter N",2026-09-14T20:07:46
tecnocasa_69887_html,tecnocasa,https://www.tecnocasa.tn/vendre/appartement/sousse/sousse-riadh/69887.html,vente,appartement,S+3 en vente,"Sousse Riadh, Rue Hatib ibn Abi Balta'ah",Cité Riadh,2205.0,120.0,3,3,,,False,False,False,False,False,False,"Annonces maisons et appartements à vendre et à louer - Tecnocasa.tn Immobilier Professionnel Evaluer mon bien Chercher une agence Se connecter Accueil Immobilier Professionnel Evaluer mon bien Chercher une agence Se connecter Accueil Appartement en vente Appartement Sousse Sousse Riadh Cité Riadh S+3 en vente Video visite 360° Photos Plan Map +9 S+3 en vente Sousse Riadh, Rue Hatib ibn Abi Balta'ah - Cité Riadh REF: 69887 Demandez un crédit immobilier 2.205 DT par mois > 125 000 DT 4 pièces 120 m² presse pdf S+3 en vente Sousse Riadh, Rue Hatib ibn Abi Balta'ah - Cité Riadh 4 pièces 120 m² 125 000 DT Nous contacter Description Situé au deuxième étage , cet appartement bénéficie d’un emplacement stratégique à Riadh 2 , à proximité immédiate de la poste, de Carrefour et de la municipalité , offrant un accès facile à l’ensemble des commodités. L’appartement se compose d’un salon spacieux et lumineux , ainsi que d’une cuisine indépendante entièrement aménagée . La partie nuit comprend trois chambres à coucher , dont deux avec balcon , ainsi qu’une salle de bains et un point d’eau supplémentaire. Grâce à sa configuration fonctionnelle, son emplacement privilégié et sa proximité avec toutes les commodités , ce bien constitue une excellente opportunité aussi bien pour une résidence principale que pour un investissement locatif. Caractéristiques REF.: 69887 Etage: 2 (étage moyen) Libre: Oui Catégorie: Moyen standing Année de construction: 2010 Frais Prix: 125 000 DT Echéance crédit: DT 2.205 / mois Calculer l'échéancier À proximité Transport public Transport public 80 m Ecole Najah 220 m Lycée Erraidh 710 m Ibn Charaf 760 m Faculté de Droit et des Sciences Politiques 970 m Institut Supérieur des Études Technologique de Sousse (ISET) 1,1 Km Pharmacie Pharmacie de Nuit 690 m Pharmacie 2,1 Km Pharmacie de nuit 2,8 Km Commerce Carrefour 110 m Supermarchés 2,1 Km Carrefour Market 2,9 Km Mercure Market 2,9 Km Monoprix 2,9 Km Boutique Sprt 17 magasin ben amar 23026 620 m Sprt 18 msatik el faydi22702 1,5 Km Le Sportif 1,8 Km L'Epi d'Or 2,6 Km Hammadi Abid 2,8 Km Bar Vape - Store 550 m Restaurant Restaurant universitaire ISET 980 m Restaurant Universitaire Zaouiet Sousse 1,6 Km Afficher tout Autres caractéristiques Balcon Descriptif des locaux: Cuisine Cuisine équipée Salle De Bain Avec une fenêtre Salle De Bain Salle D'eau Chambres / Pièces Chambre à coucher Chambres / Pièces Chambre d'enfants Chambres / Pièces Salon Chambres / Pièces Chambre d'amis Augmenter © OpenMapTiles | © OpenStreetMap contributors Autres biens proposés par l'agence Nous contacter Nom* Prénom* E-mail* Téléphone* Message Conformément à la loi organique portant sur la protection des données à caractère personnel n° 2004-63 du 27 juillet 2004  [ Lire ] Accord pour les activités de Marketing Envoyer Propriété proposée par: Affilié: Mr Mohamed Chaieb Suarl Avenue Rue el Aoulama Bouhsina, Sousse,  4041 Sousse Riadh (SS) Avenue Rue el Aoulama Bouhsina, Sousse,  4041 Sousse Riadh (SS) contact.scr@",2026-09-14T20:07:50
tecnocasa_69034_html,tecnocasa,https://www.tecnocasa.tn/vendre/appartement/sousse/sousse-riadh/69034.html,vente,appartement,S+2 en vente,"Sousse Riadh, Rue Souheil Ibn Omar",Cité Riadh,1552.0,100.0,2,2,,,False,False,False,False,False,False,"Annonces maisons et appartements à vendre et à louer - Tecnocasa.tn Immobilier Professionnel Evaluer mon bien Chercher une agence Se connecter Accueil Immobilier Professionnel Evaluer mon bien Chercher une agence Se connecter Accueil Appartement en vente Appartement Sousse Sousse Riadh Cité Riadh S+2 en vente Video visite 360° Photos Plan Map +3 S+2 en vente Sousse Riadh, Rue Souheil Ibn Omar - Cité Riadh REF: 69034 Demandez un crédit immobilier 1.552 DT par mois > 88 000 DT 100 m² presse pdf S+2 en vente Sousse Riadh, Rue Souheil Ibn Omar - Cité Riadh 100 m² 88 000 DT Nous contacter Description Appartemen t S+2 situé au deuxiéme étage d’une résidence à Riadh 1 , dans un emplacement stratégique à proximité immédiate de toutes les commodités. Il se compose d’un spacieux salon , de deux chambres à coucher , d’une cuisine indépendante ainsi que d’une salle de bains avec baignoire. Grâce à son emplacement privilégié , notamment à proximité de 5 facultés , cet appartement représente une excellente opportunité d’investissement, idéale pour la location ou pour un usage résidentiel Caractéristiques REF.: 69034 Libre: Oui Catégorie: Moyen standing Année de construction: 2000 Frais Prix: 88 000 DT Echéance crédit: DT 1.552 / mois Calculer l'échéancier À proximité Transport public Transport public 410 m Ecole Faculté de Droit et des Sciences Politiques 530 m Najah 730 m Institut Supérieur des Études Technologique de Sousse (ISET) 860 m Cité Universitaire Zaouiet Sousse 1,1 Km Faculté des Lettres et des Sciences Humaines de Sousse (FLS) 1,1 Km Pharmacie Pharmacie de Nuit 900 m Pharmacie 1,6 Km Pharmacie de nuit 2,3 Km Commerce Carrefour 500 m Supermarchés 1,6 Km Carrefour Market 2,4 Km Boutique Sprt 17 magasin ben amar 23026 130 m Le Sportif 1,7 Km Sprt 18 msatik el faydi22702 2,0 Km L'Epi d'Or 2,2 Km Hammadi Abid 2,3 Km Bar Vape - Store 1,1 Km Restaurant Restaurant universitaire ISET 800 m Restaurant Universitaire Zaouiet Sousse 1,4 Km Afficher tout Augmenter © OpenMapTiles | © OpenStreetMap contributors Autres biens proposés par l'agence Nous contacter Nom* Prénom* E-mail* Téléphone* Message Conformément à la loi organique portant sur la protection des données à caractère personnel n° 2004-63 du 27 juillet 2004  [ Lire ] Accord pour les activités de Marketing Envoyer Propriété proposée par: Affilié: Mr Mohamed Chaieb Suarl Avenue Rue el Aoulama Bouhsina, Sousse,  4041 Sousse Riadh (SS) Avenue Rue el Aoulama Bouhsina, Sousse,  4041 Sousse Riadh (SS) contact.scr@tecnocasa.tn +21629010425 +21629 010 425 Facebook contact.scr@tecnocasa.tn Téléphone +21629 010 425 Facebook Site de l'agence Vendre un bien immobilier Plus d'informations Calculer l'itinéraire Notre équipe Mohamed Chaieb Affilié Sahar Ferchichi Responsable Agence Qui sommes-nous? Nos points forts Dans le monde Travaillez avec nous Siège national tecnocasa.tn Tecnocasa Dans le monde Italie , Espagne , Hongrie , Mexique , Pologne , France , Allemagne , Tunisie , Thaïlande , République de Saint-Marin Z",2026-09-14T20:07:55
tecnocasa_64839_html,tecnocasa,https://www.tecnocasa.tn/vendre/appartement/sousse/sousse-riadh/64839.html,vente,appartement,S+2 en vente,"Sousse Riadh, Rue des Etats unis",Cité Riadh,1358.0,81.0,2,2,,rez-de-chaussée,False,False,False,False,False,False,"Annonces maisons et appartements à vendre et à louer - Tecnocasa.tn Immobilier Professionnel Evaluer mon bien Chercher une agence Se connecter Accueil Immobilier Professionnel Evaluer mon bien Chercher une agence Se connecter Accueil Appartement en vente Appartement Sousse Sousse Riadh Cité Riadh S+2 en vente Video visite 360° Photos Plan Map +3 S+2 en vente Sousse Riadh, Rue des Etats unis - Cité Riadh REF: 64839 Demandez un crédit immobilier 1.358 DT par mois > 77 000 DT 79 000 DT (-3%) 3 pièces 81 m² presse pdf S+2 en vente Sousse Riadh, Rue des Etats unis - Cité Riadh 3 pièces 81 m² 77 000 DT 79 000 DT (-3%) Nous contacter Description Cet appartement S+2 situé au rez-de-chaussée à Riadh 5 . L’entrée s’ouvre sur un salon lumineux . La cuisine est indépendante. La partie nuit se compose de deux chambres , d’une salle de bains équipée d’une baignoire , ainsi que d’une salle d’eau. Caractéristiques REF.: 64839 Etage: Bas Libre: Oui Catégorie: Moyen standing Année de construction: 1999 Frais Prix: 77 000 DT Echéance crédit: DT 1.358 / mois Calculer l'échéancier À proximité Transport public Aig L12 2,6 Km Ezzouhour 2,6 Km Transport public 660 m Ecole ibn roched 300 m Ibn Charaf 540 m Najah 1,0 Km Écoles 1,1 Km Lycée Erraidh 1,3 Km Pharmacie Pharmacie de Nuit 1,7 Km Commerce Carrefour 1,2 Km Boutique Sprt 18 msatik el faydi22702 270 m Sprt 17 magasin ben amar 23026 1,8 Km Le Sportif 2,9 Km Bar Vape - Store 740 m Restaurant Restaurant universitaire ISET 2,2 Km Restaurant Universitaire Zaouiet Sousse 2,7 Km Afficher tout Autres caractéristiques Salle De Bain Avec une fenêtre Chambres / Pièces Chambre à coucher Chambres / Pièces Salon Chambres / Pièces Chambre d'enfants Augmenter © OpenMapTiles | © OpenStreetMap contributors Autres biens proposés par l'agence 88 000 DT S+2 en vente Sousse Riadh, Rue Souheil Ibn Omar - Cité Riadh 100 m² Nous contacter Nom* Prénom* E-mail* Téléphone* Message Conformément à la loi organique portant sur la protection des données à caractère personnel n° 2004-63 du 27 juillet 2004  [ Lire ] Accord pour les activités de Marketing Envoyer Propriété proposée par: Affilié: Mr Mohamed Chaieb Suarl Avenue Rue el Aoulama Bouhsina, Sousse,  4041 Sousse Riadh (SS) Avenue Rue el Aoulama Bouhsina, Sousse,  4041 Sousse Riadh (SS) contact.scr@tecnocasa.tn +21629010425 +21629 010 425 Facebook contact.scr@tecnocasa.tn Téléphone +21629 010 425 Facebook Site de l'agence Vendre un bien immobilier Plus d'informations Calculer l'itinéraire Notre équipe Mohamed Chaieb Affilié Sahar Ferchichi Responsable Agence Qui sommes-nous? Nos points forts Dans le monde Travaillez avec nous Siège national tecnocasa.tn Tecnocasa Dans le monde Italie , Espagne , Hongrie , Mexique , Pologne , France , Allemagne , Tunisie , Thaïlande , République de Saint-Marin Zone Affiliés 2026 
                 
                ""Siege Master Franchise Tunisie"" Tecno Real Estate
                  - 72, Avenue Mouaouia Ibn Abi Sofiane, El Menzah 7, Ariana 2037 Tunis Données Pe",2026-09-14T20:07:59
tecnocasa_66715_html,tecnocasa,https://www.tecnocasa.tn/vendre/appartement/sousse/sousse-riadh/66715.html,vente,appartement,S+2 en vente,"Sousse Riadh, Rue etawfik",Cité Riadh,2099.0,115.0,2,2,,,True,False,False,False,False,False,"Annonces maisons et appartements à vendre et à louer - Tecnocasa.tn Immobilier Professionnel Evaluer mon bien Chercher une agence Se connecter Accueil Immobilier Professionnel Evaluer mon bien Chercher une agence Se connecter Accueil Appartement en vente Appartement Sousse Sousse Riadh Cité Riadh S+2 en vente Video visite 360° Photos Plan Map +5 S+2 en vente Sousse Riadh, Rue etawfik - Cité Riadh REF: 66715 Demandez un crédit immobilier 2.099 DT par mois > 119 000 DT 4 pièces 115 m² presse pdf S+2 en vente Sousse Riadh, Rue etawfik - Cité Riadh 4 pièces 115 m² 119 000 DT Nous contacter Description Appartement S+2 situé au quatrième étage d’une résidence sans ascenseur , bénéficiant d’un emplacement stratégique à Riadh 2 , à proximité immédiate de Carrefour et de la Rue Tawfik. L'entrée ouvre sur une pièce de vie lumineuse comprenant un salon spacieux ainsi que d’une cuisine indépendante . Un séchoir est également disponible. La partie nuit comprend deux chambres à coucher dont une avec balcon , ainsi qu’une salle de bains. Titre individuel disponible. Caractéristiques REF.: 66715 Etage: 4 (étage elevé) Libre: Oui Catégorie: Moyen standing Année de construction: 2004 Frais Prix: 119 000 DT Echéance crédit: DT 2.099 / mois Calculer l'échéancier À proximité Transport public Transport public 180 m Ecole Najah 350 m Ibn Charaf 820 m Lycée Erraidh 850 m Faculté de Droit et des Sciences Politiques 880 m Institut Supérieur des Études Technologique de Sousse (ISET) 1,1 Km Pharmacie Pharmacie de Nuit 790 m Pharmacie 1,9 Km Pharmacie de nuit 2,6 Km Commerce Carrefour 110 m Supermarchés 2,0 Km Carrefour Market 2,8 Km Boutique Sprt 17 magasin ben amar 23026 480 m Sprt 18 msatik el faydi22702 1,6 Km Le Sportif 1,9 Km L'Epi d'Or 2,5 Km Hammadi Abid 2,6 Km Bar Vape - Store 670 m Restaurant Restaurant universitaire ISET 980 m Restaurant Universitaire Zaouiet Sousse 1,6 Km Afficher tout Autres caractéristiques Chambres / Pièces Salon Chambres / Pièces Chambre à coucher Chambres / Pièces Chambre d'enfants Salle De Bain Avec une fenêtre Augmenter © OpenMapTiles | © OpenStreetMap contributors Autres biens proposés par l'agence 125 000 DT S+3 en vente Sousse Riadh, Rue Hatib ibn Abi Balta'ah - Cité Riadh 4 pièces 120 m² Nous contacter Nom* Prénom* E-mail* Téléphone* Message Conformément à la loi organique portant sur la protection des données à caractère personnel n° 2004-63 du 27 juillet 2004  [ Lire ] Accord pour les activités de Marketing Envoyer Propriété proposée par: Affilié: Mr Mohamed Chaieb Suarl Avenue Rue el Aoulama Bouhsina, Sousse,  4041 Sousse Riadh (SS) Avenue Rue el Aoulama Bouhsina, Sousse,  4041 Sousse Riadh (SS) contact.scr@tecnocasa.tn +21629010425 +21629 010 425 Facebook contact.scr@tecnocasa.tn Téléphone +21629 010 425 Facebook Site de l'agence Vendre un bien immobilier Plus d'informations Calculer l'itinéraire Notre équipe Mohamed Chaieb Affilié Sahar Ferchichi Responsable Agence Qui sommes-nous? Nos points forts Dans le monde Travaillez avec no",2026-09-14T20:08:05
tecnocasa_68012_html,tecnocasa,https://www.tecnocasa.tn/vendre/appartement/sousse/khezama/68012.html,vente,appartement,S+3 en vente,"Khezama, Avenue abi dorra al ghaffari",Khezema Est,7761.0,150.0,3,3,,,False,True,False,True,False,False,"Annonces maisons et appartements à vendre et à louer - Tecnocasa.tn Immobilier Professionnel Evaluer mon bien Chercher une agence Se connecter Accueil Immobilier Professionnel Evaluer mon bien Chercher une agence Se connecter Accueil Appartement en vente Appartement Sousse Khezama Khezema Est S+3 en vente Video visite 360° Photos Plan Map +11 S+3 en vente Khezama, Avenue abi dorra al ghaffari - Khezema Est REF: 68012 Demandez un crédit immobilier 7.761 DT par mois > 440 000 DT 450 000 DT (-3%) 4 pièces 150 m² presse pdf S+3 en vente Khezama, Avenue abi dorra al ghaffari - Khezema Est 4 pièces 150 m² 440 000 DT 450 000 DT (-3%) Nous contacter Description S+3 de standing moderne avec place de parking en sous-sol Découvrez cet élégant appartement S+3 situé dans une résidence sécurisée, calme et parfaitement entretenue, offrant un cadre de vie confortable et moderne. Partie jour : L'appartement dispose d'un salon spacieux et lumineux, d'une cuisine fonctionnelle ainsi que d'une salle d'eau pour les invités. Partie nuit : L'espace nuit comprend une suite parentale avec sa salle d'eau privative, deux chambres confortables et une salle d'eau commune. Une place de parking au sous-sol complète ce bien et assure confort et sécurité au quotidien. Cet appartement est idéal pour une résidence principale ou un investissement, grâce à son agencement fonctionnel, ses prestations de qualité et son emplacement privilégié. Caractéristiques REF.: 68012 Etage: 3 (étage moyen) Conditionnement: Autnome (Climatisation Split) Chauffage: Centrale (Central Pour L'Immeuble Avec Compteur Individuel) Libre: Non Catégorie: Haut standing Afficher tout Frais Prix: 440 000 DT Echéance crédit: DT 7.761 / mois Calculer l'échéancier À proximité Transport public Sousse-Hammam Sousse- Sahloul 320 m Municipality lavender 470 m Ecole Ecole primaire Khezama Est 790 m Collège AMED 800 m Institut Supérieur de L'informatique et des Techniques de Communications 1,1 Km Lycée Hammam Sousse 1,2 Km Centre de formation professionel 1,2 Km Pharmacie Pharmacie Ibn Jazia 400 m Pharmacie 460 m Les Jasmins 700 m Pharmacie de Nuit 890 m Pharmacie Ferjani 1,6 Km Hôpital Clinique des Oliviers 570 m Clinique les Oliviers 610 m Hôpital Khezama Est-Clinique CNSS 740 m Centre médical Ibn Khaldoun 1,7 Km Hôpital Sahloul 2,3 Km Commerce Supermarchés 410 m Royal Market 420 m Carrefour Express Khzema 470 m Coin d'Asma 610 m Carrefour 690 m Boutique Hammadi Abid 270 m Nicoise 320 m Magasins 410 m Viennoise 440 m Sprt 12 magasin Béchir 12946 830 m Bar Edge Bar 690 m BORA BORA Disco 800 m Miam's 1,3 Km Café 1,4 Km Vanilla 1,6 Km Restaurant Restaurant Bombay 110 m Venti 180 m Restaurants 250 m BurgersCops 350 m Pizza Hot Sousse 350 m Afficher tout Autres caractéristiques Balcon Réception Descriptif des locaux: Cuisine Cuisine équipée Salle De Bain Avec une fenêtre Chambres / Pièces Chambre à coucher Augmenter © OpenMapTiles | © OpenStreetMap contributors Autres biens proposés par l'agence Nous contacter Nom* Prénom*",2026-09-14T20:08:08
