id,source,type_transaction,type_bien,gouvernorat,ville,prix_dt_original,prix_dt,prix_m2,surface_m2,nb_pieces_original,nb_pieces,nb_chambres,nb_salles_bain,etage_original,etage,ascenseur,parking,piscine,climatisation,chauffage_central,meuble
mubawab_8372840,mubawab,vente,appartement,Tunis,,,455000.0,3033.3333333333335,150.0,3.0,3.0,3.0,2.0,,unknown,1,1,0,1,0,0
mubawab_7961881,mubawab,vente,appartement,Tunis,,,,,224.0,3.0,3.0,,3.0,,unknown,1,0,0,1,1,0
mubawab_8396467,mubawab,vente,appartement,Tunis,,,235000.0,3357.1428571428573,70.0,2.0,2.0,2.0,1.0,,unknown,1,0,0,1,1,0
mubawab_7964265,mubawab,vente,appartement,Tunis,,,,,266.0,,4.0,3.0,3.0,rez-de-chaussée,ground_floor,0,1,1,1,1,0
mubawab_8415330,mubawab,vente,appartement,Tunis,Manar,,300000.0,2238.805970149254,134.0,3.0,3.0,3.0,2.0,,unknown,1,1,0,1,1,0
mubawab_8392707,mubawab,vente,appartement,Tunis,,,189000.0,2700.0,70.0,1.0,1.0,1.0,1.0,,unknown,0,0,0,1,1,0
mubawab_8311833,mubawab,vente,appartement,Tunis,,,1050000.0,3500.0,300.0,3.0,3.0,3.0,,,unknown,0,1,0,0,0,0
mubawab_8413808,mubawab,vente,appartement,Tunis,,,350000.0,3125.0,112.0,3.0,3.0,3.0,2.0,,unknown,1,1,0,1,1,0
mubawab_8411104,mubawab,vente,appartement,Tunis,,,,,130.0,2.0,2.0,2.0,2.0,,unknown,1,1,0,1,1,0
mubawab_8415590,mubawab,vente,appartement,Tunis,,,260000.0,3023.2558139534885,86.0,,4.0,3.0,1.0,,unknown,0,1,0,0,1,0
mubawab_8143985,mubawab,vente,appartement,Tunis,,,1300000.0,6467.661691542288,201.0,,4.0,3.0,1.0,,unknown,1,1,0,1,1,0
mubawab_8398628,mubawab,vente,appartement,Tunis,,,,,350.0,3.0,3.0,3.0,2.0,,unknown,1,1,0,1,1,0
mubawab_8374595,mubawab,vente,appartement,Tunis,,,390000.0,4193.548387096775,93.0,2.0,2.0,2.0,1.0,,unknown,1,1,0,1,1,0
mubawab_8400614,mubawab,vente,appartement,Tunis,,,269000.0,2690.0,100.0,2.0,2.0,2.0,1.0,,unknown,1,0,0,0,1,0
mubawab_8367649,mubawab,vente,appartement,Tunis,,,,,200.0,3.0,3.0,3.0,4.0,1er étage,floor_1,1,1,0,1,1,0
mubawab_8414387,mubawab,vente,appartement,Tunis,,,360000.0,3396.2264150943397,106.0,3.0,3.0,3.0,2.0,7ème étage,floor_7,1,1,0,1,1,0
mubawab_8325237,mubawab,vente,appartement,Tunis,Manar,,220000.0,1641.7910447761194,134.0,3.0,3.0,3.0,2.0,,unknown,1,0,0,0,1,0
mubawab_8400618,mubawab,vente,appartement,Tunis,,,579000.0,3509.090909090909,165.0,3.0,3.0,3.0,2.0,,unknown,1,0,0,1,1,0
mubawab_8330660,mubawab,vente,appartement,Tunis,,,355000.0,2177.9141104294476,163.0,3.0,3.0,3.0,3.0,,unknown,1,1,0,1,1,0
mubawab_8414382,mubawab,vente,appartement,Tunis,,,265000.0,2245.762711864407,118.0,3.0,3.0,3.0,1.0,,unknown,0,1,0,0,1,0
mubawab_8142100,mubawab,vente,appartement,Tunis,,,1300000.0,6250.0,208.0,,4.0,3.0,,,unknown,0,1,0,0,0,0
mubawab_8252400,mubawab,vente,appartement,Tunis,El Menzah 9,,570000.0,2701.4218009478673,211.0,4.0,4.0,4.0,2.0,,unknown,1,1,0,0,0,0
mubawab_8405049,mubawab,vente,appartement,Tunis,,,395000.0,3110.236220472441,127.0,2.0,2.0,2.0,1.0,,unknown,1,1,0,1,1,0
mubawab_8409970,mubawab,vente,appartement,Tunis,,,530000.0,6625.0,80.0,2.0,2.0,2.0,1.0,,unknown,1,1,0,1,1,0
mubawab_8311647,mubawab,vente,appartement,Tunis,,,335000.0,2093.75,160.0,4.0,4.0,4.0,3.0,,unknown,1,1,0,1,1,0
mubawab_8395517,mubawab,vente,appartement,Tunis,,,288000.0,2938.7755102040815,98.0,2.0,2.0,2.0,1.0,rez-de-chaussée,ground_floor,1,0,0,1,1,0
mubawab_8069800,mubawab,vente,appartement,Tunis,,,1100000.0,5699.481865284974,193.0,3.0,3.0,3.0,,,unknown,0,1,0,0,0,0
mubawab_8372976,mubawab,vente,appartement,Tunis,,,225000.0,3040.5405405405404,74.0,2.0,2.0,2.0,1.0,,unknown,1,1,0,1,1,0
mubawab_7968346,mubawab,vente,appartement,Tunis,El Ouardia,,290000.0,2116.788321167883,137.0,2.0,2.0,2.0,1.0,,unknown,0,1,0,1,1,0
mubawab_8119698,mubawab,vente,appartement,Tunis,,,,,180.0,4.0,4.0,4.0,1.0,1er étage,floor_1,1,1,0,0,1,0
mubawab_8293806,mubawab,vente,appartement,Tunis,,,320000.0,2335.7664233576643,137.0,3.0,3.0,3.0,2.0,,unknown,1,1,0,1,1,0
mubawab_8401441,mubawab,vente,appartement,Tunis,El Menzah 1,,195000.0,2785.714285714286,70.0,,3.0,2.0,1.0,,unknown,0,0,0,0,0,0
mubawab_8112241,mubawab,vente,appartement,Tunis,,,420000.0,5250.0,80.0,1.0,1.0,,,,unknown,0,0,0,0,0,0
mubawab_8364580,mubawab,vente,appartement,Tunis,,,320000.0,2285.714285714286,140.0,3.0,3.0,3.0,1.0,,unknown,1,1,0,1,1,0
mubawab_7752529,mubawab,vente,appartement,Tunis,,,,,320.0,3.0,3.0,3.0,,,unknown,0,1,1,0,0,0
mubawab_8286675,mubawab,vente,appartement,Tunis,,,916000.0,6273.972602739726,146.0,2.0,2.0,2.0,2.0,,unknown,1,1,0,1,1,0
mubawab_8336396,mubawab,vente,appartement,Tunis,,,340000.0,2881.35593220339,118.0,2.0,2.0,2.0,2.0,,unknown,1,0,0,1,1,0
mubawab_8381800,mubawab,vente,appartement,Tunis,,,590000.0,5363.636363636364,110.0,2.0,2.0,2.0,1.0,,unknown,1,1,0,1,1,1
mubawab_8343868,mubawab,vente,appartement,Tunis,,,630000.0,3750.0,168.0,3.0,3.0,3.0,1.0,,unknown,1,1,0,1,1,0
mubawab_8341887,mubawab,vente,appartement,Tunis,,,695000.0,3159.090909090909,220.0,3.0,3.0,3.0,3.0,rez-de-chaussée,ground_floor,0,1,0,1,1,0
mubawab_8399756,mubawab,vente,appartement,Tunis,,,375000.0,1953.125,192.0,3.0,3.0,3.0,2.0,,unknown,1,0,0,0,1,0
mubawab_8409485,mubawab,vente,appartement,Tunis,,,130000.0,2000.0,65.0,2.0,2.0,2.0,1.0,,unknown,0,0,0,0,0,0
mubawab_8391862,mubawab,vente,appartement,Tunis,,,375000.0,3073.7704918032787,122.0,2.0,2.0,2.0,1.0,,unknown,1,1,0,0,1,0
mubawab_8259059,mubawab,vente,appartement,Tunis,,,950000.0,4318.181818181818,220.0,3.0,3.0,3.0,3.0,,unknown,1,1,0,1,1,1
mubawab_8384015,mubawab,vente,appartement,Tunis,,,315000.0,2943.92523364486,107.0,2.0,2.0,2.0,1.0,,unknown,1,0,0,1,1,0
mubawab_8410030,mubawab,vente,appartement,Tunis,,,1900000.0,6089.74358974359,312.0,,4.0,3.0,3.0,,unknown,1,1,1,1,1,0
mubawab_8204354,mubawab,vente,appartement,Tunis,El Ouardia,,280000.0,2545.4545454545455,110.0,2.0,2.0,2.0,1.0,,unknown,0,0,0,0,1,0
mubawab_7964247,mubawab,vente,appartement,Tunis,,,,,209.0,,3.0,2.0,3.0,rez-de-chaussée,ground_floor,0,1,0,1,1,0
mubawab_8412776,mubawab,vente,appartement,Tunis,,,188000.0,3357.1428571428573,56.0,3.0,3.0,3.0,1.0,,unknown,1,0,0,1,1,0
mubawab_8408951,mubawab,vente,appartement,Tunis,,,,,70.0,1.0,1.0,1.0,1.0,rez-de-chaussée,ground_floor,0,1,0,1,1,0
mubawab_8414442,mubawab,vente,appartement,Tunis,,,,,90.0,2.0,2.0,2.0,1.0,7éme étage,unknown,1,0,0,1,1,1
mubawab_8382905,mubawab,vente,appartement,Tunis,El Menzah 1,,280000.0,2333.3333333333335,120.0,2.0,2.0,2.0,1.0,RDC,ground_floor,0,1,0,1,1,0
mubawab_7964253,mubawab,vente,appartement,Tunis,,,,,210.0,2.0,2.0,2.0,3.0,rez-de-chaussée,ground_floor,0,1,0,1,1,0
mubawab_8370832,mubawab,vente,appartement,Tunis,,,670000.0,5583.333333333333,120.0,2.0,2.0,,2.0,,unknown,1,1,0,1,1,0
mubawab_8363181,mubawab,vente,appartement,Tunis,,,275000.0,,,1.0,1.0,,1.0,,unknown,1,1,0,1,1,0
mubawab_8231023,mubawab,vente,appartement,Tunis,Centre Urbain Nord,,430000.0,3257.5757575757575,132.0,2.0,2.0,2.0,2.0,,unknown,1,1,0,1,1,0
mubawab_8286595,mubawab,vente,appartement,Tunis,,,560000.0,4869.565217391304,115.0,2.0,2.0,2.0,1.0,,unknown,1,1,0,1,1,0
mubawab_8411118,mubawab,vente,appartement,Tunis,,,,,116.0,2.0,2.0,2.0,2.0,,unknown,1,1,0,1,1,1
mubawab_8411139,mubawab,vente,appartement,Tunis,,,550000.0,3395.061728395062,162.0,3.0,3.0,3.0,1.0,,unknown,1,1,0,1,1,0
mubawab_8389827,mubawab,vente,appartement,Tunis,,,,,125.0,1.0,1.0,,2.0,rez-de-chaussée,ground_floor,1,1,0,1,1,0
mubawab_8284217,mubawab,vente,appartement,Tunis,,,,,90.0,2.0,2.0,2.0,1.0,,unknown,1,1,0,1,1,0
mubawab_8411089,mubawab,vente,appartement,Tunis,,,310000.0,3100.0,100.0,2.0,2.0,2.0,1.0,1er étage,floor_1,1,1,0,1,1,0
mubawab_8393181,mubawab,vente,appartement,Tunis,,,298000.0,2785.0467289719627,107.0,2.0,2.0,2.0,1.0,3éme étage,unknown,1,0,0,1,1,0
mubawab_8411878,mubawab,vente,appartement,Tunis,Ain Zaghouan Nord,,,,282.0,,11.0,10.0,2.0,,unknown,0,1,0,1,1,0
mubawab_8413557,mubawab,vente,appartement,Tunis,,,490000.0,3500.0,140.0,3.0,3.0,3.0,1.0,,unknown,1,0,0,1,1,0
mubawab_8413909,mubawab,vente,appartement,Tunis,Manar,,490000.0,2413.793103448276,203.0,4.0,4.0,4.0,3.0,,unknown,0,1,0,1,1,0
mubawab_8381198,mubawab,vente,appartement,Tunis,,,700000.0,4666.666666666667,150.0,,4.0,3.0,2.0,rdc,ground_floor,0,1,0,1,1,0
mubawab_8412533,mubawab,vente,appartement,Tunis,,,245000.0,4537.037037037037,54.0,1.0,1.0,,1.0,,unknown,1,1,0,1,1,0
mubawab_8413046,mubawab,vente,appartement,Tunis,,,1100000.0,8148.148148148148,135.0,,4.0,3.0,3.0,,unknown,1,1,0,1,1,0
mubawab_8405838,mubawab,vente,appartement,Tunis,,,245000.0,2401.9607843137255,102.0,3.0,3.0,3.0,1.0,,unknown,1,0,0,1,1,0
mubawab_8413510,mubawab,vente,appartement,Tunis,,,450000.0,6521.739130434783,69.0,2.0,2.0,2.0,1.0,,unknown,0,1,0,0,0,0
mubawab_8347604,mubawab,vente,appartement,Tunis,,,370000.0,2868.217054263566,129.0,3.0,3.0,3.0,1.0,,unknown,0,1,0,1,1,0
mubawab_8412761,mubawab,vente,appartement,Tunis,,,298000.0,2055.1724137931033,145.0,3.0,3.0,3.0,2.0,,unknown,0,0,0,1,1,0
mubawab_8411339,mubawab,vente,appartement,Tunis,Jardins De Carthage,,,,70.0,1.0,1.0,1.0,1.0,,unknown,0,1,0,1,1,0
mubawab_8411133,mubawab,vente,appartement,Tunis,,,399600.0,3700.0,108.0,2.0,2.0,2.0,1.0,,unknown,1,1,0,1,1,0
mubawab_8003736,mubawab,vente,appartement,Tunis,Manar,,310000.0,2214.285714285714,140.0,3.0,3.0,3.0,2.0,,unknown,1,0,0,1,1,0
mubawab_8412807,mubawab,vente,appartement,Tunis,,,210000.0,3387.0967741935483,62.0,3.0,3.0,,1.0,,unknown,0,0,0,0,1,0
mubawab_8365219,mubawab,vente,appartement,Tunis,,,,,109.0,1.0,1.0,,2.0,,unknown,1,1,0,1,1,0
mubawab_8413278,mubawab,vente,appartement,Tunis,,,350000.0,2364.864864864865,148.0,3.0,3.0,3.0,1.0,,unknown,1,0,0,1,1,0
mubawab_8411130,mubawab,vente,appartement,Tunis,,,380000.0,3584.9056603773583,106.0,2.0,2.0,2.0,1.0,,unknown,1,1,0,1,1,0
mubawab_8357947,mubawab,vente,appartement,Tunis,,,425000.0,3695.6521739130435,115.0,3.0,3.0,3.0,2.0,,unknown,1,0,0,1,1,0
mubawab_8412438,mubawab,vente,appartement,Tunis,El Ouardia,,174000.0,1740.0,100.0,3.0,3.0,3.0,1.0,rez-de-chaussée,ground_floor,0,0,0,0,0,0
mubawab_8413513,mubawab,vente,appartement,Tunis,,,430000.0,5733.333333333333,75.0,2.0,2.0,2.0,1.0,,unknown,0,1,0,0,0,0
mubawab_8354922,mubawab,vente,appartement,Tunis,,,210000.0,1693.5483870967741,124.0,3.0,3.0,3.0,2.0,1er étage,floor_1,1,1,0,1,1,0
mubawab_8376554,mubawab,vente,appartement,Tunis,,,,,57.0,1.0,1.0,1.0,1.0,,unknown,1,1,0,1,1,0
mubawab_8184027,mubawab,vente,appartement,Tunis,,,750000.0,4746.835443037975,158.0,3.0,3.0,3.0,,,unknown,0,1,0,0,0,0
mubawab_8310160,mubawab,vente,appartement,Tunis,,,247000.0,3920.6349206349205,63.0,1.0,1.0,1.0,1.0,,unknown,1,0,0,1,1,0
mubawab_8362420,mubawab,vente,appartement,Tunis,,,300000.0,2238.805970149254,134.0,2.0,2.0,2.0,2.0,2ème étage,floor_2,0,1,0,1,1,0
mubawab_8409575,mubawab,vente,appartement,Tunis,,,1150000.0,5000.0,230.0,3.0,3.0,3.0,2.0,,unknown,1,1,0,0,0,0
mubawab_8315133,mubawab,vente,appartement,Tunis,,,440000.0,5500.0,80.0,1.0,1.0,,,,unknown,0,1,0,0,0,0
mubawab_8376817,mubawab,vente,appartement,Tunis,,,380000.0,6333.333333333333,60.0,1.0,1.0,1.0,1.0,,unknown,1,1,0,1,1,1
mubawab_8222995,mubawab,vente,appartement,Tunis,,,230000.0,1716.4179104477612,134.0,3.0,3.0,3.0,1.0,,unknown,1,1,0,1,1,0
mubawab_8068623,mubawab,vente,appartement,Tunis,,,351000.0,3475.2475247524753,101.0,2.0,2.0,2.0,1.0,1er étage,floor_1,1,1,0,1,1,0
mubawab_8402907,mubawab,vente,appartement,Tunis,,,,,64.0,1.0,1.0,1.0,1.0,,unknown,0,0,0,1,1,0
mubawab_8257775,mubawab,vente,appartement,Tunis,,,60000.0,352.94117647058823,170.0,3.0,3.0,3.0,2.0,,unknown,1,1,0,1,1,0
mubawab_8291865,mubawab,vente,appartement,Tunis,,,295000.0,2681.818181818182,110.0,2.0,2.0,2.0,1.0,4ème étage,floor_4,0,1,0,1,1,0
mubawab_8412841,mubawab,vente,appartement,Tunis,,,,,245.0,3.0,3.0,3.0,2.0,,unknown,1,1,0,1,1,1
mubawab_8376874,mubawab,vente,appartement,Tunis,,,550000.0,,59.0,2.0,2.0,2.0,2.0,,unknown,1,1,0,1,1,1
mubawab_8408351,mubawab,vente,appartement,Tunis,,,185000.0,3363.6363636363635,55.0,1.0,1.0,1.0,1.0,RDC,ground_floor,1,0,0,1,1,0
mubawab_8286528,mubawab,vente,appartement,Tunis,,,,,160.0,3.0,3.0,3.0,,,unknown,0,1,0,0,0,1
mubawab_8318552,mubawab,vente,appartement,Tunis,,,248000.0,3647.0588235294117,68.0,1.0,1.0,,1.0,,unknown,1,0,0,1,1,0
mubawab_8364800,mubawab,vente,appartement,Tunis,,,340000.0,2956.521739130435,115.0,2.0,2.0,2.0,2.0,,unknown,1,1,0,1,1,0
mubawab_8365495,mubawab,vente,appartement,Tunis,,,280000.0,2568.8073394495414,109.0,3.0,3.0,3.0,1.0,3éme étage,unknown,1,0,0,1,1,0
mubawab_8409709,mubawab,vente,appartement,Tunis,Manar,,,,60.0,1.0,1.0,1.0,1.0,1er étage,floor_1,1,0,0,1,1,1
mubawab_8408746,mubawab,vente,appartement,Tunis,,,380000.0,2602.7397260273974,146.0,3.0,3.0,3.0,3.0,,unknown,1,1,0,1,1,0
mubawab_7917234,mubawab,vente,appartement,Tunis,,,,,193.0,3.0,3.0,3.0,2.0,RDC,ground_floor,1,1,0,1,1,0
mubawab_8368503,mubawab,vente,appartement,Tunis,Centre Urbain Nord,,380000.0,4222.222222222223,90.0,2.0,2.0,2.0,1.0,,unknown,1,1,0,1,1,0
mubawab_8411786,mubawab,vente,appartement,Tunis,,,365000.0,2449.6644295302012,149.0,3.0,3.0,3.0,2.0,2ème étage,floor_2,1,1,0,1,1,0
mubawab_8341222,mubawab,vente,appartement,Tunis,,,,,136.0,,4.0,3.0,2.0,,unknown,1,1,0,1,1,0
mubawab_8365412,mubawab,vente,appartement,Tunis,,,260000.0,3561.6438356164385,73.0,1.0,1.0,,1.0,,unknown,1,1,0,1,1,0
mubawab_8376350,mubawab,vente,appartement,Tunis,,,,,49.0,1.0,1.0,1.0,1.0,,unknown,1,0,0,1,1,1
mubawab_8254398,mubawab,vente,appartement,Tunis,,,170000.0,2266.6666666666665,75.0,1.0,1.0,1.0,1.0,4e étage,floor_4,1,0,0,1,1,0
mubawab_8332271,mubawab,vente,appartement,Tunis,,,353000.0,4104.6511627906975,86.0,2.0,2.0,2.0,1.0,,unknown,0,1,0,0,0,0
mubawab_8391338,mubawab,vente,appartement,Tunis,,,130000.0,2166.6666666666665,60.0,2.0,2.0,2.0,,1er étage,floor_1,0,0,0,0,1,0
mubawab_8167149,mubawab,vente,appartement,Tunis,,,,,580.0,4.0,4.0,4.0,4.0,RDC,ground_floor,0,1,1,1,1,0
mubawab_8322211,mubawab,vente,appartement,Tunis,,,1800000.0,6000.0,300.0,3.0,3.0,3.0,,,unknown,0,1,1,0,0,0
mubawab_8405345,mubawab,vente,appartement,Tunis,,,100000.0,1538.4615384615386,65.0,2.0,2.0,2.0,1.0,1er étage,floor_1,0,0,0,0,0,0
mubawab_8337495,mubawab,vente,appartement,Tunis,,,450000.0,5172.413793103448,87.0,1.0,1.0,,1.0,,unknown,1,1,0,1,1,0
mubawab_8406950,mubawab,vente,appartement,Tunis,Sidi Hassine,,,,80.0,,4.0,3.0,1.0,,unknown,0,0,0,0,0,0
mubawab_8396343,mubawab,vente,appartement,Tunis,,,475000.0,1599.3265993265993,297.0,,4.0,3.0,2.0,rez-de-chaussée,ground_floor,0,1,0,1,1,0
mubawab_8379669,mubawab,vente,appartement,Tunis,,,285000.0,3166.6666666666665,90.0,2.0,2.0,2.0,1.0,1er étage,floor_1,0,0,0,0,0,0
mubawab_8407955,mubawab,vente,appartement,Tunis,El Ouardia,,250000.0,2083.3333333333335,120.0,,4.0,3.0,1.0,,unknown,0,0,0,1,0,0
mubawab_8150234,mubawab,vente,appartement,Tunis,,,290000.0,2543.8596491228072,114.0,2.0,2.0,2.0,1.0,,unknown,1,1,0,1,1,0
mubawab_8373687,mubawab,vente,appartement,Tunis,,,730000.0,4562.5,160.0,3.0,3.0,3.0,1.0,,unknown,0,1,0,1,0,1
mubawab_8350574,mubawab,vente,appartement,Tunis,,,590000.0,3933.3333333333335,150.0,3.0,3.0,3.0,3.0,,unknown,1,1,0,0,0,0
mubawab_8399769,mubawab,vente,appartement,Tunis,,,465000.0,3720.0,125.0,3.0,3.0,3.0,2.0,rez-de-chaussée,ground_floor,0,1,0,1,1,0
mubawab_8190285,mubawab,vente,appartement,Tunis,,,,,312.0,3.0,3.0,3.0,4.0,RDC,ground_floor,1,1,0,1,1,0
mubawab_8393777,mubawab,vente,appartement,Tunis,,,250000.0,2314.814814814815,108.0,3.0,3.0,2.0,1.0,1er étage,floor_1,0,1,0,0,0,0
mubawab_8348352,mubawab,vente,appartement,Tunis,,,420000.0,4666.666666666667,90.0,1.0,1.0,,1.0,,unknown,1,1,0,1,1,0
mubawab_8394399,mubawab,vente,appartement,Tunis,,,520000.0,4601.769911504425,113.0,,4.0,3.0,2.0,,unknown,0,0,0,1,1,0
mubawab_8395429,mubawab,vente,appartement,Tunis,,,230000.0,2875.0,80.0,3.0,3.0,3.0,1.0,,unknown,1,0,0,0,0,0
mubawab_8318832,mubawab,vente,appartement,Tunis,,,560000.0,7466.666666666667,75.0,1.0,1.0,,1.0,,unknown,1,1,0,1,1,0
mubawab_8404618,mubawab,vente,appartement,Tunis,,,350000.0,3097.3451327433627,113.0,,3.0,2.0,1.0,,unknown,1,1,0,1,1,0
mubawab_8405118,mubawab,vente,appartement,Tunis,,,280000.0,2978.723404255319,94.0,3.0,3.0,3.0,1.0,3éme étage,unknown,1,0,0,1,1,0
mubawab_8363042,mubawab,vente,appartement,Tunis,,,120000.0,1846.1538461538462,65.0,1.0,1.0,1.0,1.0,4éme étage,unknown,0,0,0,0,0,0
mubawab_8240922,mubawab,vente,appartement,Tunis,Manar,,195000.0,1788.9908256880733,109.0,2.0,2.0,2.0,1.0,,unknown,0,0,0,0,1,0
mubawab_8187263,mubawab,vente,appartement,Tunis,,,730000.0,4620.2531645569625,158.0,3.0,3.0,3.0,2.0,,unknown,1,1,0,1,1,0
mubawab_8245095,mubawab,vente,appartement,Tunis,,,335000.0,3101.8518518518517,108.0,2.0,2.0,2.0,1.0,,unknown,1,1,0,1,1,0
mubawab_8404099,mubawab,vente,appartement,Tunis,,,95000.0,2111.1111111111113,45.0,,3.0,2.0,,1er étage,floor_1,0,0,0,0,0,0
mubawab_8068618,mubawab,vente,appartement,Tunis,,,259400.0,,,1.0,1.0,,1.0,1er étage,floor_1,1,1,0,1,1,0
mubawab_8383359,mubawab,vente,appartement,Tunis,,,2600000.0,4452.054794520548,584.0,4.0,4.0,4.0,4.0,RDC,ground_floor,0,1,0,1,1,0
mubawab_8286649,mubawab,vente,appartement,Tunis,,,1600000.0,5128.205128205128,312.0,3.0,3.0,3.0,2.0,,unknown,1,1,0,1,1,0
mubawab_8406895,mubawab,vente,appartement,Tunis,,,195000.0,3145.1612903225805,62.0,1.0,1.0,1.0,1.0,2éme étage,unknown,0,0,0,0,0,0
mubawab_8398729,mubawab,vente,appartement,Tunis,,,375000.0,2757.3529411764707,136.0,3.0,3.0,3.0,2.0,,unknown,1,1,0,1,1,0
mubawab_8380666,mubawab,vente,appartement,Tunis,,,,,54.0,1.0,1.0,1.0,1.0,,unknown,1,1,0,1,1,0
mubawab_8380609,mubawab,vente,appartement,Tunis,,,193000.0,3574.074074074074,54.0,1.0,1.0,1.0,1.0,,unknown,1,0,0,0,1,0
mubawab_8277318,mubawab,vente,appartement,Tunis,,,260000.0,4062.5,64.0,1.0,1.0,,1.0,,unknown,0,1,0,1,1,1
mubawab_8336371,mubawab,vente,appartement,Tunis,,,1300000.0,6500.0,200.0,3.0,3.0,3.0,2.0,,unknown,1,1,0,1,1,0
mubawab_8402869,mubawab,vente,appartement,Tunis,,,400000.0,2547.770700636943,157.0,3.0,3.0,3.0,1.0,,unknown,0,0,0,0,0,1
mubawab_8366360,mubawab,vente,appartement,Tunis,,,,,108.0,2.0,2.0,2.0,1.0,,unknown,1,1,0,1,1,0
mubawab_8372967,mubawab,vente,appartement,Tunis,,,385000.0,2081.0810810810813,185.0,4.0,4.0,4.0,2.0,,unknown,1,1,0,1,1,0
mubawab_8346711,mubawab,vente,appartement,Tunis,,,245000.0,4224.137931034483,58.0,1.0,1.0,,1.0,,unknown,0,0,0,1,1,0
mubawab_8388912,mubawab,vente,appartement,Tunis,,,325000.0,2685.9504132231405,121.0,3.0,3.0,3.0,2.0,,unknown,1,0,0,1,1,0
mubawab_8402929,mubawab,vente,appartement,Tunis,,,238000.0,2644.4444444444443,90.0,2.0,2.0,2.0,1.0,Rez-de-chaussée,ground_floor,1,0,0,1,1,0
mubawab_8366618,mubawab,vente,appartement,Tunis,,,,,165.0,3.0,3.0,3.0,2.0,,unknown,1,1,0,1,1,0
mubawab_8305711,mubawab,vente,appartement,Tunis,,,186000.0,4428.571428571428,42.0,1.0,1.0,1.0,1.0,,unknown,1,1,0,1,1,0
mubawab_8364604,mubawab,vente,appartement,Tunis,,,370000.0,2700.7299270072995,137.0,3.0,3.0,3.0,2.0,,unknown,1,0,0,1,1,0
mubawab_8242533,mubawab,vente,appartement,Tunis,,,1330000.0,6861.328931077177,193.84,3.0,3.0,3.0,3.0,,unknown,1,1,0,1,1,0
mubawab_8402918,mubawab,vente,appartement,Tunis,,,,,60.0,1.0,1.0,1.0,1.0,rez-de-chaussée,ground_floor,0,1,0,1,1,0
mubawab_8330966,mubawab,vente,appartement,Tunis,,,259000.0,3924.242424242424,66.0,1.0,1.0,,1.0,,unknown,1,0,0,1,0,0
mubawab_8412520,mubawab,vente,appartement,Tunis,,,,,65.0,1.0,1.0,1.0,1.0,,unknown,1,0,0,1,1,0
mubawab_8309595,mubawab,vente,appartement,Tunis,,,315000.0,2916.6666666666665,108.0,2.0,2.0,2.0,2.0,,unknown,1,0,0,1,1,0
mubawab_8027780,mubawab,vente,appartement,Tunis,El Ouardia,,,,200.0,,5.0,4.0,2.0,,unknown,0,1,0,0,0,0
mubawab_8356289,mubawab,vente,appartement,Tunis,Manar,,300000.0,2400.0,125.0,3.0,3.0,3.0,2.0,1er étage,floor_1,1,0,0,1,1,0
mubawab_8392880,mubawab,vente,appartement,Tunis,,,340000.0,5666.666666666667,60.0,1.0,1.0,,1.0,,unknown,1,1,0,1,1,1
mubawab_8382500,mubawab,vente,appartement,Tunis,,,550000.0,3928.5714285714284,140.0,3.0,3.0,3.0,2.0,rez de chaussée,ground_floor,1,1,0,1,1,0
mubawab_8402913,mubawab,vente,appartement,Tunis,,,435000.0,3565.5737704918033,122.0,2.0,2.0,2.0,2.0,,unknown,1,1,0,1,1,0
mubawab_8310338,mubawab,vente,appartement,Tunis,,,186000.0,3875.0,48.0,1.0,1.0,1.0,1.0,,unknown,1,1,0,1,1,0
mubawab_8366492,mubawab,vente,appartement,Tunis,,,,,140.0,3.0,3.0,3.0,1.0,,unknown,0,0,0,0,1,0
mubawab_8411119,mubawab,vente,appartement,Tunis,,,,,185.0,3.0,3.0,3.0,3.0,,unknown,1,1,0,1,1,0
mubawab_8363069,mubawab,vente,appartement,Tunis,,,198000.0,3735.8490566037735,53.0,1.0,1.0,1.0,1.0,7ème étage,floor_7,1,0,0,1,1,0
mubawab_8245040,mubawab,vente,appartement,Tunis,,,265000.0,3192.7710843373493,83.0,2.0,2.0,2.0,1.0,,unknown,0,1,0,1,1,1
mubawab_8147412,mubawab,vente,appartement,Tunis,,,380000.0,3584.9056603773583,106.0,2.0,2.0,2.0,3.0,,unknown,1,1,0,1,1,0
mubawab_8401408,mubawab,vente,appartement,Tunis,,,945000.0,4725.0,200.0,3.0,3.0,3.0,3.0,4ème étage,floor_4,1,1,0,1,1,0
mubawab_8318536,mubawab,vente,appartement,Tunis,,,215000.0,4387.755102040816,49.0,1.0,1.0,1.0,1.0,,unknown,1,1,1,1,1,1
mubawab_8380466,mubawab,vente,appartement,Tunis,,,295000.0,2950.0,100.0,2.0,2.0,2.0,,,unknown,0,1,0,1,1,0
mubawab_8371645,mubawab,vente,appartement,Tunis,,,740000.0,3592.233009708738,206.0,3.0,3.0,3.0,1.0,,unknown,0,1,0,1,1,0
mubawab_8249225,mubawab,vente,appartement,Tunis,El Menzah 1,,255000.0,3541.6666666666665,72.0,2.0,2.0,,,,unknown,0,0,0,0,0,0
mubawab_8129418,mubawab,vente,appartement,Tunis,,,365000.0,2449.6644295302012,149.0,3.0,3.0,3.0,2.0,2ème étage,floor_2,1,1,0,1,1,0
mubawab_8374784,mubawab,vente,appartement,Tunis,,,247000.0,3920.6349206349205,63.0,1.0,1.0,,1.0,,unknown,1,0,0,1,1,1
mubawab_8400895,mubawab,vente,appartement,Tunis,,,1500000.0,5395.6834532374105,278.0,3.0,3.0,3.0,4.0,4ème étage,floor_4,1,1,0,1,1,0
mubawab_8395595,mubawab,vente,appartement,Tunis,,,475000.0,4059.82905982906,117.0,2.0,2.0,2.0,2.0,,unknown,1,1,0,1,1,0
mubawab_8314237,mubawab,vente,appartement,Tunis,Tunis Belvedere,,330000.0,3300.0,100.0,2.0,2.0,2.0,1.0,1er étage,floor_1,0,0,0,1,1,1
mubawab_8392919,mubawab,vente,appartement,Tunis,,,360000.0,3000.0,120.0,4.0,4.0,4.0,1.0,,unknown,1,1,0,0,1,0
mubawab_8413492,mubawab,vente,appartement,Tunis,,,180000.0,2857.1428571428573,63.0,1.0,1.0,1.0,1.0,RDC,ground_floor,0,1,0,1,1,0
mubawab_8198517,mubawab,vente,appartement,Tunis,Manar,,270000.0,3000.0,90.0,3.0,3.0,2.0,1.0,,unknown,1,0,0,0,1,0
mubawab_8318560,mubawab,vente,appartement,Tunis,,,,,49.0,1.0,1.0,1.0,1.0,,unknown,0,0,1,0,0,0
mubawab_8338154,mubawab,vente,appartement,Tunis,,,750000.0,6250.0,120.0,3.0,3.0,3.0,2.0,,unknown,0,1,0,1,1,0
mubawab_8232939,mubawab,vente,appartement,Tunis,,,750000.0,5136.986301369863,146.0,3.0,3.0,3.0,3.0,,unknown,1,1,0,1,1,0
mubawab_8390890,mubawab,vente,appartement,Tunis,El Ouardia,,89000.0,1271.4285714285713,70.0,2.0,2.0,2.0,1.0,,unknown,1,0,0,0,0,0
mubawab_8400812,mubawab,vente,appartement,Tunis,,,795000.0,4076.923076923077,195.0,3.0,3.0,3.0,3.0,,unknown,1,1,0,1,1,0
mubawab_8379299,mubawab,vente,appartement,Tunis,,,375000.0,2757.3529411764707,136.0,3.0,3.0,2.0,,,unknown,1,1,0,1,1,0
mubawab_8330986,mubawab,vente,appartement,Tunis,,,217000.0,3390.625,64.0,1.0,1.0,1.0,1.0,,unknown,0,0,0,0,0,0
mubawab_8352041,mubawab,vente,appartement,Tunis,,,650000.0,4482.758620689655,145.0,3.0,3.0,3.0,1.0,,unknown,1,1,0,1,1,0
mubawab_8350124,mubawab,vente,appartement,Tunis,El Omrane,,270000.0,2700.0,100.0,2.0,2.0,2.0,1.0,,unknown,1,0,0,1,1,0
mubawab_8369357,mubawab,vente,appartement,Tunis,,,990000.0,4304.347826086957,230.0,3.0,3.0,3.0,2.0,,unknown,1,1,0,1,1,0
mubawab_8387862,mubawab,vente,appartement,Tunis,El Ouardia,,270000.0,2076.923076923077,130.0,3.0,3.0,3.0,1.0,4ème étage,floor_4,1,1,0,1,1,0
mubawab_8391446,mubawab,vente,appartement,Tunis,,,288000.0,3512.1951219512193,82.0,2.0,2.0,2.0,1.0,,unknown,1,0,0,1,1,0
mubawab_8395503,mubawab,vente,appartement,Tunis,,,350000.0,2631.5789473684213,133.0,3.0,3.0,3.0,1.0,2éme étage,unknown,0,1,0,1,1,0
mubawab_8292447,mubawab,vente,appartement,Tunis,,,150000.0,3488.3720930232557,43.0,1.0,1.0,1.0,1.0,,unknown,1,0,0,1,1,0
mubawab_8397047,mubawab,vente,appartement,Tunis,,,420000.0,4666.666666666667,90.0,1.0,1.0,,1.0,,unknown,1,1,1,1,1,0
mubawab_8376076,mubawab,vente,appartement,Tunis,,,298000.0,2980.0,100.0,2.0,2.0,2.0,1.0,rez-de-chaussée,ground_floor,1,1,0,0,1,0
mubawab_8411464,mubawab,vente,appartement,Tunis,,,375000.0,4120.879120879121,91.0,2.0,2.0,2.0,1.0,,unknown,1,1,0,1,1,0
mubawab_8399671,mubawab,vente,appartement,Tunis,El Ouardia,,,,120.0,3.0,3.0,3.0,2.0,,unknown,1,1,0,1,1,1
mubawab_8293021,mubawab,vente,appartement,Tunis,,,590000.0,5363.636363636364,110.0,2.0,2.0,2.0,2.0,,unknown,1,1,0,1,1,1
mubawab_8288683,mubawab,vente,appartement,Tunis,,,295000.0,3470.5882352941176,85.0,1.0,1.0,,1.0,2ème étage,floor_2,1,1,0,1,1,1
mubawab_8398767,mubawab,vente,appartement,Tunis,,,215000.0,2792.2077922077924,77.0,1.0,1.0,,2.0,,unknown,0,0,0,0,0,0
mubawab_8414244,mubawab,vente,appartement,Tunis,,,820000.0,4100.0,200.0,,4.0,3.0,2.0,,unknown,0,0,0,0,0,0
mubawab_8411412,mubawab,vente,appartement,Tunis,,,,,77.0,2.0,2.0,,1.0,,unknown,1,0,0,1,1,0
mubawab_8319655,mubawab,vente,appartement,Tunis,,,255600.0,3814.9253731343283,67.0,1.0,1.0,,1.0,,unknown,1,1,0,1,1,0
mubawab_8371693,mubawab,vente,appartement,Tunis,,,345000.0,3285.714285714286,105.0,2.0,2.0,2.0,1.0,2ème étage,floor_2,1,1,0,1,1,0
mubawab_8353460,mubawab,vente,appartement,Tunis,,,190000.0,1900.0,100.0,,5.0,4.0,1.0,,unknown,0,0,0,0,1,0
mubawab_8301978,mubawab,vente,appartement,Tunis,,,990000.0,7226.2773722627735,137.0,3.0,3.0,3.0,1.0,,unknown,0,1,0,0,0,0
mubawab_8318404,mubawab,vente,appartement,Tunis,,,185000.0,3775.5102040816328,49.0,1.0,1.0,1.0,1.0,,unknown,1,0,0,1,1,0
mubawab_8362835,mubawab,vente,appartement,Tunis,,,210000.0,2413.793103448276,87.0,2.0,2.0,2.0,1.0,,unknown,1,0,0,0,1,0
mubawab_8399153,mubawab,vente,appartement,Tunis,,,695000.0,6261.261261261261,111.0,2.0,2.0,2.0,2.0,,unknown,1,1,1,1,1,0
mubawab_8413070,mubawab,vente,appartement,Tunis,,,700000.0,6250.0,112.0,,3.0,2.0,1.0,,unknown,1,1,0,1,1,0
mubawab_8380044,mubawab,vente,appartement,Tunis,,,245000.0,2722.222222222222,90.0,2.0,2.0,2.0,1.0,,unknown,0,1,0,1,0,0
mubawab_8265990,mubawab,vente,appartement,Tunis,,,280000.0,3111.1111111111113,90.0,2.0,2.0,2.0,1.0,,unknown,1,0,0,1,1,1
mubawab_8400240,mubawab,vente,appartement,Tunis,,,785000.0,3944.7236180904524,199.0,3.0,3.0,3.0,3.0,,unknown,1,1,0,1,1,0
mubawab_8397412,mubawab,vente,appartement,Tunis,,,970000.0,5000.0,194.0,3.0,3.0,3.0,3.0,rez de chaussée,ground_floor,1,1,1,1,1,0
mubawab_8395249,mubawab,vente,appartement,Tunis,,,,,155.0,3.0,3.0,3.0,2.0,,unknown,1,1,0,1,1,0
mubawab_8364121,mubawab,vente,appartement,Tunis,,,326000.0,4075.0,80.0,1.0,1.0,,1.0,1er étage,floor_1,1,1,0,1,1,0
mubawab_8124166,mubawab,vente,appartement,Tunis,Manar,,255000.0,2125.0,120.0,3.0,3.0,3.0,1.0,3ème étage,floor_3,1,1,0,0,0,0
mubawab_8384708,mubawab,vente,appartement,Tunis,Tunis Belvedere,,,,110.0,3.0,3.0,3.0,1.0,,unknown,0,0,0,0,0,0
mubawab_8331957,mubawab,vente,appartement,Tunis,,,285000.0,2126.865671641791,134.0,2.0,2.0,,2.0,,unknown,1,1,0,0,1,0
mubawab_8385022,mubawab,vente,appartement,Tunis,,,680000.0,5037.037037037037,135.0,2.0,2.0,2.0,2.0,rdc,ground_floor,0,1,0,1,1,0
mubawab_8398118,mubawab,vente,appartement,Tunis,,,355000.0,2500.0,142.0,3.0,3.0,3.0,2.0,rez-de-chaussée,ground_floor,0,1,0,1,1,0
mubawab_8399307,mubawab,vente,appartement,Tunis,,,,,138.0,,4.0,3.0,2.0,,unknown,1,1,0,1,1,1
mubawab_8399438,mubawab,vente,appartement,Tunis,Manar,,350000.0,2916.6666666666665,120.0,,4.0,3.0,2.0,,unknown,1,0,0,0,1,0
mubawab_8399566,mubawab,vente,appartement,Tunis,El Omrane,,400000.0,2162.162162162162,185.0,3.0,3.0,3.0,3.0,,unknown,1,1,0,1,1,0
mubawab_8399258,mubawab,vente,appartement,Tunis,,,350000.0,2364.864864864865,148.0,4.0,4.0,4.0,1.0,2éme étage,unknown,0,0,0,0,1,0
mubawab_8395304,mubawab,vente,appartement,Tunis,,,,,96.0,2.0,2.0,,1.0,rez-de-chaussée,ground_floor,0,0,0,0,1,0
mubawab_8379784,mubawab,vente,appartement,Tunis,El Menzah 9,,280000.0,2333.3333333333335,120.0,3.0,3.0,2.0,1.0,,unknown,0,1,0,1,1,0
mubawab_8357801,mubawab,vente,appartement,Tunis,,,,,,,3.0,2.0,,Rez-de-chaussée,ground_floor,1,1,0,1,0,0
mubawab_8395367,mubawab,vente,appartement,Tunis,,,,,130.0,,3.0,2.0,1.0,,unknown,0,0,0,0,0,0
mubawab_8393801,mubawab,vente,appartement,Tunis,,,220000.0,3384.6153846153848,65.0,1.0,1.0,1.0,1.0,,unknown,0,0,0,0,0,0
mubawab_8382894,mubawab,vente,appartement,Tunis,,,400000.0,2684.5637583892617,149.0,4.0,4.0,4.0,1.0,6ème étage,floor_6,1,1,0,1,1,0
mubawab_8386663,mubawab,vente,appartement,Tunis,,,250000.0,3521.1267605633802,71.0,1.0,1.0,,1.0,,unknown,1,1,0,1,1,0
mubawab_8337549,mubawab,vente,appartement,Tunis,,,160000.0,3200.0,50.0,2.0,2.0,2.0,1.0,,unknown,1,0,0,1,1,0
mubawab_8159889,mubawab,vente,appartement,Tunis,,,299000.0,3986.6666666666665,75.0,1.0,1.0,,1.0,1er étage,floor_1,1,1,0,0,0,0
mubawab_8382470,mubawab,vente,appartement,Tunis,,,335000.0,2518.7969924812032,133.0,3.0,3.0,3.0,1.0,5ème étage,floor_5,1,0,0,0,1,0
mubawab_8394987,mubawab,vente,appartement,Tunis,,,480000.0,3902.439024390244,123.0,2.0,2.0,2.0,2.0,,unknown,1,1,0,1,1,0
mubawab_8395148,mubawab,vente,appartement,Tunis,,,375000.0,1027.3972602739725,365.0,,4.0,3.0,3.0,,unknown,0,1,0,0,0,0
mubawab_8368386,mubawab,vente,appartement,Tunis,,,255000.0,1847.8260869565217,138.0,3.0,3.0,3.0,2.0,,unknown,1,0,0,1,1,0
mubawab_8353400,mubawab,vente,appartement,Tunis,,,155000.0,2460.3174603174602,63.0,1.0,1.0,1.0,1.0,1er étage,floor_1,0,0,0,0,0,0
mubawab_8378155,mubawab,vente,appartement,Tunis,,,145000.0,1686.046511627907,86.0,2.0,2.0,2.0,1.0,,unknown,0,0,0,0,0,0
mubawab_8158950,mubawab,vente,appartement,Tunis,,,110000.0,1279.0697674418604,86.0,2.0,2.0,2.0,1.0,,unknown,0,0,0,0,0,0
mubawab_8396882,mubawab,vente,appartement,Tunis,,,860000.0,5276.073619631902,163.0,3.0,3.0,3.0,3.0,,unknown,1,1,1,1,1,0
mubawab_8397793,mubawab,vente,appartement,Tunis,,,570000.0,5089.285714285715,112.0,2.0,2.0,2.0,2.0,,unknown,1,1,0,1,1,0
mubawab_8395511,mubawab,vente,appartement,Tunis,,,315000.0,2889.908256880734,109.0,2.0,2.0,2.0,1.0,,unknown,1,1,0,1,1,0
mubawab_8294100,mubawab,vente,appartement,Tunis,,,170000.0,3400.0,50.0,1.0,1.0,1.0,1.0,,unknown,0,0,0,1,0,1
mubawab_8285209,mubawab,vente,appartement,Tunis,,,185000.0,3425.925925925926,54.0,1.0,1.0,1.0,1.0,,unknown,1,0,0,0,1,0
mubawab_8396282,mubawab,vente,appartement,Tunis,,,990000.0,7226.2773722627735,137.0,3.0,3.0,3.0,2.0,,unknown,1,1,0,1,1,0
mubawab_8396624,mubawab,vente,appartement,Tunis,,,330000.0,2640.0,125.0,2.0,2.0,2.0,3.0,,unknown,1,0,0,1,1,0
mubawab_8396357,mubawab,vente,appartement,Tunis,,,135000.0,2700.0,50.0,1.0,1.0,1.0,1.0,,unknown,0,0,0,0,0,0
mubawab_8350226,mubawab,vente,appartement,Tunis,,,350000.0,2215.1898734177216,158.0,2.0,2.0,,,rez-de-chaussée,ground_floor,0,0,0,0,1,0
mubawab_8396917,mubawab,vente,appartement,Tunis,,,68000.0,1360.0,50.0,1.0,1.0,,1.0,1er Étage,floor_1,1,0,0,0,0,0
mubawab_8371533,mubawab,vente,appartement,Tunis,,,305000.0,4485.294117647059,68.0,1.0,1.0,,2.0,,unknown,1,1,0,1,1,1
mubawab_8387939,mubawab,vente,appartement,Tunis,El Menzah 9,,480000.0,4000.0,120.0,2.0,2.0,2.0,2.0,RDC,ground_floor,1,1,0,1,1,0
mubawab_8031105,mubawab,vente,appartement,Tunis,,,,,183.0,3.0,3.0,3.0,2.0,,unknown,0,1,0,1,1,0
mubawab_8331580,mubawab,vente,appartement,Tunis,El Menzah 9,,210000.0,1544.1176470588234,136.0,3.0,3.0,3.0,1.0,,unknown,0,0,0,0,1,0
mubawab_8381773,mubawab,vente,appartement,Tunis,,,390000.0,3482.1428571428573,112.0,3.0,3.0,3.0,2.0,,unknown,0,0,0,0,0,0
mubawab_8346292,mubawab,vente,appartement,Tunis,,,225000.0,2250.0,100.0,2.0,2.0,2.0,1.0,,unknown,1,1,0,0,1,0
mubawab_8349879,mubawab,vente,appartement,Tunis,,,140000.0,2800.0,50.0,1.0,1.0,1.0,1.0,,unknown,1,0,0,0,1,0
mubawab_8379680,mubawab,vente,appartement,Tunis,El Menzah 9,,270000.0,2250.0,120.0,2.0,2.0,2.0,1.0,,unknown,0,1,0,1,1,0
mubawab_8380618,mubawab,vente,appartement,Tunis,,,,,72.0,1.0,1.0,,1.0,,unknown,1,0,0,1,1,0
mubawab_8392300,mubawab,vente,appartement,Tunis,,,320000.0,2962.962962962963,108.0,2.0,2.0,2.0,1.0,,unknown,1,1,0,1,1,1
mubawab_8392850,mubawab,vente,appartement,Tunis,El Omrane,,218000.0,2626.5060240963853,83.0,,6.0,5.0,2.0,,unknown,0,1,0,1,0,0
mubawab_8386682,mubawab,vente,appartement,Tunis,,,150000.0,3191.4893617021276,47.0,0.0,1.0,0.0,1.0,,unknown,1,0,0,1,1,1
mubawab_8392178,mubawab,vente,appartement,Tunis,,,250000.0,4310.3448275862065,58.0,1.0,1.0,,1.0,,unknown,1,1,0,1,1,1
mubawab_8391898,mubawab,vente,appartement,Tunis,,,250000.0,2604.1666666666665,96.0,2.0,2.0,2.0,1.0,,unknown,1,1,0,1,1,0
mubawab_8384339,mubawab,vente,appartement,Tunis,,,,,195.0,3.0,3.0,3.0,2.0,,unknown,1,1,0,1,1,0
mubawab_8283894,mubawab,vente,appartement,Tunis,Manar,,190000.0,2923.076923076923,65.0,1.0,1.0,1.0,1.0,1er étage,floor_1,1,1,0,1,1,0
mubawab_8389202,mubawab,vente,appartement,Tunis,,,380000.0,8085.106382978724,47.0,1.0,1.0,1.0,1.0,,unknown,1,0,0,1,1,0
mubawab_8393711,mubawab,vente,appartement,Tunis,Manar,,265000.0,2944.4444444444443,90.0,2.0,2.0,2.0,1.0,,unknown,0,0,0,0,0,0
mubawab_8405382,mubawab,vente,appartement,Tunis,Manar,,270000.0,2700.0,100.0,3.0,3.0,3.0,1.0,,unknown,1,0,0,1,1,0
mubawab_8349783,mubawab,vente,appartement,Tunis,,,357000.0,3051.2820512820513,117.0,2.0,2.0,2.0,1.0,1er étage,floor_1,1,1,0,0,1,0
mubawab_8339896,mubawab,vente,appartement,Tunis,,,,,200.0,,4.0,3.0,4.0,,unknown,1,1,0,1,1,0
mubawab_7852062,mubawab,vente,appartement,Tunis,,,1950000.0,5571.428571428572,350.0,,5.0,4.0,5.0,,unknown,1,1,1,1,1,0
mubawab_8393794,mubawab,vente,appartement,Tunis,El Menzah 9,,725000.0,3419.811320754717,212.0,4.0,4.0,4.0,1.0,rez de chaussée,ground_floor,0,1,0,0,0,0
mubawab_8380607,mubawab,vente,appartement,Tunis,,,176000.0,3666.6666666666665,48.0,1.0,1.0,1.0,1.0,,unknown,1,0,0,0,1,0
mubawab_8391486,mubawab,vente,appartement,Tunis,,,245000.0,2816.0919540229884,87.0,2.0,2.0,2.0,2.0,6éme étage,unknown,1,0,0,1,1,0
mubawab_7892625,mubawab,vente,appartement,Tunis,Manar,,1600000.0,3200.0,500.0,,10.0,9.0,5.0,rez de chaussée,ground_floor,0,1,0,1,1,0
mubawab_8307050,mubawab,vente,appartement,Tunis,,,340000.0,2881.35593220339,118.0,3.0,3.0,3.0,1.0,,unknown,0,1,0,1,1,0
mubawab_8318561,mubawab,vente,appartement,Tunis,,,270000.0,3139.5348837209303,86.0,1.0,1.0,,1.0,,unknown,0,1,0,0,0,0
mubawab_8394314,mubawab,vente,appartement,Tunis,El Menzah 9,,650000.0,3823.529411764706,170.0,3.0,3.0,3.0,2.0,,unknown,1,0,0,1,1,0
mubawab_8233955,mubawab,vente,appartement,Tunis,Manar,,,,126.0,,4.0,3.0,2.0,,unknown,1,1,0,0,0,0
mubawab_8405675,mubawab,vente,appartement,Tunis,,,120000.0,1875.0,64.0,2.0,2.0,2.0,1.0,,unknown,0,0,0,0,0,0
mubawab_8286297,mubawab,vente,appartement,Tunis,,,,,146.0,4.0,4.0,3.0,1.0,,unknown,0,1,0,0,0,0
mubawab_8392203,mubawab,vente,appartement,Tunis,,,,,103.0,,6.0,5.0,1.0,,unknown,0,0,0,0,0,0
mubawab_8380534,mubawab,vente,appartement,Tunis,,,280000.0,1555.5555555555557,180.0,3.0,3.0,,2.0,,unknown,0,0,0,0,0,0
mubawab_8388239,mubawab,vente,appartement,Tunis,,,430000.0,3028.169014084507,142.0,,4.0,3.0,1.0,5ème étage,floor_5,1,1,0,1,1,0
mubawab_8372106,mubawab,vente,appartement,Tunis,,,295000.0,2341.2698412698414,126.0,3.0,3.0,3.0,1.0,,unknown,0,1,0,1,1,0
mubawab_8389231,mubawab,vente,appartement,Tunis,,,300000.0,1948.051948051948,154.0,3.0,3.0,,2.0,1er étage,floor_1,1,1,0,1,1,0
mubawab_8347620,mubawab,vente,appartement,Tunis,,,400000.0,2941.176470588235,136.0,3.0,3.0,3.0,2.0,,unknown,1,0,0,1,1,1
mubawab_7976010,mubawab,vente,appartement,Tunis,,,1060000.0,4344.262295081967,244.0,3.0,3.0,3.0,,,unknown,0,1,0,0,0,0
mubawab_8376535,mubawab,vente,appartement,Tunis,,,1650000.0,5892.857142857143,280.0,3.0,3.0,3.0,4.0,,unknown,1,1,0,1,1,1
mubawab_8356835,mubawab,vente,appartement,Tunis,Centre Urbain Nord,,550000.0,4135.338345864661,133.0,3.0,3.0,3.0,2.0,,unknown,1,1,0,1,1,0
mubawab_8359873,mubawab,vente,appartement,Tunis,,,380000.0,3220.3389830508477,118.0,,3.0,2.0,1.0,,unknown,1,0,0,1,1,0
mubawab_8378784,mubawab,vente,appartement,Tunis,,,,,258.0,,5.0,4.0,2.0,,unknown,0,1,0,0,0,0
mubawab_8382417,mubawab,vente,appartement,Tunis,,,320000.0,2831.858407079646,113.0,2.0,2.0,2.0,1.0,,unknown,1,1,0,1,1,0
mubawab_8359970,mubawab,vente,appartement,Tunis,,,,,64.0,1.0,1.0,,1.0,,unknown,1,0,0,0,1,0
mubawab_8360598,mubawab,vente,appartement,Tunis,,,245000.0,2848.8372093023254,86.0,2.0,2.0,2.0,1.0,,unknown,1,1,0,1,1,0
mubawab_8389831,mubawab,vente,appartement,Tunis,Centre Urbain Nord,,290000.0,4754.098360655737,61.0,,3.0,2.0,1.0,,unknown,1,1,0,0,0,0
mubawab_8359906,mubawab,vente,appartement,Tunis,,,480000.0,3310.344827586207,145.0,,3.0,2.0,2.0,,unknown,1,1,0,1,1,0
mubawab_8306527,mubawab,vente,appartement,Tunis,Manar,,,,130.0,3.0,3.0,3.0,2.0,,unknown,1,0,0,1,1,0
mubawab_8386692,mubawab,vente,appartement,Tunis,Tunis Belvedere,,,,65.0,1.0,1.0,1.0,1.0,,unknown,1,1,0,1,1,0
mubawab_8076394,mubawab,vente,appartement,Tunis,,,900000.0,4736.8421052631575,190.0,4.0,4.0,4.0,,,unknown,0,1,0,0,0,0
mubawab_8386917,mubawab,vente,appartement,Tunis,Manar,,,,136.0,3.0,3.0,3.0,1.0,,unknown,0,0,0,1,1,0
mubawab_8151122,mubawab,vente,appartement,Tunis,,,950000.0,2111.1111111111113,450.0,,5.0,4.0,1.0,rez-de-chaussée,ground_floor,0,1,0,0,1,0
mubawab_8388018,mubawab,vente,appartement,Tunis,,,700000.0,5833.333333333333,120.0,2.0,2.0,2.0,,,unknown,0,1,0,0,0,0
mubawab_8395472,mubawab,vente,appartement,Tunis,,,275000.0,2864.5833333333335,96.0,2.0,2.0,2.0,1.0,,unknown,0,1,0,0,0,0
mubawab_8388286,mubawab,vente,appartement,Tunis,,,195000.0,3305.084745762712,59.0,1.0,1.0,1.0,1.0,,unknown,1,0,0,1,1,1
mubawab_8386612,mubawab,vente,appartement,Tunis,Manar,,200000.0,2000.0,100.0,2.0,2.0,2.0,1.0,,unknown,1,0,0,1,1,0
mubawab_8398790,mubawab,vente,appartement,Tunis,,,85000.0,1307.6923076923076,65.0,2.0,2.0,2.0,1.0,,unknown,1,0,0,0,0,0
mubawab_8386472,mubawab,vente,appartement,Tunis,Manar,,280000.0,1750.0,160.0,3.0,3.0,3.0,2.0,,unknown,1,0,0,1,1,0
mubawab_8361105,mubawab,vente,appartement,Tunis,,,320000.0,1882.3529411764705,170.0,3.0,3.0,3.0,1.0,,unknown,1,1,0,1,1,0
mubawab_8371463,mubawab,vente,appartement,Tunis,La Marsa,,510000.0,4080.0,125.0,2.0,2.0,2.0,2.0,,unknown,1,1,0,1,1,1
mubawab_8384250,mubawab,vente,appartement,Tunis,,,,,106.0,2.0,2.0,2.0,1.0,2éme étage,unknown,1,1,0,1,1,0
mubawab_8354929,mubawab,vente,appartement,Tunis,,,280000.0,1555.5555555555557,180.0,4.0,4.0,4.0,2.0,rez-de-chaussée,ground_floor,0,1,0,0,0,0
mubawab_8354018,mubawab,vente,appartement,Tunis,,,375000.0,3947.3684210526317,95.0,2.0,2.0,2.0,2.0,,unknown,1,1,0,1,1,0
mubawab_8341357,mubawab,vente,appartement,Tunis,,,180000.0,2117.6470588235293,85.0,2.0,2.0,2.0,1.0,rez-de-chaussée,ground_floor,0,0,0,0,1,0
mubawab_8346002,mubawab,vente,appartement,Tunis,El Menzah 9,,390000.0,3545.4545454545455,110.0,3.0,3.0,3.0,2.0,,unknown,0,0,0,1,1,0
mubawab_8273649,mubawab,vente,appartement,Tunis,,,920000.0,6433.566433566433,143.0,3.0,3.0,3.0,2.0,,unknown,1,1,0,1,1,0
mubawab_8384238,mubawab,vente,appartement,Tunis,El Menzah 9,,,,132.0,2.0,2.0,2.0,1.0,3éme étage,unknown,1,1,0,1,1,0
mubawab_8381701,mubawab,vente,appartement,Tunis,,,630000.0,5338.983050847458,118.0,2.0,2.0,2.0,1.0,RDC,ground_floor,0,1,0,0,0,0
mubawab_8332428,mubawab,vente,appartement,Tunis,,,,,357.0,3.0,3.0,3.0,1.0,,unknown,1,1,1,0,0,0
mubawab_8275990,mubawab,vente,appartement,Tunis,,,1300000.0,6500.0,200.0,3.0,3.0,3.0,,,unknown,0,1,0,0,0,0
mubawab_8363849,mubawab,vente,appartement,Tunis,Centre Urbain Nord,,820000.0,4685.714285714285,175.0,3.0,3.0,3.0,3.0,,unknown,1,1,0,1,1,0
mubawab_8381953,mubawab,vente,appartement,Tunis,,,550000.0,3395.061728395062,162.0,3.0,3.0,3.0,2.0,,unknown,1,1,0,1,1,0
mubawab_8265023,mubawab,vente,appartement,Tunis,,,360000.0,4000.0,90.0,2.0,2.0,,1.0,,unknown,1,1,0,0,1,0
mubawab_8321662,mubawab,vente,appartement,Tunis,,,590000.0,4538.461538461538,130.0,,4.0,3.0,1.0,,unknown,1,1,0,1,1,0
mubawab_8310027,mubawab,vente,appartement,Tunis,,,110000.0,1294.1176470588234,85.0,2.0,2.0,2.0,1.0,,unknown,0,0,0,0,0,0
mubawab_8302491,mubawab,vente,appartement,Tunis,,,225000.0,3308.823529411765,68.0,1.0,1.0,1.0,1.0,,unknown,1,1,0,1,1,0
mubawab_8382454,mubawab,vente,appartement,Tunis,El Ouardia,,,,116.0,3.0,3.0,3.0,1.0,,unknown,1,0,0,0,1,0
mubawab_8380881,mubawab,vente,appartement,Tunis,,,320000.0,2962.962962962963,108.0,2.0,2.0,2.0,1.0,,unknown,1,1,0,1,1,1
mubawab_8380162,mubawab,vente,appartement,Tunis,Bab Souika,,280000.0,2333.3333333333335,120.0,3.0,3.0,3.0,1.0,,unknown,0,0,0,0,0,0
mubawab_8345745,mubawab,vente,appartement,Tunis,,,260000.0,2736.842105263158,95.0,2.0,2.0,2.0,1.0,,unknown,1,0,0,0,0,0
mubawab_8378614,mubawab,vente,appartement,Tunis,,,540000.0,4029.8507462686566,134.0,2.0,2.0,2.0,1.0,,unknown,0,1,0,0,0,0
mubawab_8385988,mubawab,vente,appartement,Tunis,,,320000.0,2962.962962962963,108.0,2.0,2.0,2.0,1.0,Rez-de-chaussée,ground_floor,1,1,0,0,1,0
mubawab_8354012,mubawab,vente,appartement,Tunis,,,567000.0,3588.6075949367087,158.0,3.0,3.0,3.0,3.0,,unknown,1,1,0,1,1,0
mubawab_8384721,mubawab,vente,appartement,Tunis,,,1800000.0,5590.062111801242,322.0,3.0,3.0,,,,unknown,0,1,1,0,0,0
mubawab_8374004,mubawab,vente,appartement,Tunis,,,310000.0,2743.362831858407,113.0,3.0,3.0,3.0,2.0,,unknown,0,1,0,1,1,0
mubawab_8408197,mubawab,vente,appartement,Tunis,,,428400.0,3600.0,119.0,2.0,2.0,2.0,2.0,,unknown,1,1,0,1,1,0
mubawab_8358173,mubawab,vente,appartement,Tunis,,,605000.0,3734.567901234568,162.0,3.0,3.0,3.0,2.0,,unknown,1,1,0,1,1,0
mubawab_8381631,mubawab,vente,appartement,Tunis,,,,,70.0,1.0,1.0,,1.0,,unknown,1,0,0,1,1,1
mubawab_8349231,mubawab,vente,appartement,Tunis,,,460000.0,3046.3576158940396,151.0,3.0,3.0,3.0,2.0,1er étage,floor_1,1,1,0,0,1,0
mubawab_8385841,mubawab,vente,appartement,Tunis,,,,,159.0,3.0,3.0,3.0,2.0,,unknown,0,1,0,1,1,1
mubawab_8337574,mubawab,vente,appartement,Tunis,Centre Urbain Nord,,530000.0,5096.153846153846,104.0,3.0,3.0,3.0,2.0,rez-de-chaussée,ground_floor,1,1,0,1,1,0
mubawab_8296826,mubawab,vente,appartement,Tunis,,,550000.0,3333.3333333333335,165.0,3.0,3.0,3.0,1.0,,unknown,1,1,0,1,1,0
mubawab_8373998,mubawab,vente,appartement,Tunis,,,380000.0,2435.897435897436,156.0,4.0,4.0,3.0,2.0,,unknown,1,1,0,1,1,0
mubawab_8247178,mubawab,vente,appartement,Tunis,,,1400000.0,5128.205128205128,273.0,3.0,3.0,3.0,3.0,,unknown,1,1,0,1,1,0
mubawab_8374299,mubawab,vente,appartement,Tunis,,,320000.0,3106.7961165048546,103.0,3.0,3.0,3.0,1.0,,unknown,1,1,0,1,1,0
mubawab_8335281,mubawab,vente,appartement,Tunis,,,290000.0,2636.3636363636365,110.0,2.0,2.0,2.0,2.0,,unknown,1,0,0,1,1,0
mubawab_8375991,mubawab,vente,appartement,Tunis,,,190000.0,4318.181818181818,44.0,1.0,1.0,1.0,1.0,,unknown,1,0,0,1,1,0
mubawab_8357932,mubawab,vente,appartement,Tunis,,,338000.0,3976.470588235294,85.0,2.0,2.0,2.0,1.0,,unknown,1,0,0,1,0,0
mubawab_8365526,mubawab,vente,appartement,Tunis,,,243000.0,2430.0,100.0,2.0,2.0,2.0,2.0,,unknown,1,0,0,0,0,0
mubawab_8399194,mubawab,vente,appartement,Tunis,,,196000.0,3266.6666666666665,60.0,1.0,1.0,1.0,1.0,,unknown,1,0,0,1,1,0
mubawab_8378600,mubawab,vente,appartement,Tunis,,,430000.0,4300.0,100.0,,4.0,3.0,,,unknown,0,0,0,0,0,0
mubawab_8332345,mubawab,vente,appartement,Tunis,,,475000.0,2101.7699115044247,226.0,4.0,4.0,4.0,2.0,,unknown,1,1,0,1,1,0
mubawab_8376819,mubawab,vente,appartement,Tunis,,,550000.0,,55.0,2.0,2.0,2.0,1.0,,unknown,1,1,0,1,1,1
mubawab_8371439,mubawab,vente,appartement,Tunis,,,250000.0,4385.964912280701,57.0,1.0,1.0,,1.0,,unknown,1,1,0,1,1,0
mubawab_8221584,mubawab,vente,appartement,Tunis,Centre Urbain Nord,,295000.0,3511.904761904762,84.0,1.0,1.0,,1.0,,unknown,1,0,0,1,1,0
mubawab_8374968,mubawab,vente,appartement,Tunis,Manar,,215000.0,3307.6923076923076,65.0,2.0,2.0,2.0,2.0,,unknown,1,0,0,0,1,0
mubawab_8336733,mubawab,vente,appartement,Tunis,,,480000.0,2666.6666666666665,180.0,3.0,3.0,3.0,3.0,,unknown,1,1,0,1,1,0
mubawab_8363826,mubawab,vente,appartement,Tunis,,,265000.0,2208.3333333333335,120.0,2.0,2.0,2.0,2.0,,unknown,1,0,0,1,1,0
mubawab_8274852,mubawab,vente,appartement,Tunis,,,211000.0,4586.95652173913,46.0,1.0,1.0,1.0,1.0,,unknown,1,1,1,1,1,0
mubawab_8374325,mubawab,vente,appartement,Tunis,,,820000.0,4059.4059405940593,202.0,3.0,3.0,3.0,3.0,,unknown,1,1,0,1,1,0
mubawab_8333685,mubawab,vente,appartement,Tunis,,,500000.0,3030.3030303030305,165.0,3.0,3.0,3.0,3.0,,unknown,1,1,0,1,1,0
mubawab_8345422,mubawab,vente,appartement,Tunis,,,,,180.0,3.0,3.0,3.0,3.0,,unknown,1,1,0,1,1,0
mubawab_8378206,mubawab,vente,appartement,Tunis,,,350000.0,2592.5925925925926,135.0,3.0,3.0,3.0,1.0,7ème étage,floor_7,1,0,0,0,0,0
mubawab_8301370,mubawab,vente,appartement,Tunis,,,390000.0,3023.2558139534885,129.0,2.0,2.0,2.0,2.0,,unknown,1,1,0,1,1,0
mubawab_8378567,mubawab,vente,appartement,Tunis,Ain Zaghouan Nord,,840000.0,4444.444444444444,189.0,3.0,3.0,3.0,,,unknown,1,1,0,1,1,0
mubawab_8342245,mubawab,vente,appartement,Tunis,,,600000.0,5000.0,120.0,2.0,2.0,2.0,2.0,,unknown,1,0,0,1,1,0
mubawab_8370296,mubawab,vente,appartement,Tunis,,,1100000.0,5641.025641025641,195.0,3.0,3.0,3.0,1.0,,unknown,0,1,0,1,1,0
mubawab_8378608,mubawab,vente,appartement,Tunis,,,350550.0,5746.7213114754095,61.0,1.0,1.0,,,,unknown,0,0,0,0,0,0
mubawab_8358689,mubawab,vente,appartement,Tunis,,,160000.0,1882.3529411764705,85.0,2.0,2.0,2.0,1.0,1er étage,floor_1,0,0,0,0,0,0
mubawab_8405338,mubawab,vente,appartement,Tunis,,,205000.0,2808.219178082192,73.0,1.0,1.0,1.0,1.0,,unknown,1,0,0,1,1,0
mubawab_8378926,mubawab,vente,appartement,Tunis,,,,,82.0,,5.0,4.0,1.0,,unknown,0,0,0,0,0,0
mubawab_8374601,mubawab,vente,appartement,Tunis,,,353000.0,4057.4712643678163,87.0,2.0,2.0,2.0,2.0,,unknown,1,1,0,1,1,0
mubawab_8378862,mubawab,vente,appartement,Tunis,,,450000.0,3214.285714285714,140.0,2.0,2.0,,1.0,,unknown,0,0,0,0,0,0
mubawab_8372714,mubawab,vente,appartement,Tunis,,,1480000.0,5121.107266435986,289.0,3.0,3.0,3.0,1.0,,unknown,1,1,0,1,1,0
mubawab_8345300,mubawab,vente,appartement,Tunis,,,308000.0,4277.777777777777,72.0,1.0,1.0,,1.0,,unknown,1,0,0,1,1,0
mubawab_8372009,mubawab,vente,appartement,Tunis,,,200000.0,3278.688524590164,61.0,1.0,1.0,1.0,1.0,,unknown,1,1,0,1,1,0
mubawab_8247201,mubawab,vente,appartement,Tunis,,,365000.0,2097.7011494252874,174.0,3.0,3.0,3.0,2.0,,unknown,1,1,0,1,1,0
mubawab_8310025,mubawab,vente,appartement,Tunis,,,140000.0,1400.0,100.0,2.0,2.0,2.0,1.0,,unknown,0,0,0,0,0,0
mubawab_8369444,mubawab,vente,appartement,Tunis,,,990000.0,4304.347826086957,230.0,3.0,3.0,3.0,2.0,,unknown,1,1,0,1,1,0
mubawab_8288624,mubawab,vente,appartement,Tunis,,,430000.0,2388.8888888888887,180.0,4.0,4.0,4.0,1.0,4éme étage,unknown,0,1,0,0,0,0
mubawab_8371436,mubawab,vente,appartement,Tunis,El Menzah 9,,,,100.0,,2.0,1.0,1.0,,unknown,1,1,0,1,1,0
mubawab_8364064,mubawab,vente,appartement,Tunis,,,740000.0,4352.941176470588,170.0,3.0,3.0,3.0,2.0,,unknown,0,1,0,1,1,0
mubawab_8332659,mubawab,vente,appartement,Tunis,,,,,290.0,3.0,3.0,3.0,4.0,,unknown,1,1,1,1,1,0
mubawab_8249107,mubawab,vente,appartement,Tunis,,,250000.0,3968.253968253968,63.0,1.0,1.0,,1.0,,unknown,1,1,0,1,1,0
mubawab_8365242,mubawab,vente,appartement,Tunis,,,320000.0,3265.3061224489797,98.0,2.0,2.0,2.0,1.0,,unknown,1,1,0,1,1,1
mubawab_8147226,mubawab,vente,appartement,Tunis,,,235200.0,4200.0,56.0,1.0,1.0,1.0,1.0,,unknown,1,1,0,1,1,0
mubawab_8175098,mubawab,vente,appartement,Tunis,,,258000.0,1767.123287671233,146.0,3.0,3.0,3.0,1.0,,unknown,1,0,0,1,1,0
mubawab_8298753,mubawab,vente,appartement,Tunis,Manar,,225000.0,1956.5217391304348,115.0,3.0,3.0,3.0,2.0,,unknown,1,0,0,1,1,0
mubawab_8372238,mubawab,vente,appartement,Tunis,,,590000.0,4538.461538461538,130.0,3.0,3.0,3.0,1.0,,unknown,1,1,0,1,1,0
mubawab_8330686,mubawab,vente,appartement,Tunis,,,270000.0,3698.6301369863013,73.0,1.0,1.0,,1.0,,unknown,1,1,0,0,0,0
mubawab_8372588,mubawab,vente,appartement,Tunis,,,1600000.0,5128.205128205128,312.0,3.0,3.0,3.0,1.0,,unknown,1,1,0,0,1,0
mubawab_8367790,mubawab,vente,appartement,Tunis,,,300000.0,2343.75,128.0,3.0,3.0,3.0,1.0,6éme étage,unknown,1,1,0,1,1,0
mubawab_8268694,mubawab,vente,appartement,Tunis,,,216000.0,3789.4736842105262,57.0,1.0,1.0,1.0,1.0,,unknown,1,1,0,1,1,0
mubawab_8246346,mubawab,vente,appartement,Tunis,,,380000.0,3551.4018691588785,107.0,3.0,3.0,3.0,1.0,,unknown,0,1,0,1,1,0
mubawab_8394941,mubawab,vente,appartement,Tunis,,,248000.0,4428.571428571428,56.0,1.0,1.0,,1.0,,unknown,1,1,0,1,1,0
mubawab_8369259,mubawab,vente,appartement,Tunis,,,435000.0,2589.285714285714,168.0,3.0,3.0,3.0,2.0,6éme étage,unknown,1,0,0,0,0,0
mubawab_8147525,mubawab,vente,appartement,Tunis,,,400000.0,3200.0,125.0,2.0,2.0,2.0,2.0,,unknown,1,1,0,1,1,0
mubawab_8372228,mubawab,vente,appartement,Tunis,,,730000.0,4562.5,160.0,3.0,3.0,3.0,1.0,,unknown,1,1,0,1,1,0
mubawab_8373835,mubawab,vente,appartement,Tunis,,,370000.0,2163.7426900584796,171.0,3.0,3.0,3.0,2.0,,unknown,1,1,0,1,1,0
mubawab_8366915,mubawab,vente,appartement,Tunis,,,580000.0,4640.0,125.0,2.0,2.0,2.0,2.0,,unknown,0,1,0,1,1,0
mubawab_8372399,mubawab,vente,appartement,Tunis,El Ouardia,,65000.0,1083.3333333333333,60.0,2.0,2.0,2.0,1.0,,unknown,0,1,0,0,0,0
mubawab_8366621,mubawab,vente,appartement,Tunis,,,,,100.0,,3.0,2.0,1.0,,unknown,0,0,0,1,1,0
mubawab_8374000,mubawab,vente,appartement,Tunis,,,275000.0,2777.777777777778,99.0,2.0,2.0,2.0,1.0,,unknown,1,1,0,1,1,0
mubawab_8373446,mubawab,vente,appartement,Tunis,Jardins El Menzah,,,,129.0,2.0,2.0,2.0,2.0,rez-de-chaussée,ground_floor,1,1,0,1,1,0
mubawab_8370771,mubawab,vente,appartement,Tunis,,,187000.0,3116.6666666666665,60.0,1.0,1.0,1.0,1.0,,unknown,1,0,0,1,1,1
mubawab_8350631,mubawab,vente,appartement,Tunis,,,550000.0,4583.333333333333,120.0,3.0,3.0,3.0,2.0,,unknown,1,1,0,1,1,1
mubawab_8359975,mubawab,vente,appartement,Tunis,,,,,104.0,2.0,2.0,2.0,2.0,,unknown,1,0,0,1,1,0
mubawab_8321323,mubawab,vente,appartement,Tunis,,,330000.0,4925.373134328358,67.0,1.0,1.0,,,rez-de-chaussée,ground_floor,0,0,0,0,1,0
mubawab_8363447,mubawab,vente,appartement,Tunis,,,550000.0,2956.989247311828,186.0,3.0,3.0,3.0,1.0,1er étage,floor_1,0,1,0,1,1,1
mubawab_8338628,mubawab,vente,appartement,Tunis,,,550000.0,5789.473684210527,95.0,2.0,2.0,2.0,2.0,,unknown,1,1,0,1,1,0
mubawab_8362189,mubawab,vente,appartement,Tunis,El Ouardia,,185000.0,2256.0975609756097,82.0,2.0,2.0,2.0,1.0,,unknown,1,1,0,1,1,0
mubawab_8363818,mubawab,vente,appartement,Tunis,,,640000.0,3350.785340314136,191.0,4.0,4.0,4.0,3.0,,unknown,1,0,0,1,1,0
mubawab_8343639,mubawab,vente,appartement,Tunis,,,430000.0,2443.181818181818,176.0,4.0,4.0,3.0,1.0,1er étage,floor_1,1,1,0,1,1,0
mubawab_8318541,mubawab,vente,appartement,Tunis,,,185000.0,3775.5102040816328,49.0,1.0,1.0,1.0,1.0,,unknown,1,0,0,1,0,0
mubawab_8329522,mubawab,vente,appartement,Tunis,,,1400000.0,3017.2413793103447,464.0,,6.0,5.0,4.0,,unknown,0,1,0,1,1,0
mubawab_8319068,mubawab,vente,appartement,Tunis,,,345000.0,3631.5789473684213,95.0,2.0,2.0,2.0,1.0,,unknown,0,0,0,1,1,0
mubawab_8243414,mubawab,vente,appartement,Tunis,,,268000.0,4000.0,67.0,1.0,1.0,,1.0,,unknown,1,0,0,0,1,0
mubawab_8347937,mubawab,vente,appartement,Tunis,,,920000.0,4600.0,200.0,3.0,3.0,3.0,1.0,,unknown,0,1,0,0,0,0
mubawab_8356497,mubawab,vente,appartement,Tunis,Manar,,270000.0,3176.470588235294,85.0,2.0,2.0,2.0,2.0,3ème étage,floor_3,1,0,0,0,0,0
mubawab_8343674,mubawab,vente,appartement,Tunis,,,260000.0,3513.5135135135133,74.0,1.0,1.0,,1.0,,unknown,1,1,0,1,1,0
mubawab_8365536,mubawab,vente,appartement,Tunis,,,200000.0,4000.0,50.0,1.0,1.0,1.0,1.0,,unknown,1,1,0,1,1,0
mubawab_8003307,mubawab,vente,appartement,Tunis,,,1485000.0,6600.0,225.0,3.0,3.0,3.0,2.0,,unknown,1,1,0,1,1,0
mubawab_8250651,mubawab,vente,appartement,Tunis,,,550000.0,2644.230769230769,208.0,4.0,4.0,4.0,3.0,,unknown,1,0,0,1,1,0
mubawab_8357399,mubawab,vente,appartement,Tunis,,,550000.0,8333.333333333334,66.0,2.0,2.0,2.0,1.0,,unknown,1,1,0,1,1,0
mubawab_8363375,mubawab,vente,appartement,Tunis,,,400000.0,4597.701149425287,87.0,2.0,2.0,2.0,1.0,,unknown,0,0,0,0,1,1
mubawab_8257879,mubawab,vente,appartement,Tunis,,,218000.0,4448.9795918367345,49.0,1.0,1.0,1.0,1.0,,unknown,1,1,1,1,1,0
mubawab_8055821,mubawab,vente,appartement,Tunis,,,1050000.0,5440.41450777202,193.0,3.0,3.0,3.0,3.0,2ème étage,floor_2,1,1,0,1,1,0
mubawab_8308298,mubawab,vente,appartement,Tunis,,,1200000.0,5454.545454545455,220.0,4.0,4.0,4.0,3.0,,unknown,0,1,0,1,0,0
mubawab_7897545,mubawab,vente,appartement,Tunis,,,340000.0,4594.594594594595,74.0,2.0,2.0,,1.0,rez-de-chaussée,ground_floor,1,1,0,1,1,0
mubawab_8297945,mubawab,vente,appartement,Tunis,,,360000.0,3243.2432432432433,111.0,3.0,3.0,3.0,3.0,,unknown,1,0,0,1,1,0
mubawab_8309436,mubawab,vente,appartement,Tunis,La Soukra,,680000.0,3400.0,200.0,3.0,3.0,3.0,1.0,,unknown,0,1,0,1,0,0
mubawab_8368423,mubawab,vente,appartement,Tunis,,,190000.0,2714.285714285714,70.0,1.0,1.0,1.0,1.0,,unknown,0,0,0,1,0,0
mubawab_8283834,mubawab,vente,appartement,Tunis,,,216600.0,3800.0,57.0,1.0,1.0,1.0,1.0,,unknown,1,1,0,1,1,0
mubawab_8362439,mubawab,vente,appartement,Tunis,Alain Savary,,370000.0,3083.3333333333335,120.0,,4.0,3.0,2.0,2éme étage,unknown,0,0,0,0,1,0
mubawab_8363834,mubawab,vente,appartement,Tunis,,,570000.0,3877.5510204081634,147.0,3.0,3.0,3.0,1.0,,unknown,0,1,0,0,0,0
mubawab_8366365,mubawab,vente,appartement,Tunis,,,288000.0,4000.0,72.0,1.0,1.0,1.0,1.0,,unknown,0,1,0,0,0,0
mubawab_8348618,mubawab,vente,appartement,Tunis,,,413000.0,3654.8672566371683,113.0,3.0,3.0,3.0,1.0,,unknown,1,1,0,1,1,0
tayara_6aa832da4e7f635a53a3bb5d,tayara,vente,appartement,Tunis,L Aouina,216000.0,216000.0,3789.4736842105262,57.0,1.0,1.0,1.0,,,unknown,0,1,0,0,0,0
tayara_6a646b6e4956ba003a479387,tayara,vente,appartement,Ariana,Ennasr,325000.0,325000.0,,,3.0,3.0,3.0,2.0,4ème étage,floor_4,1,1,0,1,0,0
tayara_69f36b516488a0d74743e073,tayara,vente,appartement,Ariana,Ghazela,508000.0,508000.0,,,3.0,3.0,3.0,3.0,,unknown,0,0,0,0,0,0
tayara_6aa834794e7f635a53a3bc4b,tayara,vente,appartement,Tunis,L Aouina,245000.0,245000.0,,,1.0,1.0,1.0,,,unknown,0,1,0,0,0,0
tayara_6a64b0477b31d9554f44b225,tayara,vente,appartement,Nabeul,Hammamet,245000.0,245000.0,,,1.0,1.0,1.0,1.0,,unknown,1,1,1,0,0,0
tayara_6aa1c798f6b2a7cd2d7e8c13,tayara,vente,appartement,Nabeul,Soliman,175000.0,175000.0,2302.6315789473683,76.0,,3.0,2.0,,1er étage,floor_1,0,0,0,0,0,1
tayara_6a91760033f4b02206bbd496,tayara,vente,appartement,Tunis,L Aouina,245000.0,245000.0,,,3.0,3.0,3.0,1.0,,unknown,1,0,0,1,1,0
tayara_6aa83191648d164e8b8a8b1f,tayara,vente,appartement,Ariana,La Soukra,435000.0,435000.0,3565.5737704918033,122.0,2.0,2.0,2.0,,,unknown,0,1,0,0,0,0
tayara_6aa83123648d164e8b8a8ad1,tayara,vente,appartement,Tunis,L Aouina,223000.0,223000.0,,,1.0,1.0,1.0,1.0,,unknown,0,1,0,0,0,0
tayara_6a73309d6ef0e97a6c170330,tayara,vente,appartement,Tunis,Ain Zaghouen,239000.0,239000.0,2133.9285714285716,112.0,2.0,2.0,1.0,1.0,,unknown,0,1,0,0,1,0
tayara_69f366109ab1fd1e1095019f,tayara,vente,appartement,Ariana,Ghazela,350000.0,350000.0,,,2.0,2.0,2.0,2.0,,unknown,0,1,0,0,0,0
tayara_6a15ba84e853e69bec0799e8,tayara,vente,appartement,Nabeul,Hammamet,2250000.0,2250000.0,,100.0,2.0,2.0,1.0,1.0,1er étage,floor_1,0,0,0,0,0,0
tayara_6aa40d86648d164e8b887cce,tayara,vente,appartement,Tunis,Jardins De Carthage,700000.0,700000.0,,,2.0,2.0,2.0,0.0,,unknown,0,1,0,1,1,0
tayara_6aa830e2648d164e8b8a8aac,tayara,vente,appartement,Tunis,L Aouina,380000.0,380000.0,4086.021505376344,93.0,2.0,2.0,1.0,1.0,,unknown,0,1,0,0,0,0
tayara_6aa54d504e7f635a53a24910,tayara,vente,appartement,Sousse,Hergla,,,,,1.0,1.0,1.0,1.0,,unknown,0,1,1,0,0,0
tayara_6aa831614e7f635a53a3baa6,tayara,vente,appartement,Tunis,L Aouina,300000.0,300000.0,2325.5813953488373,129.0,2.0,2.0,2.0,,,unknown,1,1,0,0,0,0
tayara_6aa3f3a14e7f635a53a199e3,tayara,vente,appartement,Tunis,L Aouina,350000.0,350000.0,3125.0,112.0,3.0,3.0,3.0,2.0,,unknown,0,1,0,0,0,0
tayara_6aa83095648d164e8b8a8a74,tayara,vente,appartement,Tunis,Tunis,240000.0,240000.0,,,1.0,1.0,1.0,1.0,,unknown,0,0,0,0,0,0
tayara_6aa831764e7f635a53a3bab5,tayara,vente,appartement,Tunis,L Aouina,225000.0,225000.0,3629.032258064516,62.0,1.0,1.0,1.0,1.0,,unknown,0,0,0,0,0,0
tayara_6a2d5105ec535ff6e1556655,tayara,vente,appartement,Nabeul,Hammamet,550000.0,550000.0,,,3.0,3.0,3.0,2.0,Rez-de-Chaussée,ground_floor,0,1,1,0,0,0
tayara_6aa8356c648d164e8b8a8d52,tayara,vente,appartement,Tunis,L Aouina,205000.0,205000.0,2808.219178082192,73.0,1.0,1.0,1.0,1.0,,unknown,0,0,0,0,0,0
tayara_6aa8364e648d164e8b8a8df5,tayara,vente,appartement,Tunis,L Aouina,380000.0,380000.0,,,2.0,2.0,1.0,1.0,,unknown,0,1,0,0,0,0
tayara_6a4b6f3d4956ba003a3a51cb,tayara,vente,appartement,Ariana,Cite Ennkhilet,225000.0,225000.0,,,2.0,2.0,2.0,0.0,RDC,ground_floor,0,0,0,0,1,0
tayara_6aa835fa648d164e8b8a8dc4,tayara,vente,appartement,Tunis,L Aouina,165000.0,165000.0,2661.2903225806454,62.0,1.0,1.0,1.0,1.0,6éme étage,unknown,1,0,0,0,0,0
tayara_6aa8365e648d164e8b8a8dfe,tayara,vente,appartement,Tunis,L Aouina,255600.0,255600.0,3561.8729096989964,71.76,1.0,1.0,1.0,,,unknown,0,1,0,0,0,0
tayara_6aa8351b4e7f635a53a3bca6,tayara,vente,appartement,Tunis,L Aouina,186333.0,186333.0,4440.729265967588,41.96,1.0,1.0,1.0,1.0,,unknown,0,1,0,0,0,0
tayara_6aa82f774e7f635a53a3b986,tayara,vente,appartement,Ariana,Chotrana,475000.0,475000.0,2398.989898989899,198.0,2.0,2.0,2.0,,,unknown,0,1,0,0,0,0
tayara_6aa830584e7f635a53a3ba10,tayara,vente,appartement,Ariana,Chotrana 1,430000.0,430000.0,3944.954128440367,109.0,2.0,2.0,2.0,,,unknown,0,1,0,0,0,0
tayara_6aa82f0d648d164e8b8a8980,tayara,vente,appartement,Tunis,L Aouina,215000.0,215000.0,2792.2077922077924,77.0,1.0,1.0,1.0,1.0,,unknown,0,1,0,0,0,0
tayara_6aa82e85648d164e8b8a8920,tayara,vente,appartement,Tunis,L Aouina,,,,,1.0,1.0,1.0,1.0,,unknown,0,0,0,0,0,0
tayara_6aa830164e7f635a53a3b9ec,tayara,vente,appartement,Tunis,Tunis,320000.0,320000.0,,,0.0,1.0,1.0,1.0,,unknown,0,1,0,0,0,0
tayara_6aa82fa64e7f635a53a3b9a1,tayara,vente,appartement,Tunis,Jardins De Carthage,830000.0,830000.0,,,2.0,2.0,2.0,2.0,,unknown,0,1,0,0,0,0
tayara_6aa82e714e7f635a53a3b8da,tayara,vente,appartement,Ariana,La Soukra,435000.0,435000.0,3565.5737704918033,122.0,2.0,2.0,2.0,2.0,,unknown,0,1,0,0,0,0
tayara_6a610a994956ba003a4607f5,tayara,vente,appartement,Monastir,Monastir,,,,91.0,3.0,3.0,3.0,1.0,,unknown,0,0,0,0,0,0
tayara_6aa82f66648d164e8b8a89b7,tayara,vente,appartement,Tunis,L Aouina,225000.0,225000.0,,,2.0,2.0,2.0,,,unknown,1,0,0,0,0,0
tayara_6aa82ee34e7f635a53a3b923,tayara,vente,appartement,Tunis,L Aouina,230000.0,230000.0,5481.41086749285,41.96,1.0,1.0,1.0,1.0,,unknown,0,1,0,0,0,0
tayara_6aa82f90648d164e8b8a89cc,tayara,vente,appartement,Tunis,L Aouina,297000.0,297000.0,2883.4951456310678,103.0,1.0,1.0,1.0,,,unknown,0,0,0,0,0,0
tayara_6aa82f484e7f635a53a3b96c,tayara,vente,appartement,Tunis,L Aouina,219000.0,219000.0,4055.5555555555557,54.0,1.0,1.0,1.0,1.0,,unknown,0,0,0,0,0,0
tayara_6aa82e974e7f635a53a3b8f4,tayara,vente,appartement,Tunis,Tunis,253000.0,253000.0,3465.753424657534,73.0,1.0,1.0,1.0,,1er étage,floor_1,1,1,0,1,1,0
tayara_6aa8302a4e7f635a53a3b9f4,tayara,vente,appartement,Tunis,L Aouina,,,,71.0,1.0,1.0,1.0,,,unknown,0,0,0,0,0,0
tayara_685c3a5a94cd0376dccd854d,tayara,vente,appartement,Monastir,Monastir,105000.0,105000.0,,,2.0,2.0,1.0,1.0,3ème étage,floor_3,1,0,0,0,0,0
tayara_6aa830024e7f635a53a3b9e1,tayara,vente,appartement,Ariana,Chotrana,240000.0,240000.0,4444.444444444444,54.0,1.0,1.0,1.0,1.0,,unknown,0,0,0,0,0,0
tayara_6aa82e344e7f635a53a3b8b3,tayara,vente,appartement,Ariana,Chotrana,258000.0,258000.0,,,1.0,1.0,1.0,1.0,,unknown,0,1,0,0,0,0
tayara_6aa82f33648d164e8b8a8995,tayara,vente,appartement,Ariana,Chotrana 2,760000.0,760000.0,5846.153846153846,130.0,3.0,3.0,3.0,,,unknown,0,1,1,0,0,0
tayara_6aa82fea648d164e8b8a8a02,tayara,vente,appartement,Tunis,L Aouina,205000.0,205000.0,4218.106995884774,48.6,1.0,1.0,1.0,1.0,1er étage,floor_1,0,0,0,1,1,0
tayara_6aa82e484e7f635a53a3b8c2,tayara,vente,appartement,Tunis,L Aouina,,,,,2.0,2.0,2.0,2.0,,unknown,0,0,0,0,0,0
tayara_6a859b86374b022e6dcce522,tayara,vente,appartement,Sousse,Sousse Riadh,5175000.0,5175000.0,,95.0,2.0,2.0,1.0,1.0,,unknown,1,0,0,0,0,0
tayara_6aa82ca04e7f635a53a3b7b6,tayara,vente,appartement,Tunis,L Aouina,425000.0,425000.0,,,3.0,3.0,3.0,2.0,,unknown,0,0,0,0,0,0
tayara_6a46fa2d42ac9a3b7d1fb7e2,tayara,vente,appartement,Ariana,Cit Ennasr 2,630000.0,630000.0,4038.4615384615386,156.0,4.0,4.0,3.0,3.0,,unknown,0,0,0,0,0,0
tayara_6aa82dde4e7f635a53a3b87c,tayara,vente,appartement,Tunis,La Marsa,570000.0,570000.0,3257.1428571428573,175.0,3.0,3.0,3.0,,,unknown,0,1,0,0,0,0
tayara_6aa82d60648d164e8b8a8849,tayara,vente,appartement,Tunis,L Aouina,3600.0,,,108.0,2.0,2.0,2.0,2.0,,unknown,0,0,0,0,0,0
tayara_6aa82d79648d164e8b8a8858,tayara,vente,appartement,Tunis,L Aouina,375000.0,375000.0,4110.489970404472,91.23,2.0,2.0,2.0,1.0,,unknown,0,1,0,0,0,0
tayara_6a46f79642ac9a3b7d1fb73a,tayara,vente,appartement,Ariana,Cit Ennasr 2,530000.0,530000.0,3758.8652482269504,141.0,3.0,3.0,2.0,2.0,1er étage,floor_1,0,1,0,1,1,0
tayara_69d4f647b9d5257b5a8894a6,tayara,vente,appartement,Sousse,Khzema,325000.0,325000.0,3869.0476190476193,84.0,2.0,2.0,1.0,1.0,,unknown,1,0,0,0,0,0
tayara_6aa8231f648d164e8b8a8213,tayara,vente,appartement,Sousse,Sahloul,450000.0,450000.0,2866.2420382165606,157.0,3.0,3.0,2.0,2.0,,unknown,0,1,0,0,0,0
tayara_6aa827f44e7f635a53a3b499,tayara,vente,appartement,Tunis,L Aouina,290000.0,290000.0,2164.179104477612,134.0,2.0,2.0,2.0,1.0,RDC,ground_floor,0,1,0,0,0,0
tayara_6aa82da84e7f635a53a3b85b,tayara,vente,appartement,Tunis,L Aouina,340000.0,340000.0,4393.900232618248,77.38,2.0,2.0,2.0,1.0,,unknown,0,0,0,0,0,0
tayara_6a302a6814106929dedc5938,tayara,vente,appartement,Sousse,Sahloul,295000.0,295000.0,4538.461538461538,65.0,1.0,1.0,1.0,1.0,5éme étage,unknown,1,1,0,0,0,0
tayara_6aa82dd84e7f635a53a3b878,tayara,vente,appartement,Tunis,Ain Zaghouen,210000.0,210000.0,2916.6666666666665,72.0,1.0,1.0,1.0,1.0,1er étage,floor_1,0,0,0,0,0,0
tayara_6aa82e1e4e7f635a53a3b8a8,tayara,vente,appartement,Tunis,L Aouina,245000.0,245000.0,4622.641509433963,53.0,1.0,1.0,1.0,,,unknown,0,0,0,0,0,0
tayara_6aa82dc34e7f635a53a3b870,tayara,vente,appartement,Tunis,L Aouina,217000.0,217000.0,4492.753623188406,48.3,1.0,1.0,1.0,1.0,,unknown,0,1,0,0,0,0
tayara_6aa82e07648d164e8b8a88b2,tayara,vente,appartement,Tunis,L Aouina,280000.0,280000.0,,,3.0,3.0,2.0,2.0,,unknown,0,0,0,0,0,0
tayara_6aa82d8f4e7f635a53a3b84b,tayara,vente,appartement,Tunis,L Aouina,350000.0,350000.0,3571.4285714285716,98.0,2.0,2.0,2.0,1.0,,unknown,0,1,0,0,0,0
tayara_6aa82d50648d164e8b8a883d,tayara,vente,appartement,Tunis,L Aouina,195000.0,195000.0,2708.3333333333335,72.0,1.0,1.0,1.0,1.0,,unknown,0,0,0,0,0,0
tayara_6a90089c33f4b02206bb34c7,tayara,vente,appartement,Sousse,Hergla,675000.0,675000.0,,,3.0,3.0,3.0,2.0,rez-de-chaussée,ground_floor,0,1,1,1,0,0
tayara_6aa80fc54e7f635a53a3a4ca,tayara,vente,appartement,Tunis,Ain Zaghouen,330000.0,330000.0,,,2.0,2.0,2.0,1.0,,unknown,1,1,0,0,1,0
tayara_6aa80d364e7f635a53a3a32b,tayara,vente,appartement,Ariana,Raoued,260000.0,260000.0,3095.2380952380954,84.0,3.0,3.0,3.0,0.0,,unknown,0,0,0,0,1,0
tayara_6aa8038e4e7f635a53a39cb7,tayara,vente,appartement,Ariana,Cite Ennkhilet,168000.0,168000.0,2400.0,70.0,1.0,1.0,1.0,1.0,3éme étage,unknown,1,0,0,1,1,0
tayara_6aa801214e7f635a53a39af7,tayara,vente,appartement,Ariana,Borj Louzir,170000.0,170000.0,2428.5714285714284,70.0,2.0,2.0,1.0,1.0,,unknown,1,1,0,0,0,0
tayara_6aa806a7648d164e8b8a6fb8,tayara,vente,appartement,Kasserine,Kasserine,59000.0,59000.0,,,,3.0,2.0,2.0,,unknown,0,0,0,0,0,0
tayara_6aa8061b4e7f635a53a39e55,tayara,vente,appartement,Ariana,Les Jardins El Menzah 2,429000.0,429000.0,,,3.0,3.0,2.0,2.0,,unknown,0,1,0,1,1,0
tayara_6aa7fff64e7f635a53a39a0d,tayara,vente,appartement,Ariana,La Soukra,673280000.0,,,123.5,2.0,2.0,2.0,2.0,RDC,ground_floor,0,0,0,0,0,0
tayara_6aa8066f648d164e8b8a6f92,tayara,vente,appartement,Tunis,Tunis,290000.0,290000.0,,,,3.0,2.0,1.0,,unknown,1,0,0,0,1,1
tayara_68d3b83ad39682ea75d68702,tayara,vente,appartement,Nabeul,Klibia,170000.0,170000.0,2000.0,85.0,2.0,2.0,1.0,1.0,,unknown,0,0,0,0,0,0
tayara_6aa7f3b14e7f635a53a3904c,tayara,vente,appartement,Monastir,Sahline,200000.0,200000.0,,,2.0,2.0,1.0,1.0,3ème étage,floor_3,0,0,0,1,0,0
tayara_6a55f9df7b31d9554f3d73bd,tayara,vente,appartement,Sousse,Sousse,279000.0,279000.0,3282.3529411764707,85.0,2.0,2.0,1.0,1.0,,unknown,0,0,0,0,0,0
tayara_6a6b1b79f1282c6658df9426,tayara,vente,appartement,Sousse,Sousse,249000.0,249000.0,2490.0,100.0,2.0,2.0,1.0,1.0,,unknown,1,1,0,0,0,0
tayara_6a526c8e7b31d9554f3b8b89,tayara,vente,appartement,Sousse,Sahloul,359000.0,359000.0,2872.0,125.0,2.0,2.0,1.0,1.0,,unknown,1,1,0,1,1,0
tayara_69b29a59fb9c60dff703536a,tayara,vente,appartement,Ben Arous,Boumhel,,,,,,3.0,2.0,0.0,,unknown,0,0,0,0,0,0
tayara_6a526cb67b31d9554f3b8ba4,tayara,vente,appartement,Sousse,Sousse,279000.0,279000.0,2082.089552238806,134.0,3.0,3.0,1.0,1.0,,unknown,1,0,0,0,0,0
tayara_6a300802ec535ff6e156f1e5,tayara,vente,appartement,Sousse,Hammam Sousse,319000.0,319000.0,2658.3333333333335,120.0,2.0,2.0,1.0,1.0,,unknown,0,0,0,1,1,0
tayara_6a526c777b31d9554f3b8b78,tayara,vente,appartement,Sousse,Sousse,366000.0,366000.0,3050.0,120.0,3.0,3.0,2.0,2.0,,unknown,1,0,1,0,0,0
tayara_6a526c674956ba003a3e92b1,tayara,vente,appartement,Sousse,Sousse,367000.0,367000.0,3058.3333333333335,120.0,3.0,3.0,2.0,2.0,,unknown,1,0,1,0,0,0
tayara_6a526cb57b31d9554f3b8ba3,tayara,vente,appartement,Sousse,Sousse,239000.0,239000.0,2172.7272727272725,110.0,2.0,2.0,1.0,1.0,,unknown,1,0,0,0,0,0
tayara_6a7d90ed9b2a9eb2caa1cfc8,tayara,vente,appartement,Sousse,Sahloul,650000.0,650000.0,3735.632183908046,174.0,3.0,3.0,2.0,2.0,,unknown,0,1,0,0,0,1
tayara_6aa7f2484e7f635a53a38f22,tayara,vente,appartement,Sousse,Khzema,213000.0,213000.0,3276.923076923077,65.0,1.0,1.0,1.0,1.0,1er étage,floor_1,1,0,0,0,0,0
tayara_6a96e5e0b6ae14216f5d4b92,tayara,vente,appartement,Bizerte,Bizerte,200000.0,200000.0,2222.222222222222,90.0,2.0,2.0,1.0,1.0,,unknown,0,0,0,0,0,0
tayara_69f4a2c260d918fc328f6cb5,tayara,vente,appartement,Mahdia,Mahdia,365000.0,365000.0,3495.4989465619615,104.42,2.0,2.0,2.0,2.0,,unknown,0,0,0,1,1,0
tayara_6a67761ddd4bfa6f331686ec,tayara,vente,appartement,Mahdia,Mahdia,415000.0,415000.0,3429.7520661157023,121.0,2.0,2.0,2.0,2.0,,unknown,1,0,0,0,0,0
tayara_6aa54811648d164e8b891403,tayara,vente,appartement,Sousse,Kantaoui,630000.0,630000.0,,,2.0,2.0,1.0,1.0,,unknown,0,1,0,0,0,0
tayara_6a67775add4bfa6f331687ad,tayara,vente,appartement,Mahdia,Mahdia,360000.0,360000.0,3495.145631067961,103.0,2.0,2.0,1.0,1.0,,unknown,1,0,0,0,0,0
tayara_6a438f93c59ab3cb25a30175,tayara,vente,appartement,Tunis,Tunis,197000.0,197000.0,2345.2380952380954,84.0,3.0,3.0,1.0,1.0,,unknown,0,0,0,0,0,0
tayara_6978beead921b01419d43740,tayara,vente,appartement,Tunis,Centre Urbain Nord,430000.0,430000.0,3257.5757575757575,132.0,2.0,2.0,2.0,2.0,,unknown,0,1,0,1,0,0
tayara_6aa7d04b4e7f635a53a37789,tayara,vente,appartement,Tunis,Gammarth,,520000.0,3909.7744360902257,133.0,3.0,3.0,3.0,3.0,,unknown,0,0,0,1,1,0
tayara_6a882ec4763dd571fac8b2f0,tayara,vente,appartement,Tunis,Tunis,195000.0,195000.0,1930.6930693069307,101.0,3.0,3.0,1.0,1.0,1er étage,floor_1,0,1,0,1,1,0
tayara_6aa7d9714e7f635a53a37de6,tayara,vente,appartement,Tunis,Tunis,238000.0,238000.0,1676.056338028169,142.0,2.0,2.0,1.0,1.0,5ème étage,floor_5,1,0,0,1,1,0
tayara_6a32832eec535ff6e1586244,tayara,vente,appartement,Tunis,Tunis,245000.0,245000.0,,,2.0,2.0,1.0,1.0,1er étage,floor_1,0,1,0,1,1,0
tayara_6aa7c7dd4e7f635a53a370d3,tayara,vente,appartement,Tunis,Ain Zaghouen,180000.0,180000.0,,,2.0,2.0,2.0,1.0,,unknown,0,0,0,0,0,0
tayara_6aa7ceae4e7f635a53a37613,tayara,vente,appartement,Ariana,La Soukra,320000.0,320000.0,,,2.0,2.0,1.0,1.0,,unknown,0,1,0,0,0,0
tayara_6aa7c65b4e7f635a53a36fef,tayara,vente,appartement,Tunis,L Aouina,280000.0,280000.0,,,2.0,2.0,2.0,1.0,,unknown,0,0,0,0,0,0
tayara_6aa7c5804e7f635a53a36f59,tayara,vente,appartement,Tunis,L Aouina,280000.0,280000.0,,,2.0,2.0,2.0,1.0,,unknown,0,0,0,0,0,0
tayara_6a9a8d1962d7349f5f048ddf,tayara,vente,appartement,Tunis,Le Bardo,215000.0,215000.0,2687.5,80.0,2.0,2.0,2.0,1.0,3ème étage,floor_3,1,1,0,0,1,0
tayara_6aa7cab14e7f635a53a372d5,tayara,vente,appartement,Tunis,L Aouina,320000.0,320000.0,,,2.0,2.0,1.0,1.0,,unknown,0,1,0,0,0,0
tayara_69e8db5f9ab1fd1e108fbc01,tayara,vente,appartement,Tunis,Tunis,260000.0,260000.0,,,3.0,3.0,1.0,1.0,rez-de-chaussée,ground_floor,0,0,0,0,1,0
tayara_6a80508b374b022e6dc9f282,tayara,vente,appartement,Nabeul,Hammamet Nord,350000.0,350000.0,,,2.0,2.0,1.0,1.0,rez-de-chaussée,ground_floor,0,0,0,0,0,0
tayara_6aa7ca11648d164e8b8a43c5,tayara,vente,appartement,Ariana,La Soukra,418000.0,418000.0,2882.7586206896553,145.0,2.0,2.0,2.0,2.0,2éme étage,unknown,0,1,0,0,1,0
tayara_6aa7c5d04e7f635a53a36f97,tayara,vente,appartement,Ariana,Chotrana 1,1430000.0,1430000.0,,107.0,2.0,2.0,2.0,2.0,,unknown,0,1,0,1,1,0
tayara_6aa7c2914e7f635a53a36d38,tayara,vente,appartement,Tunis,L Aouina,250000.0,250000.0,,,2.0,2.0,2.0,1.0,,unknown,0,0,0,0,0,0
tayara_6a15bb04453ae0812f0a9fee,tayara,vente,appartement,Tunis,Tunis,1150000.0,1150000.0,,60.0,1.0,1.0,1.0,1.0,,unknown,0,0,0,0,0,0
tayara_6aa7c112648d164e8b8a3d59,tayara,vente,appartement,Ariana,Ariana Essoughra,285000.0,285000.0,2688.6792452830186,106.0,3.0,3.0,3.0,1.0,2ème étage,floor_2,0,0,0,0,1,0
tayara_6aa7c15b648d164e8b8a3d8c,tayara,vente,appartement,Nabeul,Mrezga,260000.0,260000.0,,,1.0,1.0,1.0,1.0,,unknown,0,0,1,0,0,1
tayara_6a5dfa994956ba003a4489bb,tayara,vente,appartement,Sousse,Chatt Mariem,325000.0,325000.0,3823.529411764706,85.0,,3.0,2.0,2.0,rez de chaussée,ground_floor,0,0,0,0,0,0
tayara_6a7b3ebc303f47f0a02b2ed3,tayara,vente,appartement,Tunis,Tunis,195000.0,195000.0,1788.9908256880733,109.0,2.0,2.0,1.0,1.0,,unknown,0,0,0,0,1,0
tayara_68d112c407c7711d7c72b2dd,tayara,vente,appartement,Sousse,Kantaoui,298000.0,298000.0,4447.761194029851,67.0,1.0,1.0,1.0,1.0,,unknown,1,0,1,0,0,0
tayara_69870992dd75862886241994,tayara,vente,appartement,Sousse,Khzema,420000.0,420000.0,2800.0,150.0,3.0,3.0,2.0,2.0,,unknown,1,1,0,1,1,0
tayara_696a64a0181355990922a749,tayara,vente,appartement,Tunis,Tunis,245000.0,245000.0,4326.328800988875,56.63,1.0,1.0,1.0,,,unknown,0,1,0,0,0,0
tayara_6a28207cb257aa5aca4fb134,tayara,vente,appartement,Tunis,Le Bardo,170000.0,170000.0,,,2.0,2.0,2.0,,,unknown,0,1,0,0,0,0
tayara_6aa7b61f648d164e8b8a364a,tayara,vente,appartement,Tunis,Tunis,255000.0,255000.0,2428.5714285714284,105.0,2.0,2.0,1.0,1.0,,unknown,1,1,0,1,1,0
tayara_6970c33c181355990924c2c5,tayara,vente,appartement,Sousse,Kantaoui,290000.0,290000.0,6904.761904761905,42.0,0.0,2.0,1.0,1.0,,unknown,0,0,0,0,0,0
tayara_6aa7b6b44e7f635a53a36586,tayara,vente,appartement,Tunis,Tunis,260000.0,260000.0,1969.6969696969697,132.0,3.0,3.0,1.0,1.0,RDC,ground_floor,1,1,0,0,1,0
tayara_6a98488a33f4b02206bef126,tayara,vente,appartement,Tunis,L Aouina,245000.0,245000.0,,,1.0,1.0,1.0,1.0,,unknown,0,1,0,0,0,0
tayara_6aa7b683648d164e8b8a3684,tayara,vente,appartement,Monastir,Monastir,,,,405.0,3.0,3.0,2.0,2.0,,unknown,0,0,0,0,0,0
tayara_6a84b17786fe4424fc33a38f,tayara,vente,appartement,Tunis,L Aouina,420000.0,420000.0,3652.1739130434785,115.0,2.0,2.0,2.0,1.0,,unknown,0,1,0,0,0,0
tayara_6aa7b08b4e7f635a53a3617b,tayara,vente,appartement,Tunis,Centre Urbain Nord,330000.0,330000.0,2869.5652173913045,115.0,2.0,2.0,2.0,1.0,,unknown,0,1,0,1,1,0
tayara_6a98383633f4b02206bee525,tayara,vente,appartement,Mahdia,Mahdia,422800.0,422800.0,4000.0,105.7,2.0,2.0,2.0,7.0,,unknown,0,1,0,0,0,0
tayara_6aa7b21c648d164e8b8a336d,tayara,vente,appartement,Tunis,Centre Ville Lafayette,250000.0,250000.0,1724.1379310344828,145.0,4.0,4.0,1.0,1.0,RDC,ground_floor,0,0,0,0,0,0
tayara_699337dd6cd42e2d7b6e9982,tayara,vente,appartement,Ariana,La Soukra,588000.0,588000.0,4200.0,140.0,3.0,3.0,3.0,3.0,Rez de chaussée,ground_floor,0,1,0,0,1,0
tayara_6aa7aea7648d164e8b8a310e,tayara,vente,appartement,Ariana,Cit Ennasr 2,2200000.0,2200000.0,,57.0,1.0,1.0,1.0,1.0,rez de chaussée,ground_floor,0,0,0,0,1,0
tayara_6a2a7f9414106929ded8bd30,tayara,vente,appartement,Tunis,Tunis,198000.0,198000.0,3735.8490566037735,53.0,1.0,1.0,1.0,1.0,7ème étage,floor_7,0,0,0,1,1,0
tayara_68544cbd8a733cfc286eb5f7,tayara,vente,appartement,Mahdia,Mahdia,245000.0,245000.0,3450.7042253521126,71.0,1.0,1.0,1.0,5.0,,unknown,1,1,0,0,0,0
tayara_6aa7b18d648d164e8b8a3308,tayara,vente,appartement,Ben Arous,Medina Jedida,3220000.0,3220000.0,,100.0,2.0,2.0,2.0,2.0,,unknown,0,0,0,0,0,0
tayara_6aa7af8e4e7f635a53a360f8,tayara,vente,appartement,Sfax,Route El Ain,,,,128.0,2.0,2.0,1.0,1.0,1er étage,floor_1,0,1,0,0,0,0
tayara_691c3a9b145e1617cba7d85f,tayara,vente,appartement,Nabeul,Klibia,215000.0,215000.0,2945.205479452055,73.0,1.0,1.0,1.0,1.0,,unknown,0,0,0,0,0,0
tayara_6a3a46f111fc36f5d7352357,tayara,vente,appartement,Ben Arous,El Mourouj 4,,,,132.0,3.0,3.0,2.0,2.0,2éme étage,unknown,1,1,0,0,1,0
tayara_6a5f8fee4956ba003a4555a7,tayara,vente,appartement,Mahdia,Mahdia,380000.0,380000.0,3072.9419375707585,123.66,2.0,2.0,2.0,2.0,,unknown,1,1,0,1,0,1
tayara_6aa785bb4e7f635a53a3537b,tayara,vente,appartement,Sfax,Route Gremda,,,,,,1.0,0.0,0.0,,unknown,0,0,0,0,0,0
tayara_6aa11e3b62d7349f5f07425e,tayara,vente,appartement,Nabeul,Hammam Ghezze,750000.0,750000.0,,,,,,,,unknown,0,0,0,0,0,0
tayara_6a79936d303f47f0a02a1f88,tayara,vente,appartement,Ben Arous,El Mourouj,155000.0,155000.0,1823.5294117647059,85.0,2.0,2.0,1.0,1.0,1er étage,floor_1,1,1,0,0,0,0
tayara_6a7c36af9b2a9eb2caa10a0e,tayara,vente,appartement,Sousse,Hergla,640000.0,640000.0,,,2.0,2.0,,3.0,rez-de-chaussée,ground_floor,0,1,1,0,0,1
tayara_6aa7218c4e7f635a53a334ce,tayara,vente,appartement,Ariana,Borj Louzir,,,,,2.0,2.0,2.0,1.0,1er étage,floor_1,0,1,0,0,0,0
tayara_6aa70b3b4e7f635a53a325b9,tayara,vente,appartement,Sousse,Khzema,495000.0,495000.0,3055.5555555555557,162.0,3.0,3.0,3.0,2.0,,unknown,1,1,0,1,1,0
tayara_69c257792e8a8ef7043fd344,tayara,vente,appartement,Tunis,Tunis,270000.0,270000.0,,,2.0,2.0,1.0,1.0,,unknown,0,1,0,0,1,0
tayara_6aa715fa648d164e8b89fd5a,tayara,vente,appartement,Tunis,L Aouina,,,,,,2.0,1.0,1.0,,unknown,0,1,0,0,0,0
tayara_6a86d08b86fe4424fc34c358,tayara,vente,appartement,Tunis,L Aouina,248000.0,248000.0,4133.333333333333,60.0,1.0,1.0,1.0,,Rez-de-chaussée,ground_floor,0,0,0,0,0,0
tayara_6aa6e67b648d164e8b89dda6,tayara,vente,appartement,Tunis,Borj Louzir,130000.0,130000.0,,,1.0,1.0,1.0,1.0,,unknown,0,0,0,0,0,0
tayara_6a451a29b3da6e91fdc1966a,tayara,vente,appartement,Tunis,El Menzah 9,,,,210.0,3.0,3.0,2.0,3.0,,unknown,0,1,0,0,0,0
tayara_677d70a6b7de28167ed0a01a,tayara,vente,appartement,Ariana,Ennasr,600000.0,600000.0,2830.188679245283,212.0,,3.0,2.0,2.0,,unknown,0,1,0,0,0,0
tayara_6aa6f6f5648d164e8b89e81d,tayara,vente,appartement,Tunis,La Goulette,,,,,2.0,2.0,2.0,,,unknown,0,0,0,0,0,0
tayara_6a30279dec535ff6e1570a20,tayara,vente,appartement,Tunis,L Aouina,235000.0,235000.0,,,2.0,2.0,2.0,,,unknown,0,0,0,0,0,0
tayara_6939ac368914daae51993eb0,tayara,vente,appartement,Nabeul,Klibia,250000.0,250000.0,3205.128205128205,78.0,1.0,1.0,1.0,1.0,,unknown,0,0,0,0,0,0
tayara_6a7af0d49b2a9eb2caa04e3d,tayara,vente,appartement,Sousse,Akouda,400000.0,400000.0,2000.0,200.0,3.0,3.0,3.0,0.0,3ème étage,floor_3,0,0,0,1,0,0
tayara_6a9bd452f6b2a7cd2d7bd1b0,tayara,vente,appartement,Tunis,Tunis,2190000.0,2190000.0,,,2.0,2.0,1.0,1.0,,unknown,1,0,0,0,0,0
tayara_6a8423dc374b022e6dcc0835,tayara,vente,appartement,Ariana,Cit Ennasr 2,,,,,0.0,1.0,1.0,1.0,,unknown,0,1,0,0,0,0
tayara_6aa68ff4648d164e8b89a224,tayara,vente,appartement,Tunis,Ain Zaghouen,280000.0,280000.0,,,2.0,2.0,1.0,1.0,,unknown,1,0,0,1,0,0
tayara_6aa6901a4e7f635a53a2d328,tayara,vente,appartement,Tunis,Ain Zaghouen,205000.0,205000.0,,,1.0,1.0,1.0,1.0,,unknown,0,1,0,0,0,0
tayara_6aa695084e7f635a53a2d696,tayara,vente,appartement,Sfax,Sakiet Eddaer,,,,,,5.0,4.0,1.0,,unknown,1,0,0,0,1,0
tayara_6a954a4533f4b02206bd5225,tayara,vente,appartement,Ariana,Cit Ennasr 2,,,,,1.0,1.0,1.0,1.0,,unknown,0,1,0,1,1,0
tayara_6a9abb1962d7349f5f04a62a,tayara,vente,appartement,Ariana,Cit Ennasr 2,,,,,1.0,1.0,1.0,1.0,,unknown,0,0,0,0,0,0
tayara_6aa68eff4e7f635a53a2d260,tayara,vente,appartement,Tunis,Tunis,350000.0,350000.0,,,2.0,2.0,2.0,2.0,,unknown,0,1,0,0,0,0
tayara_6aa68f954e7f635a53a2d2cd,tayara,vente,appartement,Tunis,Ain Zaghouen,210000.0,210000.0,,,1.0,1.0,1.0,1.0,,unknown,0,0,0,0,0,0
tayara_6aa6505a4e7f635a53a2af9e,tayara,vente,appartement,Nabeul,Mrezga,,,,126.0,2.0,2.0,2.0,2.0,,unknown,1,1,1,0,0,0
tayara_6a84281386fe4424fc3338f8,tayara,vente,appartement,Sousse,Hergla,378000.0,378000.0,,,2.0,2.0,1.0,1.0,,unknown,0,1,0,0,0,0
tayara_6a90110eb6ae14216f5a5245,tayara,vente,appartement,Sousse,Akouda,157000.0,157000.0,,,2.0,2.0,1.0,1.0,2ème étage,floor_2,0,1,0,0,0,0
tayara_6aa5bb034e7f635a53a2860a,tayara,vente,appartement,Ariana,Ariana,,,,,3.0,3.0,3.0,3.0,1er étage,floor_1,0,0,0,0,0,0
tayara_6aa68151648d164e8b8998b6,tayara,vente,appartement,Nabeul,Hammamet,220000.0,220000.0,,,,3.0,2.0,2.0,,unknown,0,1,0,0,0,0
tayara_6a855f69374b022e6dccb744,tayara,vente,appartement,Sousse,Hergla,180000.0,180000.0,,,2.0,2.0,1.0,1.0,,unknown,0,0,0,0,0,0
tayara_6a7d7802303f47f0a02c60f3,tayara,vente,appartement,Sousse,Hergla,274998.0,274998.0,,,1.0,1.0,1.0,1.0,rez-de-chaussée,ground_floor,0,1,1,0,0,0
tayara_6a87059a01be866bcb2eeb4b,tayara,vente,appartement,Sousse,Hammam Sousse,630000.0,630000.0,4500.0,140.0,,3.0,2.0,2.0,rez de chaussée,ground_floor,0,0,0,0,0,0
tayara_6aa5f65e4e7f635a53a29dcd,tayara,vente,appartement,Tunis,L Aouina,,,,95.0,2.0,2.0,1.0,1.0,,unknown,1,0,0,0,0,1
tayara_6a187b2f60514491eae9490e,tayara,vente,appartement,Tunis,L Aouina,310000.0,310000.0,2296.296296296296,135.0,3.0,3.0,1.0,1.0,,unknown,0,1,0,0,0,0
tayara_69dfbfc089c0e6b3b6e42129,tayara,vente,appartement,Sousse,Sousse,85000.0,85000.0,1062.5,80.0,2.0,2.0,1.0,1.0,,unknown,0,0,0,0,0,0
tayara_69f4b11262589ac95eff4954,tayara,vente,appartement,Sousse,Kantaoui,415000.0,415000.0,3952.3809523809523,105.0,2.0,2.0,2.0,2.0,,unknown,1,0,1,0,0,0
tayara_697b8d75d921b01419d57d65,tayara,vente,appartement,Sousse,Chatt Mariem,330000.0,330000.0,3882.3529411764707,85.0,2.0,2.0,1.0,1.0,,unknown,0,0,1,0,0,0
tayara_6aa55eda648d164e8b89213c,tayara,vente,appartement,Ariana,Ennasr,158000.0,158000.0,,,0.0,2.0,1.0,1.0,,unknown,0,0,0,0,0,0
tayara_6a958fc8b6ae14216f5c9cd1,tayara,vente,appartement,Mahdia,Mahdia,270000.0,270000.0,,,,2.0,1.0,1.0,,unknown,1,0,0,0,0,0
tayara_696a42c8d077d120bb982930,tayara,vente,appartement,Sousse,Khzema,420000.0,420000.0,3927.4359453899383,106.94,2.0,2.0,1.0,1.0,,unknown,1,1,0,0,0,0
tayara_6a48cfa44956ba003a38eda3,tayara,vente,appartement,Sousse,Sousse Riadh,140000.0,140000.0,3333.3333333333335,42.0,1.0,1.0,1.0,1.0,,unknown,1,0,0,0,0,0
tayara_697756eed921b01419d37c5a,tayara,vente,appartement,Sousse,Sahloul,4450000.0,4450000.0,,150.0,3.0,3.0,3.0,3.0,,unknown,1,1,0,0,0,0
tayara_69c6b12a2e8a8ef704421a49,tayara,vente,appartement,Sousse,Sousse Riadh,115000.0,115000.0,1306.8181818181818,88.0,1.0,1.0,1.0,1.0,,unknown,1,0,0,0,0,0
tayara_6aa5789a648d164e8b892ec9,tayara,vente,appartement,Nabeul,Klibia,,,,,,2.0,1.0,1.0,,unknown,0,0,0,0,0,0
tayara_683599c4cf58eeced24722d5,tayara,vente,appartement,Monastir,Monastir,515000.0,515000.0,4639.639639639639,111.0,,2.0,1.0,1.0,rez de chaussée,ground_floor,0,1,1,0,1,1
tayara_6a7f0c649b2a9eb2caa2b1d5,tayara,vente,appartement,Monastir,Monastir,290000.0,290000.0,2416.6666666666665,120.0,,2.0,1.0,1.0,,unknown,0,0,0,0,1,1
tayara_6a4cf4c74956ba003a3b506c,tayara,vente,appartement,Tunis,Tunis,145000.0,145000.0,1686.046511627907,86.0,2.0,2.0,1.0,1.0,,unknown,0,0,0,0,0,0
tayara_6a731754f1282c6658e40873,tayara,vente,appartement,Tunis,Jardins De Carthage,620000.0,620000.0,4133.333333333333,150.0,2.0,2.0,,3.0,,unknown,0,1,0,0,0,0
tayara_67b5faf686d5f7a45c1e9feb,tayara,vente,appartement,Tunis,Tunis,6165000.0,6165000.0,,,,2.0,1.0,1.0,,unknown,1,0,0,0,1,1
tayara_6a8050c1374b022e6dc9f2ab,tayara,vente,appartement,Tunis,Tunis,320000.0,320000.0,3200.0,100.0,,2.0,1.0,1.0,,unknown,1,0,0,1,1,1
tayara_6a2ab92614106929ded8f4ff,tayara,vente,appartement,Tunis,Tunis,190000.0,190000.0,2500.0,76.0,,2.0,1.0,1.0,,unknown,0,0,0,0,0,1
tayara_697b893ad921b01419d57ab0,tayara,vente,appartement,Tunis,Tunis,170000.0,170000.0,,,1.0,1.0,1.0,1.0,,unknown,0,0,0,1,0,1
tayara_6aa51f7b4e7f635a53a22887,tayara,vente,appartement,Ariana,La Soukra,225000.0,225000.0,,,1.0,1.0,1.0,1.0,5éme étage,unknown,1,1,0,0,0,0
tayara_6aa51f594e7f635a53a22867,tayara,vente,appartement,Ariana,La Soukra,3225000.0,3225000.0,,,1.0,1.0,1.0,1.0,,unknown,0,0,0,1,0,0
tayara_697df34a15471d09ce1171fe,tayara,vente,appartement,Sousse,Sahloul,365000.0,365000.0,2433.3333333333335,150.0,3.0,3.0,2.0,2.0,,unknown,1,0,0,0,1,0
tayara_6a0b3f66453ae0812f0733b3,tayara,vente,appartement,Sousse,Sousse,343000.0,343000.0,2638.4615384615386,130.0,2.0,2.0,1.0,1.0,,unknown,1,0,1,0,0,0
tayara_6aa51f0f648d164e8b88f652,tayara,vente,appartement,Ariana,La Soukra,198000.0,198000.0,,,1.0,1.0,1.0,1.0,rdc,ground_floor,0,0,0,1,0,0
tayara_693982ac8914daae519926c5,tayara,vente,appartement,Sousse,Kantaoui,538000.0,538000.0,4045.1127819548874,133.0,3.0,3.0,1.0,1.0,,unknown,1,0,1,0,0,0
tayara_6a2d6026ec535ff6e15570ff,tayara,vente,appartement,Sousse,Hammam Sousse,370000.0,370000.0,2624.113475177305,141.0,2.0,2.0,2.0,2.0,4ème étage,floor_4,0,0,0,0,1,0
tayara_68d3a3a907c7711d7c74510e,tayara,vente,appartement,Ariana,Ennasr,219000.0,219000.0,,,2.0,2.0,1.0,1.0,4éme étage,unknown,1,1,0,0,0,0
tayara_6aa44ddc4e7f635a53a1d625,tayara,vente,appartement,Ariana,Ariana Ville,,,,117.0,3.0,3.0,2.0,2.0,,unknown,0,1,0,1,1,0
tayara_6aa46fa74e7f635a53a1eccf,tayara,vente,appartement,Tunis,Tunis,,,,1650.0,,2.0,1.0,1.0,,unknown,0,0,0,0,0,0
tayara_6aa50b0f648d164e8b88e9f4,tayara,vente,appartement,Ben Arous,Borj Cedria,170000.0,170000.0,1545.4545454545455,110.0,3.0,3.0,3.0,,,unknown,0,1,0,0,0,0
tayara_6a8ea60c509ae3528dcf3a6f,tayara,vente,appartement,Tunis,L Aouina,780000.0,780000.0,,,,4.0,3.0,3.0,Rez de chaussée,ground_floor,0,1,0,0,0,0
tayara_6aa42fcf648d164e8b889346,tayara,vente,appartement,Tunis,El Menzah 9,760000.0,760000.0,4222.222222222223,180.0,,4.0,3.0,3.0,Rez-de-chaussée,ground_floor,0,0,0,0,0,0
tayara_6aa43a55648d164e8b8899b0,tayara,vente,appartement,Tunis,Cit El Khadra,165000.0,165000.0,,,2.0,2.0,2.0,2.0,,unknown,1,0,0,0,0,0
tayara_6a2fc32814106929dedc02d0,tayara,vente,appartement,Sousse,Sahloul,170000.0,170000.0,2833.3333333333335,60.0,1.0,1.0,1.0,1.0,,unknown,1,1,0,0,1,0
tayara_693be7498914daae519a20ed,tayara,vente,appartement,Sousse,Sousse,174000.0,174000.0,1891.304347826087,92.0,2.0,2.0,1.0,1.0,,unknown,0,0,0,0,0,0
tayara_6aa437474e7f635a53a1c887,tayara,vente,appartement,Ariana,Cit Ennasr 2,2276000.0,2276000.0,,69.0,1.0,1.0,1.0,1.0,2ème étage,floor_2,0,0,0,1,1,0
tayara_6aa430e0648d164e8b8893cc,tayara,vente,appartement,Tunis,El Menzah 9,480000.0,480000.0,4067.7966101694915,118.0,2.0,2.0,2.0,2.0,rez-de-chaussée,ground_floor,0,1,0,1,1,0
tayara_6aa438ae648d164e8b889890,tayara,vente,appartement,Ariana,Ennasr,320000.0,320000.0,,,2.0,2.0,1.0,1.0,,unknown,0,1,0,0,0,1
tayara_6aa432d64e7f635a53a1c5e2,tayara,vente,appartement,Tunis,El Menzah 9,1050000.0,1050000.0,2100.0,500.0,,4.0,3.0,4.0,Rez-de-chaussée,ground_floor,0,1,0,0,1,0
tayara_6aa42d1d648d164e8b8891ce,tayara,vente,appartement,Ariana,Cit Ennasr 2,385000.0,385000.0,3104.8387096774195,124.0,3.0,3.0,2.0,2.0,3ème étage,floor_3,1,1,0,0,0,0
tayara_6aa432864e7f635a53a1c5b4,tayara,vente,appartement,Tunis,Tunis,,,,219.46,,4.0,3.0,3.0,,unknown,0,0,0,0,0,0
tayara_6a2a72d8ec535ff6e1536942,tayara,vente,appartement,Tunis,Tunis,120000.0,120000.0,1846.1538461538462,65.0,1.0,1.0,1.0,1.0,4éme étage,unknown,0,0,0,0,0,0
tayara_6aa43a97648d164e8b8899d5,tayara,vente,appartement,Tunis,Centre Ville Lafayette,,,,,,2.0,1.0,1.0,,unknown,0,0,0,0,0,0
tayara_6aa42ca94e7f635a53a1c283,tayara,vente,appartement,Ariana,El Menzah 6,6248000.0,6248000.0,,100.0,2.0,2.0,2.0,2.0,,unknown,1,0,0,0,1,0
tayara_6aa41108648d164e8b887f59,tayara,vente,appartement,Tunis,Tunis,445000.0,445000.0,5632.911392405063,79.0,1.0,1.0,1.0,1.0,,unknown,0,0,1,0,0,1
tayara_6aa40887648d164e8b887920,tayara,vente,appartement,Ben Arous,Borj Cedria,165000.0,165000.0,1320.0,125.0,,3.0,2.0,,,unknown,0,0,0,0,0,0
tayara_6aa4199a648d164e8b888570,tayara,vente,appartement,Tunis,Ain Zaghouan Sud,,,,,,,,,,unknown,0,0,0,0,0,0
tayara_6aa41ae5648d164e8b88866b,tayara,vente,appartement,Manouba,La Manouba,100000.0,100000.0,,,,3.0,2.0,2.0,,unknown,0,0,0,0,0,0
tayara_6aa3f6294e7f635a53a19b87,tayara,vente,appartement,Sousse,Chatt Mariem,560000.0,560000.0,,,,5.0,4.0,3.0,,unknown,0,1,0,0,0,0
tayara_6aa3e5b3648d164e8b8861c5,tayara,vente,appartement,Mahdia,Mahdia,205000.0,205000.0,3782.287822878229,54.2,1.0,1.0,,2.0,,unknown,0,1,0,1,1,0
tayara_6a3eaadbc59ab3cb25a04a16,tayara,vente,appartement,Sousse,Sousse,299000.0,299000.0,2718.181818181818,110.0,2.0,2.0,1.0,1.0,,unknown,1,0,0,0,0,0
tayara_6a54fe994956ba003a400417,tayara,vente,appartement,Sousse,Sahloul,260000.0,260000.0,4333.333333333333,60.0,1.0,1.0,1.0,1.0,,unknown,1,1,0,0,0,0
tayara_69f4b10562589ac95eff494d,tayara,vente,appartement,Sousse,Sahloul,330000.0,330000.0,3203.883495145631,103.0,2.0,2.0,1.0,1.0,,unknown,1,1,0,0,0,0
tayara_6a01db6f2257200009c53f0f,tayara,vente,appartement,Sousse,Sahloul,4370000.0,4370000.0,,138.96,3.0,3.0,2.0,2.0,rez de chaussée,ground_floor,1,1,0,0,0,0
tayara_6aa3ec744e7f635a53a1964d,tayara,vente,appartement,Ariana,Ennasr,465000.0,465000.0,,,3.0,3.0,2.0,2.0,,unknown,0,0,0,0,0,0
tayara_6aa3cc2c648d164e8b884f9c,tayara,vente,appartement,Ariana,La Soukra,405000.0,405000.0,3240.0,125.0,2.0,2.0,2.0,2.0,2éme étage,unknown,1,1,0,1,1,0
tayara_6aa3d81a648d164e8b88582e,tayara,vente,appartement,Monastir,Monastir,,,,,1.0,1.0,1.0,,5éme étage,unknown,0,0,0,0,0,0
tayara_6aa3cf154e7f635a53a181d7,tayara,vente,appartement,Tunis,Cit Olympique,200000.0,200000.0,2666.6666666666665,75.0,2.0,2.0,1.0,1.0,3ème étage,floor_3,1,0,0,0,1,0
tayara_6a69f29304ad34411463a835,tayara,vente,appartement,Tunis,Tunis,200000.0,200000.0,3333.3333333333335,60.0,1.0,1.0,1.0,1.0,,unknown,0,1,0,0,1,0
tayara_6aa3c51c648d164e8b884abd,tayara,vente,appartement,Tunis,L Aouina,230000.0,230000.0,2555.5555555555557,90.0,2.0,2.0,2.0,1.0,,unknown,0,0,0,0,0,0
tayara_6aa3cc38648d164e8b884f9f,tayara,vente,appartement,Tunis,Gammarth,,520000.0,3909.7744360902257,133.0,3.0,3.0,2.0,2.0,,unknown,0,0,0,1,1,0
tayara_6a2964c9b257aa5aca508859,tayara,vente,appartement,Sousse,Sousse,369000.0,369000.0,2460.0,150.0,2.0,2.0,1.0,1.0,,unknown,1,1,0,1,1,0
tayara_6aa3c926648d164e8b884d40,tayara,vente,appartement,Nabeul,Klibia,200000.0,200000.0,1538.4615384615386,130.0,,3.0,2.0,2.0,4ème étage,floor_4,0,0,0,0,0,0
tayara_6aa3cb82648d164e8b884f0a,tayara,vente,appartement,Nabeul,Klibia,140000.0,140000.0,1473.6842105263158,95.0,1.0,1.0,1.0,1.0,1er étage,floor_1,0,0,0,0,0,0
tayara_6a0330322257200009c5f8ac,tayara,vente,appartement,Tunis,Tunis,975000.0,975000.0,3260.8695652173915,299.0,4.0,4.0,,5.0,Rez de chaussée,ground_floor,0,1,1,1,1,0
tayara_6978c66cd921b01419d43c46,tayara,vente,appartement,Sousse,Sahloul,349000.0,349000.0,2423.6111111111113,144.0,3.0,3.0,3.0,3.0,,unknown,1,0,0,0,1,0
tayara_6a2d298dec535ff6e155489d,tayara,vente,appartement,Sousse,Sahloul,339000.0,339000.0,2511.1111111111113,135.0,2.0,2.0,1.0,1.0,,unknown,1,1,0,0,0,0
tayara_6aa3c5a74e7f635a53a17b3f,tayara,vente,appartement,Ben Arous,Medina Jedida,2600.0,,,,2.0,2.0,2.0,2.0,,unknown,0,1,0,0,0,0
tayara_6aa3c35a648d164e8b8849b7,tayara,vente,appartement,Tunis,Ain Zaghouen,180000.0,180000.0,,,2.0,2.0,1.0,1.0,,unknown,0,0,0,0,1,0
tayara_6aa3c0e64e7f635a53a17861,tayara,vente,appartement,Ben Arous,Ezzahra,120000.0,120000.0,,,2.0,2.0,1.0,1.0,,unknown,0,0,0,0,0,0
tayara_6aa3c2f3648d164e8b884953,tayara,vente,appartement,Tunis,L Aouina,255000.0,255000.0,3805.9701492537315,67.0,1.0,1.0,1.0,1.0,,unknown,0,1,0,0,0,0
tayara_6a3a928cb2b93a99b9768fbb,tayara,vente,appartement,Sousse,Khzema,440000.0,440000.0,3520.0,125.0,3.0,3.0,3.0,3.0,,unknown,1,1,0,0,0,0
tayara_6a4ce3e37b31d9554f383746,tayara,vente,appartement,Tunis,L Aouina,340000.0,340000.0,4594.594594594595,74.0,2.0,2.0,1.0,1.0,RDC,ground_floor,0,1,0,1,1,0
tayara_6aa334974e7f635a53a149f3,tayara,vente,appartement,Tunis,L Aouina,229000.0,229000.0,,,2.0,2.0,1.0,1.0,,unknown,0,0,0,0,0,0
tayara_6aa30622648d164e8b87f7a7,tayara,vente,appartement,Tunis,Bab Souika,58000.0,58000.0,1288.888888888889,45.0,1.0,1.0,1.0,1.0,,unknown,0,0,0,0,0,0
tayara_6aa32ce5648d164e8b881443,tayara,vente,appartement,Tunis,L Aouina,250000.0,250000.0,3424.6575342465753,73.0,1.0,1.0,1.0,1.0,1er étage,floor_1,1,1,0,1,1,0
tayara_68b8756c711369bbe4f799c0,tayara,vente,appartement,Tunis,Tunis,2215000.0,2215000.0,,,2.0,2.0,1.0,1.0,3éme étage,unknown,0,1,0,0,1,0
tayara_69da2dc725a6db48ab19f1cf,tayara,vente,appartement,Tunis,Le Bardo,270000.0,270000.0,,,2.0,2.0,1.0,1.0,,unknown,1,1,0,0,1,0
tayara_6aa329c5648d164e8b88127c,tayara,vente,appartement,Tunis,L Aouina,250000.0,250000.0,3424.6575342465753,73.0,1.0,1.0,1.0,1.0,1er étage,floor_1,1,1,0,1,1,0
tayara_6aa30530648d164e8b87f70c,tayara,vente,appartement,Manouba,Denden,174000.0,174000.0,1740.0,100.0,3.0,3.0,3.0,1.0,rez-de-chaussée,ground_floor,0,0,0,0,0,0
tayara_6aa2e2314e7f635a53a110de,tayara,vente,appartement,Tunis,La Marsa,580000.0,580000.0,3536.5853658536585,164.0,3.0,3.0,2.0,2.0,,unknown,0,1,0,0,0,0
tayara_6aa2f9a3648d164e8b87ef96,tayara,vente,appartement,Ben Arous,Hammam Lif,220000.0,220000.0,,,3.0,3.0,2.0,2.0,,unknown,0,0,0,0,0,0
tayara_6aa3388d4e7f635a53a14bf0,tayara,vente,appartement,Tunis,Carthage,740000.0,740000.0,4043.7158469945357,183.0,3.0,3.0,2.0,,,unknown,0,1,0,0,0,0
tayara_6a04574be853e69bec011d12,tayara,vente,appartement,Tunis,Le Bardo,195000.0,195000.0,,,2.0,2.0,2.0,2.0,3éme étage,unknown,1,1,0,0,1,0
tayara_69209a1c265523b710e92328,tayara,vente,appartement,Tunis,Le Bardo,2210000.0,2210000.0,,,3.0,3.0,1.0,1.0,3éme étage,unknown,1,0,0,0,1,0
tayara_6a4e2b2b7b31d9554f38f37e,tayara,vente,appartement,Sousse,Hammam Sousse,660000.0,660000.0,5500.0,120.0,2.0,2.0,2.0,0.0,,unknown,0,1,0,1,1,0
tayara_6a5bd6e24956ba003a43a04c,tayara,vente,appartement,Tunis,L Aouina,550000.0,550000.0,3793.103448275862,145.0,3.0,3.0,2.0,2.0,rez de chaussée,ground_floor,0,1,0,0,1,0
tayara_6aa2c5b5648d164e8b87cda2,tayara,vente,appartement,Mahdia,Mahdia,349000.0,349000.0,3795.9538829671524,91.94,2.0,2.0,1.0,1.0,,unknown,0,1,0,0,0,0
tayara_6aa2b23f4e7f635a53a0ed52,tayara,vente,appartement,Nabeul,Mrezga,282000.0,282000.0,,,2.0,2.0,1.0,1.0,6ème étage,floor_6,0,0,1,0,0,0
tayara_6aa2b36a648d164e8b87bcfa,tayara,vente,appartement,Tunis,Ezzouhour,120000.0,120000.0,,,2.0,2.0,1.0,1.0,3ème étage,floor_3,0,0,0,0,0,0
tayara_6aa2bc9d4e7f635a53a0f66e,tayara,vente,appartement,Nabeul,Klibia,180000.0,180000.0,1714.2857142857142,105.0,,2.0,1.0,1.0,3ème étage,floor_3,0,0,0,0,0,0
tayara_6aa2a126648d164e8b87ae4b,tayara,vente,appartement,Ariana,Raoued,,,,580.0,3.0,3.0,,6.0,,unknown,0,0,0,0,0,0
tayara_6aa27fb7648d164e8b879685,tayara,vente,appartement,Tunis,Tunis,350000.0,350000.0,2364.864864864865,148.0,3.0,3.0,3.0,0.0,,unknown,1,0,0,0,0,0
tayara_68e913513e7ffb8ac157f3a2,tayara,vente,appartement,Nabeul,Mrezga,285000.0,285000.0,5000.0,57.0,1.0,1.0,1.0,0.0,,unknown,1,1,1,1,0,0
tayara_698f281a6cd42e2d7b6ceef9,tayara,vente,appartement,Ariana,La Soukra,340000.0,340000.0,2165.605095541401,157.0,3.0,3.0,3.0,1.0,,unknown,0,1,0,0,0,0
tayara_6aa295a84e7f635a53a0d891,tayara,vente,appartement,Ariana,La Soukra,289000.0,289000.0,3802.6315789473683,76.0,1.0,1.0,1.0,1.0,,unknown,0,1,0,1,1,0
tayara_6a3a5a03b2b93a99b9765f61,tayara,vente,appartement,Monastir,Monastir,26500.0,,,,2.0,2.0,1.0,1.0,5éme étage,unknown,0,1,0,0,0,0
tayara_6aa2824a4e7f635a53a0c993,tayara,vente,appartement,Tunis,El Omrane Suprieur,185000.0,185000.0,1745.2830188679245,106.0,3.0,3.0,3.0,1.0,RDC,ground_floor,0,0,0,0,1,0
tayara_6aa2950c4e7f635a53a0d82d,tayara,vente,appartement,Mahdia,Mahdia,190000.0,190000.0,1818.1818181818182,104.5,2.0,2.0,1.0,5.0,,unknown,1,0,0,0,0,0
tayara_6aa1b5d9f6b2a7cd2d7e7974,tayara,vente,appartement,Nabeul,Hammamet,,,,,,2.0,1.0,1.0,,unknown,0,1,1,1,1,0
tayara_6aa27327648d164e8b878e1f,tayara,vente,appartement,Tunis,L Aouina,435000.0,435000.0,5117.64705882353,85.0,2.0,2.0,2.0,2.0,,unknown,0,1,0,0,0,0
tayara_6a7332dc6ef0e97a6c170598,tayara,vente,appartement,Tunis,L Aouina,345000.0,345000.0,2782.2580645161293,124.0,2.0,2.0,2.0,2.0,,unknown,0,1,0,0,1,0
tayara_6a4501b9b3da6e91fdc18258,tayara,vente,appartement,Tunis,L Aouina,250000.0,250000.0,,,1.0,1.0,1.0,1.0,,unknown,0,1,0,0,0,0
tayara_6aa1802b62d7349f5f078969,tayara,vente,appartement,Tunis,L Aouina,300000.0,300000.0,2542.3728813559323,118.0,3.0,3.0,2.0,2.0,6ème étage,floor_6,1,0,0,0,0,0
tayara_6a7ee5ac303f47f0a02d34e6,tayara,vente,appartement,Tunis,L Aouina,245000.0,245000.0,4622.641509433963,53.0,1.0,1.0,1.0,,,unknown,0,0,0,0,0,0
tayara_6aa18c54f6b2a7cd2d7e48df,tayara,vente,appartement,Sousse,Hammam Sousse,,,,45.0,1.0,1.0,1.0,1.0,1éme étage,unknown,0,0,0,0,0,0
tayara_6aa17fa6f6b2a7cd2d7e3862,tayara,vente,appartement,Ariana,La Soukra,860000.0,860000.0,4699.453551912568,183.0,3.0,3.0,3.0,3.0,,unknown,1,1,0,1,1,0
tayara_6a31420a14106929dedcfa98,tayara,vente,appartement,Tunis,L Aouina,305000.0,305000.0,2824.074074074074,108.0,2.0,2.0,2.0,2.0,,unknown,0,1,0,0,0,0
tayara_69fdcb7c62589ac95e033588,tayara,vente,appartement,Tunis,La Marsa,400000.0,400000.0,,43.0,0.0,1.0,0.0,0.0,,unknown,0,0,0,0,0,0
tayara_69c959b2b9d5257b5a84658b,tayara,vente,appartement,Tunis,L Aouina,3218000.0,3218000.0,,48.3,1.0,1.0,1.0,1.0,,unknown,0,1,0,0,0,0
tayara_6aa18567f6b2a7cd2d7e3fa3,tayara,vente,appartement,Tunis,Sidi Bou Said,690000.0,690000.0,,,4.0,4.0,4.0,0.0,rez-de-chaussée,ground_floor,0,1,0,0,0,0
tayara_6aa82df1648d164e8b8a88a2,tayara,vente,maison_villa,Tunis,L Aouina,1450000.0,1450000.0,4142.857142857143,350.0,,,,,,unknown,0,0,0,0,0,0
tayara_68d70821516f1ddb82e409d0,tayara,vente,maison_villa,Nabeul,Bni Khiar,460000.0,460000.0,1518.1518151815183,303.0,,3.0,2.0,1.0,,unknown,0,1,0,0,0,0
tayara_6a4cbfe67b31d9554f381351,tayara,vente,maison_villa,Ariana,La Soukra,,,,63.5,,5.0,4.0,4.0,Rez-de-chaussée,ground_floor,1,1,1,1,1,0
tayara_6aa82339648d164e8b8a821f,tayara,vente,maison_villa,Nabeul,Hammamet,728550000.0,,,,,2.0,1.0,1.0,,unknown,0,0,0,0,0,0
tayara_6aa8247f648d164e8b8a82e5,tayara,vente,maison_villa,Nabeul,Hammamet,728145000.0,,,,,3.0,2.0,2.0,RDC,ground_floor,0,0,0,0,0,0
tayara_69cd26d52c7ecb90f0fd7760,tayara,vente,maison_villa,Tunis,Tunis,691280000.0,,,,,4.0,3.0,1.0,RDC,ground_floor,0,0,0,0,0,0
tayara_69d4e8ba2c7ecb90f0002cf3,tayara,vente,maison_villa,Ariana,Ghazela,,,,1000.0,,5.0,4.0,4.0,,unknown,0,0,0,0,0,0
tayara_6a8abc6e509ae3528dcd6b40,tayara,vente,maison_villa,Ariana,Raoued,660000.0,660000.0,1760.0,375.0,2.0,2.0,,4.0,rdc,ground_floor,0,1,0,0,0,0
tayara_6a50d6887b31d9554f3a8d39,tayara,vente,maison_villa,Tunis,Tunis,155000.0,155000.0,,,,4.0,3.0,2.0,rdc,ground_floor,0,0,0,0,0,0
tayara_6aa81b124e7f635a53a3ac6b,tayara,vente,maison_villa,Nabeul,Hammamet,728220000.0,,,,,3.0,2.0,1.0,,unknown,0,0,0,0,0,0
tayara_6a92c95e33f4b02206bc63f5,tayara,vente,maison_villa,Ariana,La Soukra,1650000.0,1650000.0,3173.076923076923,520.0,,5.0,4.0,0.0,rez-de-chaussée,ground_floor,0,1,1,0,0,0
tayara_6a511fc17b31d9554f3ac7a5,tayara,vente,maison_villa,Sousse,Sahloul,,,,404.0,5.0,5.0,5.0,0.0,Rez-de-chaussée,ground_floor,0,0,0,0,0,0
tayara_6a44248bb3da6e91fdc118a7,tayara,vente,maison_villa,Ben Arous,Fouchana,250000.0,250000.0,2272.7272727272725,110.0,,4.0,3.0,2.0,rez-de-chaussée,ground_floor,0,0,0,0,0,0
tayara_694d6be58914daae51a16c07,tayara,vente,maison_villa,Nabeul,Hammamet,390000.0,390000.0,975.0,400.0,2.0,2.0,2.0,2.0,,unknown,0,0,0,0,0,0
tayara_698376d6dce8e6dd78b68417,tayara,vente,maison_villa,Sousse,Sahloul,1350000.0,1350000.0,3000.0,450.0,,4.0,3.0,3.0,rez de chaussée,ground_floor,0,1,0,0,0,0
tayara_69d4f6312c7ecb90f0003468,tayara,vente,maison_villa,Sousse,Akouda,830000.0,830000.0,2075.0,400.0,,4.0,3.0,3.0,,unknown,0,1,0,0,0,0
tayara_6a9ff01c62d7349f5f06d836,tayara,vente,maison_villa,Tunis,Tunis,610000.0,610000.0,1540.4040404040404,396.0,,6.0,3.0,2.0,Rez-de-chaussée,ground_floor,0,1,0,0,0,0
tayara_6aa822f84e7f635a53a3b1aa,tayara,vente,maison_villa,Nabeul,Hammamet,1205000.0,1205000.0,,,,2.0,1.0,1.0,,unknown,0,0,0,0,0,0
tayara_69cd447b23b4f84682769256,tayara,vente,maison_villa,Ariana,Ariana Essoughra,320000.0,320000.0,,,2.0,2.0,,3.0,,unknown,0,1,0,0,0,0
tayara_6a33bfd4ec535ff6e1591bbc,tayara,vente,maison_villa,Tunis,Tunis,2400000.0,2400000.0,4285.714285714285,560.0,,7.0,5.0,0.0,,unknown,0,1,1,0,0,0
tayara_6a9eb2d74d0796286f5561b6,tayara,vente,maison_villa,Nabeul,Hammamet,,,,,2.0,2.0,1.0,1.0,,unknown,0,0,0,0,0,0
tayara_6a92d01eb6ae14216f5b8373,tayara,vente,maison_villa,Ariana,Riadh Andalous,2000.0,,,400.0,,3.0,2.0,2.0,,unknown,0,0,0,0,0,0
tayara_69d4ea5c2c7ecb90f0002e09,tayara,vente,maison_villa,Ariana,Ariana,,,,995.0,,7.0,6.0,6.0,,unknown,0,0,0,0,0,0
tayara_6aa54404648d164e8b89119b,tayara,vente,maison_villa,Sousse,Sousse Mdina,225000.0,225000.0,,,3.0,3.0,3.0,0.0,,unknown,0,0,0,0,0,0
tayara_6a3d41c4c59ab3cb259f895f,tayara,vente,maison_villa,Ben Arous,Hammam Chott,1000000.0,1000000.0,2941.176470588235,340.0,3.0,3.0,,7.0,RDC,ground_floor,0,0,1,0,0,0
tayara_6aa172d662d7349f5f077c39,tayara,vente,maison_villa,Tunis,El Menzah 9,1150000.0,1150000.0,6052.631578947368,190.0,,4.0,3.0,5.0,rez-de-chaussée,ground_floor,0,1,0,0,0,0
tayara_6aa835fa648d164e8b8a8dc2,tayara,vente,maison_villa,Ariana,Ariana Essoughra,,,,,2.0,2.0,1.0,1.0,,unknown,0,0,0,0,0,0
tayara_6a71d3c86ef0e97a6c162d5e,tayara,vente,maison_villa,Ariana,Raoued,360000.0,360000.0,,,3.0,3.0,3.0,1.0,,unknown,0,0,0,1,0,0
tayara_6aa83b1d4e7f635a53a3bffb,tayara,vente,maison_villa,Tunis,El Menzah 1,,,,79.0,,2.0,1.0,1.0,,unknown,0,0,0,0,0,0
tayara_6a4703f6c59ab3cb25a50902,tayara,vente,maison_villa,Médenine,Djerba Midoun,,,,396.0,,3.0,2.0,2.0,,unknown,0,0,0,0,0,0
tayara_686ac07694cd0376dcd71b3c,tayara,vente,maison_villa,Ariana,Ghazela,,,,,,,,,,unknown,0,0,0,0,0,0
tayara_6a96cf22b6ae14216f5d37f7,tayara,vente,maison_villa,Sousse,Kala Kebira,540000.0,540000.0,1421.0526315789473,380.0,5.0,5.0,3.0,3.0,,unknown,0,1,0,0,0,0
tayara_6aa83b56648d164e8b8a90b9,tayara,vente,maison_villa,Tunis,Menzah,,,,1079.0,,5.0,4.0,4.0,,unknown,0,0,0,0,0,0
tayara_6a9c69be62d7349f5f05796d,tayara,vente,maison_villa,Tunis,Ain Zaghouan Nord,,,,420.0,,3.0,2.0,5.0,Rez-de-Chaussée,ground_floor,0,1,1,1,0,0
tayara_686541da94cd0376dcd36242,tayara,vente,maison_villa,Nabeul,Klibia,780000.0,780000.0,2102.425876010782,371.0,,5.0,4.0,4.0,1er étage,floor_1,0,1,0,0,0,0
tayara_6aa80f8b4e7f635a53a3a4a0,tayara,vente,maison_villa,Nabeul,Hammamet,1270000.0,1270000.0,,,,2.0,1.0,1.0,,unknown,0,0,0,0,0,0
tayara_69ce3b172c7ecb90f0fdd3b2,tayara,vente,maison_villa,Bizerte,Bizerte Nord,,,,787.0,,4.0,3.0,3.0,RDC,ground_floor,0,0,1,0,1,0
tayara_6aa80530648d164e8b8a6ed0,tayara,vente,maison_villa,Manouba,Mornaguia,,,,300.0,2.0,2.0,2.0,2.0,,unknown,0,0,0,0,0,0
tayara_6aa7e785648d164e8b8a589d,tayara,vente,maison_villa,Tunis,Le Bardo,,,,,,3.0,2.0,1.0,,unknown,0,0,0,0,0,0
tayara_6aa802574e7f635a53a39bd1,tayara,vente,maison_villa,Ariana,Cit Ennasr 2,2000000.0,2000000.0,,,,5.0,4.0,4.0,,unknown,0,1,0,0,0,0
tayara_6a701a6ef1282c6658e25c33,tayara,vente,maison_villa,Nabeul,Yasmine Hammamet,980000.0,980000.0,3629.6296296296296,270.0,,5.0,4.0,3.0,,unknown,0,0,0,0,0,0
tayara_6aa81029648d164e8b8a75f2,tayara,vente,maison_villa,Nabeul,Hammamet,1240000.0,1240000.0,,,,2.0,1.0,1.0,,unknown,0,0,0,0,0,0
tayara_6839bce7e1e62e32ffb6ac38,tayara,vente,maison_villa,Bizerte,Bizerte Sud,300000.0,300000.0,,,,4.0,3.0,1.0,,unknown,0,1,0,0,0,0
tayara_6aa7f8324e7f635a53a393b5,tayara,vente,maison_villa,Ben Arous,Ezzahra,850000.0,850000.0,2833.3333333333335,300.0,,3.0,2.0,2.0,rez de chaussée,ground_floor,0,0,0,0,0,0
tayara_6a034df9e853e69bec00bb95,tayara,vente,maison_villa,Nabeul,Hammamet,880000.0,880000.0,4000.0,220.0,,5.0,4.0,4.0,,unknown,0,1,1,0,0,0
tayara_6aa80f304e7f635a53a3a45d,tayara,vente,maison_villa,Nabeul,Hammamet,1205000.0,1205000.0,,,,2.0,1.0,1.0,,unknown,0,0,0,0,0,0
tayara_6974ab86d921b01419d234b1,tayara,vente,maison_villa,Bizerte,Bizerte Nord,155000.0,155000.0,1550.0,100.0,,3.0,2.0,1.0,,unknown,0,0,0,0,0,0
tayara_6a96e55233f4b02206be326e,tayara,vente,maison_villa,Bizerte,Tinja,350000.0,350000.0,868.4863523573201,403.0,4.0,4.0,2.0,2.0,,unknown,0,1,0,0,0,0
tayara_69f085c39ab1fd1e1093b364,tayara,vente,maison_villa,Mahdia,Mahdia,880000.0,880000.0,1784.9898580121703,493.0,5.0,5.0,4.0,4.0,rez-de-chaussée,ground_floor,0,1,0,0,0,0
tayara_6a47b4dc4956ba003a38629c,tayara,vente,maison_villa,Ariana,Cit Ennasr 2,1600000.0,1600000.0,2618.657937806874,611.0,,5.0,3.0,3.0,Rez-de-chaussée,ground_floor,0,1,0,0,0,0
tayara_6aa53703648d164e8b89087c,tayara,vente,maison_villa,Tunis,Tunis,430000.0,430000.0,1146.6666666666667,375.0,1.0,1.0,,2.0,Rez-de-chaussée,ground_floor,0,0,0,0,0,0
tayara_6a75c686f1282c6658e5b53b,tayara,vente,maison_villa,Sousse,Sousse Mdina,203000.0,203000.0,931.1926605504588,218.0,,5.0,4.0,2.0,,unknown,0,0,0,0,0,0
tayara_6a870a0686fe4424fc34f3d9,tayara,vente,maison_villa,Tunis,Tunis,1500000.0,1500000.0,1997.3368841544607,751.0,,4.0,3.0,3.0,rez-de-chaussée,ground_floor,0,0,1,0,0,0
tayara_6a68d801dd4bfa6f33174686,tayara,vente,maison_villa,Ariana,Chotrana 2,,,,,4.0,4.0,4.0,4.0,,unknown,0,1,1,0,0,0
tayara_68d41655516f1ddb82e237f2,tayara,vente,maison_villa,Tunis,La Marsa,,,,450.0,,1.0,0.0,0.0,,unknown,0,0,0,0,0,0
tayara_6aa7e52c648d164e8b8a5734,tayara,vente,maison_villa,Tunis,Autres Villes,,,,,,2.0,1.0,1.0,,unknown,0,0,0,0,0,0
tayara_6a71cdd0f1282c6658e3448a,tayara,vente,maison_villa,Tunis,La Marsa,,,,400.0,5.0,5.0,3.0,3.0,,unknown,0,0,0,0,0,0
tayara_6a30453314106929dedc6f10,tayara,vente,maison_villa,Tunis,Tunis,1700000000.0,,,,5.0,5.0,3.0,3.0,,unknown,0,1,1,0,0,0
tayara_69c3bcb918988b5c4781298c,tayara,vente,maison_villa,Nabeul,Klibia,420000.0,420000.0,992.9078014184397,423.0,,2.0,1.0,1.0,,unknown,0,0,0,0,0,0
tayara_69a827d015e045cfa26a82d4,tayara,vente,maison_villa,Ariana,Chotrana 1,,,,,,1.0,0.0,0.0,,unknown,0,0,0,0,0,0
tayara_6939a12dcd04d08be748c1aa,tayara,vente,maison_villa,Nabeul,Klibia,1750000.0,1750000.0,2500.0,700.0,3.0,3.0,,5.0,1er étage,floor_1,0,1,0,0,0,0
tayara_6aa7d6b0648d164e8b8a4d61,tayara,vente,maison_villa,Tunis,Tunis,728185000.0,,,,,2.0,1.0,1.0,,unknown,0,0,0,0,0,0
tayara_6a9dc090f6b2a7cd2d7cc99d,tayara,vente,maison_villa,Tunis,Tunis,1699994.0,1699994.0,,,3.0,3.0,3.0,3.0,,unknown,0,0,1,1,1,0
tayara_6a9ae569f6b2a7cd2d7b70d2,tayara,vente,maison_villa,Ariana,Chotrana 3,,,,700.0,5.0,5.0,3.0,3.0,,unknown,0,0,1,0,0,0
tayara_6aa7e20c4e7f635a53a3841d,tayara,vente,maison_villa,Tunis,Le Bardo,,,,740.0,,3.0,2.0,3.0,,unknown,0,0,0,0,0,0
tayara_6a0ef1f9453ae0812f088f3f,tayara,vente,maison_villa,Ariana,Chotrana 3,,,,540.0,,6.0,5.0,5.0,,unknown,0,1,1,0,0,0
tayara_6a82da2686fe4424fc327a7d,tayara,vente,maison_villa,Tunis,La Marsa,,,,894.0,5.0,5.0,4.0,4.0,,unknown,0,1,1,0,0,0
tayara_6a97012533f4b02206be4638,tayara,vente,maison_villa,Tunis,La Marsa,,,,848.0,6.0,6.0,6.0,5.0,,unknown,0,1,0,1,1,0
tayara_6a7af426303f47f0a02af26c,tayara,vente,maison_villa,Ariana,Chotrana 3,1100.0,,,350.0,3.0,3.0,3.0,3.0,rez-de-chaussée,ground_floor,0,1,1,0,0,0
tayara_693420128914daae5196d645,tayara,vente,maison_villa,Nabeul,Hammamet,770000.0,770000.0,1540.0,500.0,,5.0,4.0,4.0,,unknown,0,1,1,1,1,0
tayara_6aa7cae74e7f635a53a372f6,tayara,vente,maison_villa,Sfax,Route El Ain,65000.0,65000.0,,,,2.0,1.0,1.0,,unknown,0,0,0,0,0,0
tayara_68e8e7493e7ffb8ac157d08a,tayara,vente,maison_villa,Nabeul,Klibia,400000.0,400000.0,1486.988847583643,269.0,,2.0,1.0,1.0,,unknown,0,0,1,0,0,0
tayara_6aa7cd78648d164e8b8a46b1,tayara,vente,maison_villa,Sfax,Sfax Ville,,,,,,,,,,unknown,0,0,0,0,0,0
tayara_6a83264f374b022e6dcb905c,tayara,vente,maison_villa,Tunis,Tunis,890000.0,890000.0,2542.8571428571427,350.0,,3.0,1.0,1.0,rez-de-chaussée,ground_floor,0,1,0,0,0,0
tayara_6aa7d0be4e7f635a53a377ed,tayara,vente,maison_villa,Ben Arous,Medina Jedida,245000.0,245000.0,1750.0,140.0,,3.0,2.0,2.0,,unknown,0,0,0,0,0,0
tayara_6a020322e853e69bec00146e,tayara,vente,maison_villa,Sousse,Kala Sghira,820000.0,820000.0,1744.6808510638298,470.0,3.0,3.0,,4.0,Rez de chaussée,ground_floor,0,0,0,0,0,0
tayara_6aa7c700648d164e8b8a4199,tayara,vente,maison_villa,Nabeul,Hammamet,1230000.0,1230000.0,,,,3.0,2.0,1.0,,unknown,0,0,0,0,0,0
tayara_694573cdcd04d08be74da5a6,tayara,vente,maison_villa,Sousse,Kala Kebira,430000.0,430000.0,,,,2.0,1.0,1.0,,unknown,0,0,0,0,0,0
tayara_6aa7c7b24e7f635a53a370bf,tayara,vente,maison_villa,Nabeul,Klibia,,,,,2.0,2.0,2.0,0.0,,unknown,0,0,0,0,0,0
tayara_69f9facb2067aacf4b09807b,tayara,vente,maison_villa,Sousse,Sousse Mdina,295000.0,295000.0,1569.1489361702127,188.0,,8.0,7.0,7.0,,unknown,0,0,0,0,0,0
tayara_6aa7d54a4e7f635a53a37b07,tayara,vente,maison_villa,Tunis,Le Kram,310000.0,310000.0,3100.0,100.0,2.0,2.0,,3.0,Rdc,ground_floor,0,0,0,0,0,0
tayara_6a97f89533f4b02206beb667,tayara,vente,maison_villa,Ariana,La Soukra,825000.0,825000.0,1489.1696750902527,554.0,3.0,3.0,3.0,,,unknown,0,1,0,0,1,0
tayara_6aa7aa40648d164e8b8a2e91,tayara,vente,maison_villa,Ben Arous,Hammam Chott,165000.0,165000.0,,,,2.0,1.0,1.0,,unknown,0,0,0,0,0,0
tayara_6a19628fddff5c7827de8769,tayara,vente,maison_villa,Tunis,Tunis,470000.0,470000.0,470.0,1000.0,3.0,3.0,3.0,2.0,,unknown,0,1,0,0,0,0
tayara_6aa7aeeb4e7f635a53a3607d,tayara,vente,maison_villa,Ariana,Riadh Andalous,1423456789.0,,,400.0,3.0,3.0,3.0,4.0,rez de chaussée,ground_floor,0,0,0,0,0,0
tayara_6a176dee2257200009cd3f80,tayara,vente,maison_villa,Sousse,Hammam Sousse,,,,574.0,,4.0,3.0,3.0,,unknown,0,1,0,1,1,0
tayara_69a7f1e8d0d74c5f580d22e3,tayara,vente,maison_villa,Tunis,La Marsa,1380000.0,1380000.0,4615.384615384615,299.0,4.0,4.0,3.0,3.0,Rez de chaussée,ground_floor,0,0,1,1,0,0
tayara_6a8872d5763dd571fac8e7a7,tayara,vente,maison_villa,Nabeul,Hammamet,780000.0,780000.0,2468.3544303797466,316.0,4.0,4.0,4.0,3.0,,unknown,0,0,0,0,0,0
tayara_6a2a98d6ec535ff6e1538e32,tayara,vente,maison_villa,Sousse,Akouda,520000.0,520000.0,795.1070336391438,654.0,,1.0,0.0,0.0,,unknown,0,0,0,0,0,0
tayara_6985d025dd7586288623a362,tayara,vente,maison_villa,Tunis,Ain Zaghouan Nord,650000.0,650000.0,4642.857142857143,140.0,2.0,2.0,2.0,2.0,,unknown,0,1,0,0,1,0
tayara_6a70c5f9f1282c6658e2c596,tayara,vente,maison_villa,Nabeul,Hammamet,695000.0,695000.0,1447.9166666666667,480.0,,5.0,4.0,4.0,,unknown,0,0,0,0,0,0
tayara_6a74ace46ef0e97a6c17fe42,tayara,vente,maison_villa,Tunis,Borj Cedria,,,,341.0,4.0,4.0,2.0,2.0,,unknown,0,0,0,1,1,0
tayara_6aa3e72c648d164e8b886311,tayara,vente,maison_villa,Ariana,La Soukra,890000.0,890000.0,4450.0,200.0,3.0,3.0,3.0,3.0,Rez de chaussée,ground_floor,0,1,0,1,1,0
tayara_6aa1827562d7349f5f078c4a,tayara,vente,maison_villa,Ariana,La Soukra,1100000.0,1100000.0,1527.7777777777778,720.0,3.0,3.0,3.0,3.0,,unknown,0,0,0,0,1,0
tayara_6a31ca2514106929dedd55c7,tayara,vente,maison_villa,Manouba,Mornaguia,82000.0,82000.0,,,,2.0,1.0,1.0,,unknown,0,0,0,0,0,0
tayara_689734b3dbb2ce981b9b66e3,tayara,vente,maison_villa,Nabeul,Hammam Ghezze,580000.0,580000.0,2071.4285714285716,280.0,,3.0,2.0,2.0,1er étage,floor_1,0,0,0,0,0,0
tayara_6aa77586648d164e8b8a21cf,tayara,vente,maison_villa,Sousse,Sousse,,,,,,3.0,2.0,2.0,,unknown,0,0,0,0,0,0
tayara_6aa76b1e4e7f635a53a34f3f,tayara,vente,maison_villa,Bizerte,Ras Jebel,,,,2000.0,,6.0,5.0,5.0,,unknown,0,0,0,0,0,0
tayara_6a0ec9ed453ae0812f087bf3,tayara,vente,maison_villa,Nabeul,Klibia,1050000.0,1050000.0,3962.264150943396,265.0,,5.0,3.0,3.0,,unknown,0,0,1,0,0,0
tayara_6a3278feec535ff6e1585a6f,tayara,vente,maison_villa,Tunis,La Marsa,110000.0,110000.0,1100.0,100.0,,2.0,1.0,1.0,,unknown,0,0,0,0,0,0
tayara_6aa6e7ce648d164e8b89de62,tayara,vente,maison_villa,Sfax,Sfax Ville,,,,,,2.0,1.0,1.0,,unknown,0,0,0,0,0,0
tayara_6aa7106e4e7f635a53a32920,tayara,vente,maison_villa,Sfax,Route De Laroport,480000.0,480000.0,4173.913043478261,115.0,,4.0,3.0,2.0,REZ-DE-CHAUSSÉE,ground_floor,0,1,0,0,0,0
tayara_696a2d091813559909228c7c,tayara,vente,maison_villa,Ariana,El Menzah 6,,,,660.0,,,,,,unknown,0,0,0,0,0,0
tayara_6a0ec8bb453ae0812f087b72,tayara,vente,maison_villa,Nabeul,Klibia,550000.0,550000.0,2500.0,220.0,,3.0,2.0,2.0,rez-de-chaussée,ground_floor,0,0,0,0,0,0
tayara_6aa710d54e7f635a53a32959,tayara,vente,maison_villa,Tunis,Le Bardo,,,,,,2.0,1.0,1.0,RDC,ground_floor,0,0,0,0,0,0
tayara_6aa6d7aa4e7f635a53a304b9,tayara,vente,maison_villa,Tunis,Monfleury,,,,603.0,,3.0,2.0,2.0,,unknown,0,0,0,0,0,0
tayara_6aa6c5864e7f635a53a2f8b8,tayara,vente,maison_villa,Tunis,Ain Zaghouen,,,,,,3.0,2.0,1.0,,unknown,0,0,0,0,0,0
tayara_6aa6bd0e4e7f635a53a2f26d,tayara,vente,maison_villa,Ben Arous,El Mourouj 1,,,,,,4.0,3.0,3.0,,unknown,0,1,0,0,0,0
tayara_6aa76c814e7f635a53a34f7f,tayara,vente,maison_villa,Bizerte,Ras Jebel,,,,240.0,,3.0,2.0,2.0,,unknown,0,0,1,0,0,0
tayara_69c670cf18988b5c47828b2d,tayara,vente,maison_villa,Tunis,El Omrane,,,,505.0,,,,,,unknown,0,0,0,0,0,0
tayara_6aa6b0ef648d164e8b89ba2b,tayara,vente,maison_villa,Le Kef,Kef Ouest,320000.0,320000.0,1042.3452768729642,307.0,,4.0,3.0,2.0,,unknown,0,0,0,0,0,0
tayara_6aa6592b648d164e8b89824b,tayara,vente,maison_villa,Ariana,Mnihla,,,,,,5.0,4.0,4.0,,unknown,0,0,0,0,0,0
tayara_6aa665fc4e7f635a53a2b8f6,tayara,vente,maison_villa,Ben Arous,Boumhel,160000.0,160000.0,1000.0,160.0,,3.0,2.0,2.0,,unknown,0,0,0,0,0,0
tayara_6aa640994e7f635a53a2ab76,tayara,vente,maison_villa,Ariana,Cit Ennasr 2,3000000.0,3000000.0,6000.0,500.0,,4.0,3.0,3.0,,unknown,0,0,0,0,0,0
tayara_6826fc6341532c94f15a9916,tayara,vente,maison_villa,Nabeul,Menzel Temime,550000.0,550000.0,1896.551724137931,290.0,,2.0,1.0,1.0,,unknown,0,0,0,0,0,0
tayara_6a5773874956ba003a415be9,tayara,vente,maison_villa,Sousse,Akouda,125000.0,125000.0,822.3684210526316,152.0,2.0,2.0,1.0,1.0,,unknown,0,0,0,0,0,0
tayara_6aa643254e7f635a53a2ac2f,tayara,vente,maison_villa,Tunis,Tunis,,,,257.0,,2.0,1.0,,,unknown,0,0,0,0,0,0
tayara_6aa68b17648d164e8b899f2e,tayara,vente,maison_villa,Tunis,Tunis,255000.0,255000.0,1677.6315789473683,152.0,4.0,4.0,1.0,1.0,,unknown,0,0,0,0,0,0
tayara_697cda4a15471d09ce10ef58,tayara,vente,maison_villa,Nabeul,Hammamet,,750000.0,1221.498371335505,614.0,,4.0,3.0,3.0,,unknown,0,1,1,1,1,0
tayara_6aa6ae45648d164e8b89b848,tayara,vente,maison_villa,Ariana,Ariana,,,,,,,,,,unknown,0,0,0,0,0,0
tayara_6a8721ca86fe4424fc35076c,tayara,vente,maison_villa,Sousse,Hammam Sousse,435000.0,435000.0,1891.304347826087,230.0,,2.0,1.0,1.0,,unknown,0,0,0,0,1,0
tayara_6aa6b1f14e7f635a53a2eb80,tayara,vente,maison_villa,Sfax,Route Menzel Chaker,,,,700.0,,3.0,2.0,2.0,REZ-DE-CHAUSSÉE,ground_floor,0,1,0,1,1,0
tayara_6aa6375b4e7f635a53a2a9f0,tayara,vente,maison_villa,Jendouba,Ain Draham,120000.0,120000.0,,,,,,,,unknown,0,0,0,0,0,0
tayara_6aa6a0734e7f635a53a2df34,tayara,vente,maison_villa,Tunis,Tunis,250000.0,250000.0,,,,3.0,2.0,1.0,Rez-de-chaussée,ground_floor,0,0,0,0,0,0
tayara_6aa6b759648d164e8b89be9c,tayara,vente,maison_villa,Ariana,Borj Louzir,,,,,,,,,,unknown,0,0,0,0,0,0
tayara_6aa6936b4e7f635a53a2d55c,tayara,vente,maison_villa,Sfax,Menzel Chaker,230000.0,230000.0,1840.0,125.0,,4.0,3.0,2.0,RDC,ground_floor,0,1,0,0,0,0
tayara_6aa6784d648d164e8b899313,tayara,vente,maison_villa,Bizerte,Menzel Bourguiba,990000.0,990000.0,,,3.0,3.0,,4.0,,unknown,0,0,0,0,0,0
tayara_696b810b18135599092306d6,tayara,vente,maison_villa,Tunis,Tunis,390000.0,390000.0,1921.1822660098521,203.0,,3.0,2.0,2.0,,unknown,0,0,0,0,0,0
tayara_6946a987cd04d08be74e1b39,tayara,vente,maison_villa,Sousse,Chatt Mariem,1600000.0,1600000.0,2424.242424242424,660.0,1.0,1.0,,7.0,,unknown,0,0,0,0,0,0
tayara_6aa56fa7648d164e8b892a35,tayara,vente,maison_villa,Tunis,Gammarth,1500000.0,1500000.0,,,,5.0,4.0,4.0,,unknown,0,0,0,0,0,0
tayara_6aa58d4e4e7f635a53a26d6f,tayara,vente,maison_villa,Ariana,Raoued,,240000.0,,,,3.0,2.0,,,unknown,0,1,0,0,0,0
tayara_6aa5375c4e7f635a53a23a7b,tayara,vente,maison_villa,Tunis,Tunis,390000.0,390000.0,,,5.0,5.0,1.0,1.0,,unknown,0,0,0,0,0,0
tayara_6aa57478648d164e8b892c9c,tayara,vente,maison_villa,Tunis,Gammarth,1500000.0,1500000.0,5263.1578947368425,285.0,,3.0,2.0,2.0,,unknown,0,0,1,0,0,0
tayara_68fb7ceeb756576ab407b576,tayara,vente,maison_villa,Sousse,Sousse,490000.0,490000.0,981.9639278557114,499.0,3.0,3.0,2.0,2.0,rez de chaussée,ground_floor,0,0,0,0,0,0
tayara_69676940646b45192d8e49e3,tayara,vente,maison_villa,Sousse,Sousse,369000.0,369000.0,1677.2727272727273,220.0,2.0,2.0,2.0,2.0,,unknown,0,0,0,0,0,0
tayara_68c05c22c4782c5427af79ab,tayara,vente,maison_villa,Sousse,Kala Sghira,380000.0,380000.0,3166.6666666666665,120.0,4.0,4.0,2.0,2.0,Rez de chaussée,ground_floor,0,0,0,0,0,0
tayara_692ae31f145e1617cbade910,tayara,vente,maison_villa,Sousse,Khzema,1450000.0,1450000.0,2589.285714285714,560.0,1.0,1.0,,7.0,rez-de-chaussée,ground_floor,0,1,0,0,0,0
tayara_6aa54aff4e7f635a53a2478b,tayara,vente,maison_villa,Sousse,Hergla,260000.0,260000.0,650.0,400.0,,4.0,3.0,1.0,,unknown,0,0,0,0,0,0
tayara_697211c5d921b01419d12cb1,tayara,vente,maison_villa,Sousse,Sousse,630000.0,630000.0,913.0434782608696,690.0,3.0,3.0,3.0,6.0,Rez de chaussée,ground_floor,0,1,0,0,0,0
tayara_6aa5885e648d164e8b89383f,tayara,vente,maison_villa,Ben Arous,Fouchana,,,,,,2.0,1.0,0.0,,unknown,0,0,0,0,0,0
tayara_6aa534924e7f635a53a2387a,tayara,vente,maison_villa,Nabeul,Hammamet,1350000.0,1350000.0,,,,2.0,1.0,1.0,RDC,ground_floor,0,0,0,0,0,0
tayara_6aa533de648d164e8b89060f,tayara,vente,maison_villa,Nabeul,Hammamet,1140000.0,1140000.0,,,,3.0,2.0,1.0,,unknown,0,0,0,0,0,0
tayara_6aa527be4e7f635a53a22ea4,tayara,vente,maison_villa,Nabeul,Hammamet,728230000.0,,,,,3.0,2.0,1.0,,unknown,0,0,0,0,0,0
tayara_6aa516734e7f635a53a221d2,tayara,vente,maison_villa,Nabeul,Hammamet,728140000.0,,,,,3.0,2.0,2.0,,unknown,0,0,0,0,0,0
tayara_6aa51ed24e7f635a53a227f7,tayara,vente,maison_villa,Nabeul,Hammamet,1230000.0,1230000.0,,,4.0,4.0,4.0,2.0,,unknown,0,0,0,0,0,0
tayara_6aa51f0b648d164e8b88f650,tayara,vente,maison_villa,Tunis,Djebel Jelloud,1200000.0,1200000.0,,,,2.0,1.0,1.0,rez-de-chaussée,ground_floor,0,0,0,0,0,0
tayara_6aa53472648d164e8b89068e,tayara,vente,maison_villa,Nabeul,Hammamet,728185000.0,,,,,2.0,1.0,1.0,,unknown,0,0,0,0,0,0
tayara_6aa51a4e4e7f635a53a22489,tayara,vente,maison_villa,Tunis,Monfleury,,,,,,6.0,5.0,5.0,,unknown,0,0,0,0,0,0
tayara_6aa51763648d164e8b88f0ef,tayara,vente,maison_villa,Tunis,Hammamet,728368000.0,,,,,3.0,2.0,1.0,,unknown,0,1,0,0,0,0
tayara_6aa51164648d164e8b88ed18,tayara,vente,maison_villa,Nabeul,Hammamet,205000.0,205000.0,,,,2.0,1.0,1.0,,unknown,0,0,0,0,0,0
tayara_6aa5291d648d164e8b88fdba,tayara,vente,maison_villa,Nabeul,Hammamet,1230000.0,1230000.0,,,4.0,4.0,4.0,3.0,,unknown,0,0,0,0,0,0
tayara_6aa5172c4e7f635a53a2224d,tayara,vente,maison_villa,Nabeul,Hammamet,1270000.0,1270000.0,,,,3.0,2.0,1.0,,unknown,0,0,0,0,0,0
tayara_6aa5335e648d164e8b8905a2,tayara,vente,maison_villa,Sfax,Route Mharza,500000.0,500000.0,,,,2.0,1.0,1.0,,unknown,0,0,0,0,0,0
tayara_69f9fadb2067aacf4b098085,tayara,vente,maison_villa,Sousse,Sousse Mdina,259000.0,259000.0,1036.0,250.0,,4.0,3.0,3.0,,unknown,0,0,0,0,0,0
tayara_6aa50f94648d164e8b88ec0d,tayara,vente,maison_villa,Ariana,Mnihla,460000.0,460000.0,,,4.0,4.0,1.0,1.0,,unknown,0,0,0,0,0,0
tayara_6aa460bc648d164e8b88b116,tayara,vente,maison_villa,Ariana,Kalat Andalous,,,,,,3.0,2.0,2.0,,unknown,0,0,0,0,0,0
tayara_6aa50c2b4e7f635a53a21c09,tayara,vente,maison_villa,Ariana,Ettadhamen,800000.0,800000.0,,,2.0,2.0,2.0,,,unknown,0,0,0,0,0,0
tayara_6a467a2cc59ab3cb25a4c6f6,tayara,vente,maison_villa,Tunis,Tunis,780000.0,780000.0,,,,3.0,2.0,2.0,,unknown,0,0,1,0,0,0
tayara_6a21ea6fa849fd3c0e13eb1f,tayara,vente,maison_villa,Nabeul,Hammamet,880000.0,880000.0,1760.0,500.0,,5.0,4.0,4.0,,unknown,0,0,1,0,0,0
tayara_6a8d6372763dd571facb4560,tayara,vente,maison_villa,Tunis,Tunis,1300000.0,1300000.0,1529.4117647058824,850.0,,4.0,3.0,3.0,,unknown,0,0,0,1,1,0
tayara_6aa486284e7f635a53a1f89c,tayara,vente,maison_villa,Tunis,Ain Zaghouan Nord,,,,,,3.0,2.0,2.0,Rez-de-chaussée,ground_floor,0,0,0,0,0,0
tayara_6aa432ef4e7f635a53a1c5f4,tayara,vente,maison_villa,Ariana,Raoued,,,,70.0,,3.0,2.0,,rez-de-chaussée,ground_floor,0,1,0,0,0,0
tayara_69dc3537b9d5257b5a8b6460,tayara,vente,maison_villa,Nabeul,Hammamet,1050000.0,1050000.0,1500.0,700.0,,5.0,4.0,4.0,,unknown,0,1,1,1,1,0
tayara_6aa446774e7f635a53a1d135,tayara,vente,maison_villa,Mahdia,Chebba,1000.0,,,,2.0,2.0,2.0,2.0,RDC,ground_floor,0,1,0,0,0,0
tayara_6aa50969648d164e8b88e901,tayara,vente,maison_villa,Ariana,Ettadhamen,150000.0,150000.0,,,,2.0,1.0,1.0,,unknown,0,0,0,0,0,0
tayara_6aa3f64f648d164e8b886b26,tayara,vente,maison_villa,Ariana,La Soukra,1200000.0,1200000.0,2666.6666666666665,450.0,,5.0,4.0,3.0,Rdc,ground_floor,0,0,0,0,0,0
tayara_6aa420544e7f635a53a1bb0c,tayara,vente,maison_villa,Sfax,Route Mehdia,,,,,,3.0,2.0,2.0,,unknown,0,0,0,0,0,0
tayara_69241901da5d3acb89b3223e,tayara,vente,maison_villa,Tunis,Tunis,,2000000.0,4444.444444444444,450.0,,9.0,8.0,0.0,,unknown,0,0,0,0,0,0
tayara_6aa3e3e44e7f635a53a1908a,tayara,vente,maison_villa,Nabeul,Hammamet,1250000.0,1250000.0,,,,2.0,1.0,1.0,,unknown,0,0,0,0,0,0
tayara_6aa41bff648d164e8b88872f,tayara,vente,maison_villa,Tunis,Agba,430000.0,430000.0,1885.9649122807018,228.0,,4.0,3.0,2.0,,unknown,0,0,0,0,0,0
tayara_6a7483196ef0e97a6c17d8d2,tayara,vente,maison_villa,Ariana,Mnihla,550000.0,550000.0,1916.376306620209,287.0,,3.0,2.0,2.0,Rez-de-chaussée,ground_floor,0,1,0,1,1,0
tayara_6aa3fb5e648d164e8b886e9b,tayara,vente,maison_villa,Ben Arous,Medina Jedida,980000.0,980000.0,1960.0,500.0,,3.0,2.0,2.0,Rez-de-chaussée,ground_floor,0,0,0,0,0,0
tayara_6aa41573648d164e8b88829b,tayara,vente,maison_villa,Sfax,Route Saltania,4290000.0,4290000.0,,160.0,3.0,3.0,3.0,,,unknown,0,1,0,0,0,0
tayara_6aa42a464e7f635a53a1c116,tayara,vente,maison_villa,Manouba,La Manouba,565000.0,565000.0,3531.25,160.0,3.0,3.0,1.0,1.0,,unknown,0,1,0,1,0,0
tayara_6aa41a334e7f635a53a1b6d5,tayara,vente,maison_villa,Ariana,Raoued,,,,,,2.0,1.0,1.0,,unknown,0,1,0,0,0,0
tayara_69df5d482c7ecb90f0046174,tayara,vente,maison_villa,Sousse,Sousse Riadh,5189000.0,5189000.0,,140.0,,2.0,1.0,1.0,,unknown,0,0,0,0,0,0
tayara_6aa40fe34e7f635a53a1af6b,tayara,vente,maison_villa,Ben Arous,Boumhel,1500000.0,1500000.0,1997.3368841544607,751.0,,6.0,5.0,,rez-de-chaussée,ground_floor,0,0,1,0,0,0
tayara_6aa42a9b648d164e8b889051,tayara,vente,maison_villa,Ariana,Ennasr,1320000.0,1320000.0,2538.4615384615386,520.0,,4.0,3.0,3.0,Rez-de-chaussée,ground_floor,0,0,0,1,1,0
tayara_6aa431d24e7f635a53a1c558,tayara,vente,maison_villa,Monastir,Ksar Hellal,120000000.0,,,,,2.0,1.0,1.0,,unknown,0,0,0,0,0,0
tayara_6a3bd78611fc36f5d736125c,tayara,vente,maison_villa,Sousse,M Saken,1690000.0,1690000.0,1778.9473684210527,950.0,2.0,2.0,,,rez de chaussée,ground_floor,0,1,0,0,0,0
tayara_6aa408334e7f635a53a1a9d6,tayara,vente,maison_villa,Ben Arous,Fouchana,,,,,,,,,,unknown,0,0,0,0,0,0
tayara_6aa3c957648d164e8b884d6a,tayara,vente,maison_villa,Tunis,Agba,500000.0,500000.0,,,,2.0,1.0,1.0,,unknown,0,0,0,0,0,0
tayara_6aa3dbda648d164e8b885af8,tayara,vente,maison_villa,Nabeul,Hammamet,1175000.0,1175000.0,,,,3.0,2.0,2.0,RDC,ground_floor,0,0,0,0,0,0
tayara_6aa3d9c8648d164e8b885987,tayara,vente,maison_villa,Sfax,Route De Laroport,,,,370.0,,,,,,unknown,0,1,0,0,0,0
tayara_69da2b672c7ecb90f00237f0,tayara,vente,maison_villa,Ariana,La Soukra,1700000.0,1700000.0,1700.0,1000.0,4.0,4.0,4.0,4.0,,unknown,0,1,1,0,1,0
tayara_6aa3d9f2648d164e8b8859a9,tayara,vente,maison_villa,Sfax,Kerkennah,,,,,2.0,2.0,2.0,1.0,,unknown,0,0,0,0,0,0
tayara_6aa3d4af648d164e8b8855bd,tayara,vente,maison_villa,Sfax,Route El Ain,260000.0,260000.0,1520.46783625731,171.0,,3.0,2.0,1.0,,unknown,0,1,0,0,0,0
tayara_6aa3cc78648d164e8b884fda,tayara,vente,maison_villa,Nabeul,Klibia,230000.0,230000.0,1965.8119658119658,117.0,,3.0,2.0,2.0,1er étage,floor_1,0,1,0,0,0,1
tayara_6a86cc8ad3e00bbd6bcd98ed,tayara,vente,maison_villa,Ariana,Cite Ennkhilet,520000.0,520000.0,,,,3.0,2.0,2.0,,unknown,0,1,0,0,0,0
tayara_6aa3cf594e7f635a53a18205,tayara,vente,maison_villa,Tunis,El Omrane Suprieur,330000.0,330000.0,3300.0,100.0,,4.0,3.0,2.0,RDC,ground_floor,0,0,0,0,0,0
tayara_6a69bc5404ad344114637964,tayara,vente,maison_villa,Tunis,Tunis,360000.0,360000.0,1313.8686131386862,274.0,,3.0,2.0,0.0,RDC,ground_floor,0,1,0,0,0,0
tayara_6aa3cc16648d164e8b884f7f,tayara,vente,maison_villa,Ariana,Kalat Andalous,750000.0,750000.0,802.1390374331551,935.0,,5.0,4.0,4.0,,unknown,0,0,0,0,0,0
tayara_6aa3ca5f648d164e8b884e1b,tayara,vente,maison_villa,Tunis,Agba,650000.0,650000.0,,,7.0,7.0,1.0,1.0,,unknown,0,0,0,0,0,0
tayara_6aa3cc1d648d164e8b884f88,tayara,vente,maison_villa,Tunis,El Menzah 9,,,,550.0,,7.0,5.0,5.0,Rez-de-chaussée,ground_floor,0,1,1,0,0,0
tayara_6aa3cae14e7f635a53a17eb8,tayara,vente,maison_villa,Nabeul,Klibia,95000.0,95000.0,633.3333333333334,150.0,,2.0,1.0,1.0,1er étage,floor_1,0,0,0,0,0,0
tayara_698c53a61a74f8e704a10570,tayara,vente,maison_villa,Ariana,Ennasr,925000.0,925000.0,2111.8721461187215,438.0,,4.0,3.0,3.0,rez de chaussée,ground_floor,0,0,0,0,0,0
tayara_6aa2bd8c4e7f635a53a0f749,tayara,vente,maison_villa,Nabeul,Klibia,160000.0,160000.0,1185.1851851851852,135.0,,2.0,1.0,1.0,1er étage,floor_1,0,0,0,0,0,0
tayara_6a5623e37b31d9554f3d98ff,tayara,vente,maison_villa,Sousse,Hergla,320000.0,320000.0,1454.5454545454545,220.0,2.0,2.0,2.0,2.0,,unknown,0,0,0,0,0,0
tayara_6aa2b7aa4e7f635a53a0f1b7,tayara,vente,maison_villa,Tunis,Le Bardo,1500000.0,1500000.0,1250.0,1200.0,,3.0,2.0,2.0,,unknown,0,0,0,0,0,0
tayara_6aa2c11a4e7f635a53a0fa7e,tayara,vente,maison_villa,Tunis,Tunis,,,,,,2.0,1.0,1.0,,unknown,0,0,0,0,0,0
tayara_6a2d6a8014106929dedac1c3,tayara,vente,maison_villa,Sousse,Hammam Sousse,5470000.0,5470000.0,,232.0,5.0,5.0,4.0,4.0,,unknown,0,1,1,1,1,0
tayara_6aa39a804e7f635a53a166d5,tayara,vente,maison_villa,Tunis,Le Bardo,450000.0,450000.0,,,,2.0,1.0,1.0,rez de chaussée,ground_floor,0,0,0,0,0,0
tayara_6aa2ba834e7f635a53a0f46e,tayara,vente,maison_villa,Bizerte,Bizerte,680000.0,680000.0,3777.777777777778,180.0,,4.0,3.0,2.0,1er étage,floor_1,0,0,0,0,1,0
tayara_6a4fa5194956ba003a3cf399,tayara,vente,maison_villa,Bizerte,Ras Jebel,740000.0,740000.0,2466.6666666666665,300.0,,4.0,3.0,4.0,RDC,ground_floor,0,0,0,0,0,0
tayara_6aa2d3614e7f635a53a106ec,tayara,vente,maison_villa,Ariana,Ettadhamen,950000.0,950000.0,,,,2.0,1.0,1.0,,unknown,0,0,0,0,0,0
tayara_6aa2be084e7f635a53a0f7d0,tayara,vente,maison_villa,Nabeul,Klibia,210000.0,210000.0,1909.090909090909,110.0,,2.0,1.0,1.0,1er étage,floor_1,0,1,0,0,0,0
tayara_6aa2bd64648d164e8b87c64a,tayara,vente,maison_villa,Nabeul,Klibia,155000.0,155000.0,1165.4135338345864,133.0,,2.0,1.0,1.0,,unknown,0,0,0,0,0,0
tayara_6aa3af2b648d164e8b883d95,tayara,vente,maison_villa,Ariana,Chotrana 3,1900000.0,1900000.0,3327.495621716287,571.0,,7.0,6.0,6.0,Rdc,ground_floor,0,0,0,0,0,0
tayara_6aa2dc1e648d164e8b87dc75,tayara,vente,maison_villa,Nabeul,Hammamet,335000.0,335000.0,697.9166666666666,480.0,3.0,3.0,1.0,1.0,,unknown,0,0,0,0,0,0
tayara_6aa3a4034e7f635a53a169e3,tayara,vente,maison_villa,Ben Arous,Fouchana,350000.0,350000.0,1129.032258064516,310.0,,4.0,3.0,1.0,,unknown,0,1,0,0,0,0
tayara_6aa31088648d164e8b87ffa0,tayara,vente,maison_villa,Ariana,Charguia 1,,,,,,1.0,0.0,0.0,,unknown,0,0,0,0,0,0
tayara_694aafeacd04d08be74fcfff,tayara,vente,maison_villa,Bizerte,Ras Jebel,370000.0,370000.0,519.6629213483146,712.0,,3.0,2.0,2.0,Rdc,ground_floor,0,0,0,0,0,0
tayara_6aa30ca44e7f635a53a12dfb,tayara,vente,maison_villa,Nabeul,Dar Chabane El Fehri,,,,,,3.0,2.0,2.0,,unknown,0,0,0,0,0,0
tayara_6aa3ae84648d164e8b883d53,tayara,vente,maison_villa,Ariana,Mnihla,560000.0,560000.0,1214.7505422993493,461.0,,,,,rez-de-chaussée,ground_floor,0,1,1,0,0,0
tayara_6a5f5c4b7b31d9554f422a0c,tayara,vente,maison_villa,Ben Arous,Borj Cedria,560000.0,560000.0,1311.4754098360656,427.0,,5.0,4.0,0.0,,unknown,0,0,0,0,0,0
tayara_6aa2aeb84e7f635a53a0ea7f,tayara,vente,maison_villa,Bizerte,Ras Jebel,150001.0,150001.0,2142.8714285714286,70.0,2.0,2.0,1.0,1.0,,unknown,0,0,0,0,0,0
tayara_6aa28b404e7f635a53a0d11b,tayara,vente,maison_villa,Ariana,Cite Ennkhilet,,,,,,2.0,1.0,1.0,,unknown,0,0,0,0,0,0
tayara_6aa28657648d164e8b879bd7,tayara,vente,maison_villa,Ariana,La Soukra,900000.0,900000.0,3913.0434782608695,230.0,4.0,4.0,2.0,3.0,,unknown,0,0,1,0,0,0
tayara_69b868818802795eea1d0148,tayara,vente,maison_villa,Tunis,La Marsa,,,,828.0,5.0,5.0,5.0,4.0,,unknown,0,1,1,0,0,0
tayara_6aa2a9104e7f635a53a0e5fd,tayara,vente,maison_villa,Tunis,Tunis,650000.0,650000.0,,,,3.0,2.0,2.0,,unknown,0,0,0,0,0,0
tayara_6aa28d37648d164e8b87a109,tayara,vente,maison_villa,Nabeul,Mrezga,,,,,,,,,,unknown,0,0,0,0,0,0
tayara_6aa2981e648d164e8b87a859,tayara,vente,maison_villa,Tunis,Carthage,2400000.0,2400000.0,6000.0,400.0,,4.0,3.0,0.0,RDC,ground_floor,0,1,0,0,0,0
tayara_6aa2add8648d164e8b87b841,tayara,vente,maison_villa,Ben Arous,Rads,,,,,3.0,3.0,2.0,2.0,,unknown,0,0,0,0,1,1
tayara_6aa2b4f1648d164e8b87be3e,tayara,vente,maison_villa,Nabeul,Hammamet Nord,620000.0,620000.0,1878.7878787878788,330.0,,4.0,3.0,3.0,,unknown,0,1,0,0,0,0
tayara_6aa29d31648d164e8b87abad,tayara,vente,maison_villa,Jendouba,Tabarka,,,,,,2.0,1.0,1.0,,unknown,0,0,0,0,0,0
tayara_6aa2b70b4e7f635a53a0f11b,tayara,vente,maison_villa,Nabeul,Hammamet,850000.0,850000.0,2361.1111111111113,360.0,,4.0,3.0,3.0,,unknown,0,0,0,0,0,0
tayara_6aa288cb4e7f635a53a0cf41,tayara,vente,maison_villa,Ben Arous,El Mourouj,,,,,,2.0,1.0,1.0,Rdc,ground_floor,0,0,0,0,0,0
tayara_69c3c18d2e8a8ef704409175,tayara,vente,maison_villa,Ariana,Ariana Ville,890000.0,890000.0,2104.018912529551,423.0,,4.0,3.0,3.0,,unknown,0,0,0,0,0,0
tayara_6a26dac8b257aa5aca4ec39f,tayara,vente,maison_villa,Nabeul,Hammamet,700000.0,700000.0,2800.0,250.0,,,,,rdc,ground_floor,0,1,0,0,0,0
tayara_6aa2b5d94e7f635a53a0f015,tayara,vente,maison_villa,Nabeul,Hammamet,1400000.0,1400000.0,4000.0,350.0,,5.0,4.0,4.0,,unknown,0,1,1,1,0,0
tayara_6aa285c6648d164e8b879b5d,tayara,vente,maison_villa,Ariana,Chotrana 2,2900000.0,2900000.0,,230.0,4.0,4.0,2.0,3.0,,unknown,0,0,1,0,0,0
tayara_6aa2850d648d164e8b879ab1,tayara,vente,maison_villa,Ariana,Chotrana 3,3980000.0,3980000.0,5135.4838709677415,775.0,2.0,2.0,2.0,8.0,Rdc,ground_floor,0,0,0,0,0,0
tayara_6aa1d8cf62d7349f5f07eb68,tayara,vente,maison_villa,Sousse,Akouda,,,,,,5.0,4.0,3.0,RDC,ground_floor,0,0,0,1,1,0
tayara_6aa26f33648d164e8b878be6,tayara,vente,maison_villa,Sousse,Akouda,360000.0,360000.0,,,,3.0,2.0,2.0,,unknown,0,0,0,0,0,0
tayara_6a05bc3f2257200009c738b7,tayara,vente,maison_villa,Ben Arous,El Mourouj,,,,,4.0,4.0,2.0,2.0,,unknown,0,0,0,0,0,0
tayara_68d5026d516f1ddb82e2a3ed,tayara,vente,maison_villa,Mahdia,Mahdia,300000.0,300000.0,2654.8672566371683,113.0,,4.0,3.0,3.0,RDC,ground_floor,0,1,0,0,0,0
tayara_6aa1a428f6b2a7cd2d7e6676,tayara,vente,maison_villa,Tunis,Tunis,12345678.0,,,,,4.0,3.0,1.0,Rdc,ground_floor,0,1,0,0,0,0
tayara_6aa19bb862d7349f5f07ac99,tayara,vente,maison_villa,Ariana,Ariana Ville,749996.0,749996.0,2054.7835616438356,365.0,,4.0,3.0,3.0,rez-de-chaussée,ground_floor,0,0,0,1,0,0
tayara_69fa04b662589ac95e019839,tayara,vente,maison_villa,Tunis,Le Bardo,820000.0,820000.0,1493.624772313297,549.0,,4.0,3.0,3.0,rez-de-chaussée,ground_floor,0,1,1,0,1,0
tayara_6aa1f3d662d7349f5f07fa1e,tayara,vente,maison_villa,Sfax,Route De Laroport,111111.0,111111.0,,,,4.0,3.0,1.0,,unknown,0,0,0,0,0,0
tayara_6aa1e0bbf6b2a7cd2d7ea139,tayara,vente,maison_villa,Tunis,Tunis,,,,419.0,4.0,4.0,2.0,2.0,,unknown,0,0,0,0,0,0
tayara_69d6291d2c7ecb90f000a6e0,tayara,vente,maison_villa,Tunis,Tunis,,,,,,2.0,1.0,1.0,Rdc,ground_floor,0,0,0,0,0,0
tayara_6aa1ba2662d7349f5f07cdf1,tayara,vente,maison_villa,Sousse,Sousse Riadh,680000.0,680000.0,,,,2.0,1.0,1.0,,unknown,0,0,0,0,0,0
tayara_6a9976f733f4b02206bf781d,tayara,vente,maison_villa,Mahdia,Mahdia,280000.0,280000.0,1196.5811965811965,234.0,,3.0,2.0,1.0,,unknown,0,0,0,0,0,0
tayara_685d58a1d5464a896c9bd0a3,tayara,vente,maison_villa,Manouba,Mornaguia,,,,600.0,4.0,4.0,2.0,2.0,,unknown,0,1,1,1,0,0
tayara_6aa1b45ef6b2a7cd2d7e781d,tayara,vente,maison_villa,Bizerte,Bizerte,,,,,,2.0,1.0,1.0,,unknown,0,0,0,0,0,0
tayara_6aa14d0a62d7349f5f07611a,tayara,vente,maison_villa,Tataouine,Ghomrassen,65000.0,65000.0,,,,3.0,2.0,5.0,,unknown,0,0,0,0,0,0
tayara_6aa16af662d7349f5f07764c,tayara,vente,maison_villa,Ben Arous,El Mourouj 1,920000.0,920000.0,1769.2307692307693,520.0,,4.0,3.0,4.0,rdc,ground_floor,0,1,0,0,0,0
tayara_6a5e51694956ba003a44c2ed,tayara,vente,maison_villa,Manouba,La Manouba,560000.0,560000.0,3027.027027027027,185.0,,2.0,1.0,1.0,,unknown,0,1,0,0,0,0
tayara_6aa1544662d7349f5f07664f,tayara,vente,maison_villa,Nabeul,Klibia,249000.0,249000.0,2075.0,120.0,,,,,,unknown,0,0,1,0,0,0
tayara_6aa16858f6b2a7cd2d7e2521,tayara,vente,maison_villa,Tunis,El Omrane Suprieur,529996.0,529996.0,3533.306666666667,150.0,,2.0,1.0,2.0,RDC,ground_floor,0,1,0,0,0,0
tayara_6aa14dad62d7349f5f07618d,tayara,vente,maison_villa,Tunis,Le Bardo,900000.0,900000.0,1200.0,750.0,,4.0,3.0,2.0,RDC,ground_floor,0,1,0,0,0,0
tayara_6aa17fbf62d7349f5f0788e2,tayara,vente,maison_villa,Tunis,Carthage,5400000.0,5400000.0,6792.452830188679,795.0,,3.0,2.0,2.0,,unknown,0,0,0,0,0,0
tayara_6aa160ddf6b2a7cd2d7e2050,tayara,vente,maison_villa,Bizerte,Zarzouna,310000.0,310000.0,2094.5945945945946,148.0,,4.0,3.0,1.0,,unknown,0,1,0,0,0,0
tayara_6a9015bcb6ae14216f5a5597,tayara,vente,maison_villa,Sousse,Sousse Riadh,240000.0,240000.0,1348.314606741573,178.0,3.0,3.0,1.0,1.0,,unknown,0,1,0,0,0,0
tayara_6aa15b6bf6b2a7cd2d7e1c8b,tayara,vente,maison_villa,Bizerte,Bizerte,,,,,,1.0,0.0,0.0,,unknown,0,0,0,0,0,0
tayara_6a22be82a849fd3c0e145460,tayara,vente,maison_villa,Tunis,Tunis,189000.0,189000.0,787.5,240.0,,2.0,1.0,1.0,,unknown,0,0,0,0,0,0
tayara_6aa15f9d62d7349f5f076ee5,tayara,vente,maison_villa,Sousse,Hammam Sousse,,,,,,3.0,2.0,2.0,,unknown,0,0,0,0,0,0
tayara_6aa14c8af6b2a7cd2d7e1151,tayara,vente,maison_villa,Nabeul,Klibia,249000.0,249000.0,,,,,,,rez-de-chaussée,ground_floor,0,0,0,0,0,0
tayara_6aa1637c62d7349f5f077193,tayara,vente,maison_villa,Bizerte,Ras Jebel,800000.0,800000.0,,,0.0,1.0,,4.0,,unknown,0,0,1,0,0,0
tayara_6aa179c862d7349f5f0781f7,tayara,vente,maison_villa,Ariana,Ennasr,950000.0,950000.0,2317.0731707317073,410.0,,4.0,3.0,3.0,,unknown,0,0,0,0,1,0
tayara_6a6504c17b31d9554f44e4d1,tayara,vente,maison_villa,Tunis,Autres Villes,449000.0,449000.0,3592.0,125.0,3.0,3.0,3.0,3.0,,unknown,0,1,0,1,0,0
tayara_6aa15bcef6b2a7cd2d7e1cc2,tayara,vente,maison_villa,Mahdia,Mahdia,650000.0,650000.0,1710.5263157894738,380.0,,4.0,3.0,2.0,RDC,ground_floor,0,0,0,0,0,1
tayara_690a8ec66490817594e3b575,tayara,vente,maison_villa,Bizerte,Ras Jebel,900000.0,900000.0,499.16805324459233,1803.0,,3.0,2.0,3.0,rez-de-chaussée,ground_floor,0,0,1,0,0,0
tayara_6a5b49c84956ba003a4347f8,tayara,vente,maison_villa,Ben Arous,Borj Cedria,340000.0,340000.0,817.3076923076923,416.0,3.0,3.0,1.0,1.0,,unknown,0,0,0,0,0,0
tayara_6a8c15a1763dd571facab1a0,tayara,vente,maison_villa,Tunis,Ain Zaghouen,360000.0,360000.0,3333.3333333333335,108.0,2.0,2.0,2.0,2.0,Rez de chaussée,ground_floor,0,0,0,0,1,0
tayara_6a8822d6763dd571fac8a8ad,tayara,vente,maison_villa,Tunis,Le Bardo,350000.0,350000.0,1535.0877192982457,228.0,3.0,3.0,1.0,1.0,,unknown,0,0,0,0,0,0
tayara_6aa1144a62d7349f5f073cb3,tayara,vente,maison_villa,Nabeul,Mrezga,519210000.0,,,,2.0,2.0,1.0,1.0,rez de chaussée,ground_floor,0,0,0,1,0,0
tayara_69d52b5fb9d5257b5a88b1e5,tayara,vente,maison_villa,Tunis,Le Bardo,670000.0,670000.0,1763.157894736842,380.0,,4.0,3.0,3.0,RDC,ground_floor,0,1,0,0,0,0
tayara_6aa1151b62d7349f5f073d0b,tayara,vente,maison_villa,Tunis,El Menzah 9,492900000.0,,,,,3.0,2.0,2.0,,unknown,0,1,0,0,0,0
tayara_6a33d09714106929dede75fd,tayara,vente,maison_villa,Ariana,Jardins El Menzah,750000.0,750000.0,2500.0,300.0,,3.0,2.0,,,unknown,0,1,0,0,0,0
tayara_69d8ba3e25a6db48ab196066,tayara,vente,maison_villa,Tunis,Le Bardo,620000.0,620000.0,1593.8303341902313,389.0,1.0,1.0,,6.0,RDC,ground_floor,0,1,0,0,0,0
tayara_6a0f1810453ae0812f08a006,tayara,vente,maison_villa,Tunis,Le Bardo,530000.0,530000.0,1064.2570281124497,498.0,,4.0,3.0,1.0,RDC,ground_floor,0,1,0,0,0,0
tayara_6aa14aa662d7349f5f075f89,tayara,vente,maison_villa,Nabeul,Klibia,295000.0,295000.0,,,,3.0,2.0,2.0,,unknown,0,0,1,0,0,0
tayara_6a8309ac374b022e6dcb7753,tayara,vente,maison_villa,Ariana,Ariana Ville,390000.0,390000.0,1625.0,240.0,4.0,4.0,4.0,0.0,rez-de-chaussée,ground_floor,0,0,0,0,1,0
tayara_6aa1139a62d7349f5f073c4f,tayara,vente,maison_villa,Nabeul,Hammamet Nord,166250000.0,,,,,4.0,3.0,3.0,rez de chaussée,ground_floor,0,0,0,0,0,0
tayara_6a46345ac59ab3cb25a48b48,tayara,vente,maison_villa,Tunis,Le Bardo,190000.0,190000.0,1900.0,100.0,,1.0,0.0,0.0,,unknown,0,0,0,0,0,0
tayara_697cc2cb15471d09ce10e0c7,tayara,vente,maison_villa,Tunis,Gammarth,900000.0,900000.0,2980.1324503311257,302.0,,3.0,2.0,2.0,,unknown,0,1,0,0,0,0
tayara_6aa1151a62d7349f5f073d0a,tayara,vente,maison_villa,Nabeul,Nabeul,261380000.0,,,,,2.0,1.0,1.0,rez de chaussée,ground_floor,0,0,0,0,0,0
tayara_6aa1151cf6b2a7cd2d7dee47,tayara,vente,maison_villa,Ariana,Raoued,425260000.0,,,,,2.0,1.0,1.0,,unknown,0,0,0,0,0,0
tayara_6a4f97f64956ba003a3ce782,tayara,vente,maison_villa,Ariana,Borj Louzir,780000.0,780000.0,1950.0,400.0,,3.0,2.0,,RDC,ground_floor,0,0,0,1,1,0
tayara_697cbdbddce8e6dd78b35d38,tayara,vente,maison_villa,Ariana,Ariana,950000.0,950000.0,2278.177458033573,417.0,,2.0,1.0,1.0,,unknown,0,0,0,0,0,0
tayara_6a4f8b3c4956ba003a3cdc37,tayara,vente,maison_villa,Tunis,El Menzah 8,1199997.0,1199997.0,2399.994,500.0,,4.0,3.0,,,unknown,0,1,1,0,0,0
tayara_696e1999181355990923e797,tayara,vente,maison_villa,Ariana,Raoued,469999.0,469999.0,2349.995,200.0,,5.0,3.0,3.0,Rez-de-chaussée,ground_floor,0,1,0,1,1,0
tayara_6aa1204262d7349f5f074368,tayara,vente,maison_villa,Ben Arous,Medina Jedida,160000.0,160000.0,1333.3333333333333,120.0,,2.0,1.0,1.0,,unknown,0,0,0,0,0,0
tayara_6aa112a362d7349f5f073bda,tayara,vente,maison_villa,Nabeul,Hammamet Nord,156110000.0,,,,,2.0,1.0,,,unknown,0,0,0,0,0,0
tayara_6a95865e33f4b02206bd7da2,tayara,vente,maison_villa,Sousse,Sousse Jawhara,,345000.0,3053.097345132743,113.0,,4.0,3.0,1.0,,unknown,0,0,0,0,1,0
tayara_6aa112a362d7349f5f073bdb,tayara,vente,maison_villa,Tunis,Le Bardo,446900000.0,,,,,5.0,4.0,4.0,rez de chaussée,ground_floor,0,1,0,0,0,0
tayara_6aa1092362d7349f5f073722,tayara,vente,maison_villa,Tunis,Tunis,786299000.0,,,,,4.0,3.0,2.0,,unknown,0,1,0,0,0,0
tayara_6aa0357f4d0796286f55ef26,tayara,vente,maison_villa,Tunis,Ain Zaghouan Nord,,,,420.0,,3.0,2.0,5.0,Rez-de-Chaussée,ground_floor,0,1,1,1,0,0
tayara_6a2fe7a1ec535ff6e156d585,tayara,vente,maison_villa,Nabeul,Hammamet Nord,660000.0,660000.0,3251.231527093596,203.0,,3.0,2.0,3.0,,unknown,0,1,1,0,0,0
tayara_6aa11202f6b2a7cd2d7dec77,tayara,vente,maison_villa,Nabeul,Nabeul,509495000.0,,,,,5.0,4.0,2.0,,unknown,0,0,0,0,0,0
tayara_6aa02a5e62d7349f5f06f4c4,tayara,vente,maison_villa,Nabeul,Hammamet,,,,300.0,,5.0,4.0,4.0,,unknown,0,1,1,1,1,0
tayara_6a9c86bbf6b2a7cd2d7c3c87,tayara,vente,maison_villa,Sousse,Hammam Sousse,740000.0,740000.0,3700.0,200.0,3.0,3.0,,4.0,Rez-de-Chaussée,ground_floor,0,1,0,0,0,0
tayara_6aa0ac83f6b2a7cd2d7dd45a,tayara,vente,maison_villa,Manouba,Manouba Ville,,,,,,4.0,3.0,3.0,,unknown,0,0,0,0,0,0
tayara_6aa02f1ff6b2a7cd2d7da956,tayara,vente,maison_villa,Tunis,Sidi Hassine,199998.0,199998.0,1612.8870967741937,124.0,,4.0,3.0,1.0,1er étage,floor_1,0,0,0,0,0,0
tayara_6aa043dc4d0796286f55f4da,tayara,vente,maison_villa,Ben Arous,Medina Jedida,780500000.0,,,,,3.0,2.0,2.0,RDC,ground_floor,0,1,0,0,0,0
tayara_6aa01199f6b2a7cd2d7d9a90,tayara,vente,maison_villa,Ben Arous,Hammam Lif,,,,335.0,,,,,,unknown,0,0,0,0,0,0
tayara_6a0b2e99e853e69bec04211a,tayara,vente,maison_villa,Ariana,Chotrana 3,,,,1000.0,,6.0,5.0,5.0,,unknown,0,0,0,1,1,0
tayara_6a9ff5f4f6b2a7cd2d7d8d27,tayara,vente,maison_villa,Tunis,Tunis,900000.0,900000.0,3000.0,300.0,4.0,4.0,2.0,2.0,,unknown,0,1,0,0,0,1
tayara_6a9fe8e14d0796286f55c9f9,tayara,vente,maison_villa,Ariana,Raoued,,,,,3.0,3.0,1.0,1.0,rez de chaussée,ground_floor,0,1,0,0,0,0
tayara_6a2034d76bf9dfb99c227469,tayara,vente,maison_villa,Bizerte,Bizerte,750000.0,750000.0,2757.3529411764707,272.0,,4.0,2.0,2.0,rez-de-chaussée,ground_floor,0,1,1,0,0,0
tayara_6aa01c6d4d0796286f55e334,tayara,vente,maison_villa,Ariana,Les Jardins El Menzah 2,2355000.0,2355000.0,,145.0,3.0,3.0,3.0,1.0,4éme étage,unknown,1,1,0,0,0,0
tayara_66fc28c6e8a80c9b9f730629,tayara,vente,maison_villa,Ben Arous,El Mourouj 4,,,,600.0,5.0,5.0,4.0,4.0,RDC,ground_floor,0,1,0,0,0,0
tayara_6a745e92f1282c6658e4d263,tayara,vente,maison_villa,Bizerte,Bizerte,750000.0,750000.0,3125.0,240.0,4.0,4.0,3.0,3.0,Rez-de-chaussée,ground_floor,0,1,0,0,0,0
tayara_6a9fdca162d7349f5f06cf23,tayara,vente,maison_villa,Nabeul,Korba,,,,,,,,,,unknown,0,0,0,0,0,0
tayara_6a9eedb6f6b2a7cd2d7d3f00,tayara,vente,maison_villa,Bizerte,Ras Jebel,380000.0,380000.0,,,,4.0,3.0,1.0,rez-de-chaussée,ground_floor,0,0,0,0,0,0
tayara_6aa006eef6b2a7cd2d7d9529,tayara,vente,maison_villa,Ben Arous,El Mourouj 1,1950000.0,1950000.0,3900.0,500.0,4.0,4.0,,5.0,rez-de-chaussée,ground_floor,0,0,0,0,0,0
tayara_6aa01e6262d7349f5f06eeb6,tayara,vente,maison_villa,Tunis,Tunis,720000.0,720000.0,3870.967741935484,186.0,,,,,Rez-de-chaussée,ground_floor,0,0,0,0,0,0
tayara_69ef3b8c9ab1fd1e10932a46,tayara,vente,maison_villa,Tunis,Tunis,595000.0,595000.0,1000.0,595.0,3.0,3.0,3.0,3.0,,unknown,0,0,0,0,0,0
tayara_6a9fce1662d7349f5f06c888,tayara,vente,maison_villa,Sousse,Akouda,480000.0,480000.0,1088.4353741496598,441.0,4.0,4.0,4.0,5.0,,unknown,0,0,0,1,1,0
tayara_6a9f20334d0796286f55984f,tayara,vente,maison_villa,Tunis,Bab Souika,,,,,,5.0,4.0,4.0,Rez-de-chaussée,ground_floor,0,0,0,0,0,0
tayara_6a9ef207f6b2a7cd2d7d4117,tayara,vente,maison_villa,Ben Arous,Boumhel,,,,,,,,3.0,rez-de-chaussée,ground_floor,0,0,1,0,0,0
tayara_6a9ea6af4d0796286f555bcf,tayara,vente,maison_villa,Sousse,M Saken,,,,,3.0,3.0,3.0,1.0,,unknown,0,0,0,0,0,0
tayara_6972146dcb5fe45ab55bd16d,tayara,vente,maison_villa,Nabeul,Klibia,270000.0,270000.0,,,,3.0,2.0,2.0,,unknown,0,1,0,0,0,0
tayara_6a9eafd8f6b2a7cd2d7d1ea5,tayara,vente,maison_villa,Manouba,Mornaguia,520000.0,520000.0,,,,4.0,3.0,2.0,,unknown,0,1,1,0,1,0
tayara_6a9f256162d7349f5f06a514,tayara,vente,maison_villa,Tunis,Bellevue,,,,590.0,4.0,4.0,4.0,4.0,,unknown,0,1,0,0,0,0
tayara_6a9ebffcf6b2a7cd2d7d277f,tayara,vente,maison_villa,Sfax,Route De Laroport,210000.0,210000.0,684.0390879478828,307.0,,6.0,5.0,1.0,,unknown,0,0,0,0,0,0
tayara_6a9f6ac54d0796286f55abd0,tayara,vente,maison_villa,Ariana,Ettadhamen,,,,250.0,,4.0,3.0,3.0,,unknown,0,0,0,0,0,0
tayara_6a9ebeb14d0796286f556844,tayara,vente,maison_villa,Nabeul,Bni Khiar,,,,,,6.0,5.0,5.0,,unknown,0,0,0,0,0,0
tayara_6a9ecc3a4d0796286f556fa5,tayara,vente,maison_villa,Médenine,Djerba Midoun,,,,,,3.0,2.0,2.0,RDC,ground_floor,0,0,1,0,0,0
tayara_6a787c38f1282c6658e7246e,tayara,vente,maison_villa,Ben Arous,Mornag,,,,150.0,2.0,2.0,,4.0,Rez-de-chaussée,ground_floor,0,1,0,0,0,0
tayara_6a9ee229f6b2a7cd2d7d39ea,tayara,vente,maison_villa,Sfax,Route Manzel Chaker,2700000.0,2700000.0,2117.6470588235293,1275.0,,5.0,4.0,3.0,Rez-de-chaussée,ground_floor,0,1,0,0,0,0
tayara_6a9e972762d7349f5f065f69,tayara,vente,maison_villa,Sousse,Sousse Mdina,260000.0,260000.0,,,3.0,3.0,1.0,1.0,,unknown,0,0,0,0,0,0
tayara_6a9f1a0ef6b2a7cd2d7d5327,tayara,vente,maison_villa,Ben Arous,Rads,150000.0,150000.0,,,,5.0,4.0,4.0,,unknown,0,0,0,0,0,0
tayara_6a9ed4a6f6b2a7cd2d7d32bd,tayara,vente,maison_villa,Tunis,Tunis,390000.0,390000.0,2653.061224489796,147.0,,2.0,1.0,1.0,,unknown,0,0,0,0,0,0
tayara_6a9ed3d8f6b2a7cd2d7d325e,tayara,vente,maison_villa,Ariana,Ghazela,690000.0,690000.0,,,,3.0,2.0,2.0,rez-de-chaussée,ground_floor,0,0,0,0,0,0
tayara_6a9f02e3f6b2a7cd2d7d48ac,tayara,vente,maison_villa,Kairouan,Bouhajla,,,,,,3.0,2.0,2.0,,unknown,0,0,0,0,0,0
tayara_6a549a4f4956ba003a3fb775,tayara,vente,maison_villa,Nabeul,Klibia,700000.0,700000.0,4375.0,160.0,2.0,2.0,,3.0,1er étage,floor_1,0,0,0,0,0,0
tayara_6a9d991ef6b2a7cd2d7cb2e5,tayara,vente,maison_villa,Médenine,Zarzis,,,,320.0,,7.0,6.0,,,unknown,0,0,1,0,0,0
tayara_6a9d60a062d7349f5f05dac8,tayara,vente,maison_villa,Bizerte,Ghar El Melh,,,,,,1.0,0.0,0.0,,unknown,0,0,0,0,0,0
tayara_6a9def5862d7349f5f06322e,tayara,vente,maison_villa,Sfax,Menzel Chaker,,,,,,,,,,unknown,0,0,0,0,0,0
tayara_6a9d501c62d7349f5f05d131,tayara,vente,maison_villa,Tunis,Le Bardo,1000.0,,,,2.0,2.0,1.0,1.0,,unknown,1,1,0,0,0,0
tayara_6a9e8e41f6b2a7cd2d7d0da0,tayara,vente,maison_villa,Tunis,Tunis,1400000.0,1400000.0,3414.6341463414633,410.0,,1.0,0.0,0.0,,unknown,0,0,0,0,0,0
tayara_6a019dabe853e69becffb819,tayara,vente,maison_villa,Nabeul,Klibia,330000.0,330000.0,1054.3130990415336,313.0,3.0,3.0,3.0,3.0,,unknown,0,0,0,0,0,0
tayara_6a9dc1e7f6b2a7cd2d7cca5e,tayara,vente,maison_villa,Manouba,Djedeida,150000.0,150000.0,,,,2.0,1.0,1.0,,unknown,0,0,0,0,0,0
tayara_6a9ddb22f6b2a7cd2d7cd9e7,tayara,vente,maison_villa,Mahdia,El Jem,75000.0,75000.0,,,4.0,4.0,1.0,1.0,,unknown,0,0,0,0,0,0
tayara_69f082e59ab1fd1e1093b138,tayara,vente,maison_villa,Nabeul,Hammamet,500000.0,500000.0,1785.7142857142858,280.0,3.0,3.0,3.0,3.0,rez-de-chaussée,ground_floor,0,0,0,0,0,0
tayara_6941241c8914daae519c2b91,tayara,vente,maison_villa,Nabeul,Klibia,2350000.0,2350000.0,3357.1428571428573,700.0,,4.0,3.0,3.0,1er étage,floor_1,0,0,0,0,0,0
tayara_6a280beaa849fd3c0e179823,tayara,vente,maison_villa,Tunis,Tunis,670000.0,670000.0,4620.689655172414,145.0,3.0,3.0,3.0,3.0,Rez-de-chaussée,ground_floor,0,1,0,0,1,0
tayara_6a9d527362d7349f5f05d2e5,tayara,vente,maison_villa,Tunis,Sfax Ville,375000.0,375000.0,1171.875,320.0,,4.0,3.0,2.0,RDC,ground_floor,0,1,0,0,0,0
tayara_6a9e809bf6b2a7cd2d7d06e5,tayara,vente,maison_villa,Ariana,Borj Louzir,600000.0,600000.0,1428.5714285714287,420.0,,2.0,1.0,1.0,,unknown,0,0,0,0,0,0
tayara_6a9db54e62d7349f5f06109c,tayara,vente,maison_villa,Nabeul,Hammamet,580000.0,580000.0,,,,5.0,4.0,2.0,,unknown,0,0,1,0,0,0
tayara_6a9d66b6f6b2a7cd2d7c91bd,tayara,vente,maison_villa,Ariana,La Soukra,47000.0,,,,,2.0,1.0,1.0,,unknown,0,0,0,0,0,0
tayara_6a9d98bf62d7349f5f060005,tayara,vente,maison_villa,Mahdia,Route Mehdia,5500000.0,5500000.0,6875.0,800.0,,4.0,3.0,,Rez-de chaussée,ground_floor,0,1,0,0,0,0
tayara_6a9c3171f6b2a7cd2d7c08c3,tayara,vente,maison_villa,Ariana,Riadh Andalous,845000.0,845000.0,2011.904761904762,420.0,4.0,4.0,4.0,2.0,,unknown,0,1,0,0,0,0
tayara_6a9c8801f6b2a7cd2d7c3d46,tayara,vente,maison_villa,Ariana,Borj Louzir,800000.0,800000.0,2197.802197802198,364.0,,3.0,2.0,2.0,Rez-de-chaussée,ground_floor,0,1,0,1,1,0
tayara_6a9c5e1462d7349f5f0571af,tayara,vente,maison_villa,Sfax,Route De Laroport,,,,,,3.0,2.0,2.0,,unknown,0,0,0,0,0,0
tayara_6a9d4ac262d7349f5f05ce24,tayara,vente,maison_villa,Sidi Bouzid,Autres Villes,90000.0,90000.0,,,,2.0,1.0,1.0,,unknown,0,0,0,0,0,0
tayara_6a9c9ae162d7349f5f059644,tayara,vente,maison_villa,Ben Arous,El Mourouj 3,920000.0,920000.0,,150.0,,4.0,3.0,3.0,,unknown,0,0,0,0,0,0
tayara_6a9c7046f6b2a7cd2d7c2f07,tayara,vente,maison_villa,Gafsa,Gafsa Sud,580000.0,580000.0,,,,4.0,3.0,2.0,,unknown,0,1,0,0,0,0
tayara_696339040fe250585262c8fb,tayara,vente,maison_villa,Nabeul,Hammamet,750000.0,750000.0,1500.0,500.0,,5.0,4.0,4.0,rez de chaussée,ground_floor,0,1,1,1,1,0
tayara_6a9c39f9f6b2a7cd2d7c0d76,tayara,vente,maison_villa,Gafsa,Gafsa,,,,,4.0,4.0,1.0,1.0,,unknown,0,0,0,0,0,0
tayara_6a588f5d4956ba003a41e24c,tayara,vente,maison_villa,Sousse,Hergla,432000.0,432000.0,,,,2.0,1.0,1.0,,unknown,0,1,0,0,0,0
tayara_6a9bc2cbf6b2a7cd2d7bcaa0,tayara,vente,maison_villa,Gabès,Gabs Sud,450000.0,450000.0,,,,4.0,3.0,3.0,,unknown,0,1,0,0,0,0
tayara_6a9c2540f6b2a7cd2d7c0192,tayara,vente,maison_villa,Ben Arous,Mornag,,,,,4.0,4.0,1.0,4.0,,unknown,0,0,1,0,0,0
tayara_6a9c00f462d7349f5f053a81,tayara,vente,maison_villa,Tunis,Zarzouna,,,,,,,,,rez-de-chaussée,ground_floor,0,1,0,0,0,0
tayara_6a9c2c7062d7349f5f0554cb,tayara,vente,maison_villa,Ben Arous,Autres Villes,4800000.0,4800000.0,,230.0,,3.0,2.0,2.0,,unknown,0,0,0,0,0,0
tayara_69f2065dc8fe7f45665db60e,tayara,vente,maison_villa,Mahdia,Mahdia,315000.0,315000.0,2560.9756097560976,123.0,3.0,3.0,2.0,2.0,Rez-de-chaussée,ground_floor,0,0,0,1,0,0
tayara_6a9bf20662d7349f5f053144,tayara,vente,maison_villa,Bizerte,Bizerte Nord,,,,400.0,,4.0,3.0,3.0,,unknown,0,0,0,0,0,0
tayara_6a9c0334f6b2a7cd2d7bedad,tayara,vente,maison_villa,Bizerte,Ras Jebel,570000.0,570000.0,6000.0,95.0,,3.0,2.0,3.0,Rez-de-chaussée,ground_floor,0,0,0,0,0,0
tayara_6a9c0b9cf6b2a7cd2d7bf29f,tayara,vente,maison_villa,Tunis,Bellevue,950000.0,950000.0,,,,9.0,7.0,3.0,,unknown,0,1,0,0,1,0
tayara_6a9c062662d7349f5f053ddf,tayara,vente,maison_villa,Tunis,Mdina,420000.0,420000.0,4666.666666666667,90.0,,6.0,5.0,1.0,rez-de-chaussée,ground_floor,0,0,0,0,0,0
tayara_6a9ba59862d7349f5f051340,tayara,vente,maison_villa,Gafsa,El Ksar,200000.0,200000.0,,,,3.0,2.0,2.0,,unknown,0,0,0,0,0,0
tayara_69e9d96c9ab1fd1e10903e6a,tayara,vente,maison_villa,Médenine,Djerba Midoun,1111.0,,,1885.0,,4.0,3.0,3.0,,unknown,0,0,0,0,0,0
tayara_68e7987f53fa637575787d88,tayara,vente,maison_villa,Mahdia,Mahdia,400000.0,400000.0,2000.0,200.0,,4.0,3.0,1.0,,unknown,0,0,0,0,0,0
tayara_69cb9fed57616cdb6536bdd0,tayara,vente,maison_villa,Tunis,Agba,265000.0,265000.0,2523.809523809524,105.0,,4.0,3.0,2.0,RDC,ground_floor,0,1,0,0,0,0
tayara_6a9aaa5262d7349f5f049dcc,tayara,vente,maison_villa,Tunis,Tunis,,,,160.0,,5.0,4.0,2.0,,unknown,0,0,0,0,0,0
tayara_6a5756e34956ba003a414533,tayara,vente,maison_villa,Nabeul,Hammamet,1900000.0,1900000.0,1117.6470588235295,1700.0,6.0,6.0,6.0,0.0,,unknown,0,0,1,0,0,0
tayara_6a9ad31962d7349f5f04b3a0,tayara,vente,maison_villa,Tunis,Le Bardo,800000.0,800000.0,3555.5555555555557,225.0,,3.0,2.0,2.0,,unknown,0,0,0,0,0,0
tayara_6a9aea7cf6b2a7cd2d7b74af,tayara,vente,maison_villa,Tunis,El Omrane Suprieur,,,,94.0,,3.0,2.0,2.0,,unknown,0,0,0,0,0,0
tayara_68567c4d94cd0376dcca05d0,tayara,vente,maison_villa,Tunis,Tunis,,,,420.0,4.0,4.0,4.0,4.0,,unknown,0,0,0,0,0,0
tayara_6a9ae6c1f6b2a7cd2d7b71b1,tayara,vente,maison_villa,Manouba,La Manouba,390000.0,390000.0,1114.2857142857142,350.0,3.0,3.0,3.0,1.0,RDC,ground_floor,0,0,0,0,0,0
tayara_6a9ad10bf6b2a7cd2d7b64b3,tayara,vente,maison_villa,Tunis,Ezzouhour,450000.0,450000.0,2227.7227722772277,202.0,,3.0,2.0,2.0,rez-de-chaussée,ground_floor,0,0,0,0,0,0
tayara_6a9aa89362d7349f5f049ca1,tayara,vente,maison_villa,Ariana,El Menzah 6,,,,680.0,,6.0,5.0,5.0,,unknown,0,1,1,1,1,0
tayara_69a00588d0d74c5f580a9c04,tayara,vente,maison_villa,Tunis,Mutuelleville,1650000.0,1650000.0,2815.6996587030717,586.0,,3.0,2.0,2.0,,unknown,0,0,0,0,0,0
tayara_6a8f40ed509ae3528dcfa473,tayara,vente,maison_villa,Nabeul,Hammamet,620000.0,620000.0,,,,4.0,3.0,3.0,,unknown,0,1,0,0,0,0
tayara_6a9ad355f6b2a7cd2d7b65f0,tayara,vente,maison_villa,Tunis,Le Bardo,395000.0,395000.0,,,4.0,4.0,1.0,1.0,,unknown,0,1,0,0,1,0
tayara_6a999ee3b6ae14216f5ead98,tayara,vente,maison_villa,Manouba,Mornaguia,2650000.0,2650000.0,3533.3333333333335,750.0,,3.0,2.0,2.0,,unknown,0,0,0,0,0,0
tayara_6a291fdab257aa5aca50461a,tayara,vente,maison_villa,Nabeul,Klibia,160000.0,160000.0,,,,2.0,1.0,1.0,,unknown,0,0,0,0,0,0
tayara_6a996a50b6ae14216f5e8952,tayara,vente,maison_villa,Siliana,Autres Villes,,,,280.0,3.0,3.0,2.0,2.0,1er étage,floor_1,0,1,0,0,0,0
tayara_6a99ca2933f4b02206bfaad0,tayara,vente,maison_villa,Ariana,Sidi Thabet,449999.0,449999.0,,,,3.0,2.0,2.0,,unknown,0,0,0,0,0,0
tayara_68c7f8ae07c7711d7c6d1354,tayara,vente,maison_villa,Bizerte,Bizerte Nord,420000.0,420000.0,3230.769230769231,130.0,2.0,2.0,2.0,2.0,,unknown,0,1,0,0,0,0
tayara_6a2913fba849fd3c0e183968,tayara,vente,maison_villa,Ariana,Ennasr,3789000.0,3789000.0,,,,5.0,4.0,4.0,REZ DE CHAUSSEE,ground_floor,0,0,0,0,0,0
tayara_6a999b5cb6ae14216f5eab96,tayara,vente,maison_villa,Ariana,Ettadhamen,,,,,,3.0,2.0,2.0,,unknown,0,0,0,0,0,0
tayara_69662764b6ae927ddf7f20ad,tayara,vente,maison_villa,Sousse,Kala Kebira,355000.0,355000.0,1062.874251497006,334.0,,3.0,2.0,2.0,,unknown,0,1,0,0,0,0
tayara_6808cf50c1f8f57898dfd989,tayara,vente,maison_villa,Bizerte,Bizerte,200000.0,200000.0,,,,4.0,3.0,1.0,,unknown,0,0,0,1,0,0
tayara_6a3be23011fc36f5d7361b9e,tayara,vente,maison_villa,Sousse,Hergla,650000.0,650000.0,2063.4920634920636,315.0,3.0,3.0,,6.0,rez-de-chaussée,ground_floor,0,0,1,0,0,0
tayara_6a99646033f4b02206bf6bb2,tayara,vente,maison_villa,Nabeul,El Haouaria,,,,,,3.0,2.0,1.0,,unknown,0,0,0,0,0,0
tayara_6a99649eb6ae14216f5e85c3,tayara,vente,maison_villa,Tunis,El Menzah 9,1150000.0,1150000.0,6052.631578947368,190.0,,4.0,3.0,4.0,RdC,ground_floor,0,1,0,0,0,0
tayara_6a99612833f4b02206bf69b8,tayara,vente,maison_villa,Sousse,Sahloul,,,,184.0,,2.0,1.0,1.0,rdc,ground_floor,0,0,0,0,0,0
tayara_6a9a893262d7349f5f048bdf,tayara,vente,maison_villa,Nabeul,Klibia,1100000.0,1100000.0,1985.5595667870036,554.0,,,,,,unknown,0,0,0,0,0,0
tayara_69f220ea6488a0d747434b16,tayara,vente,maison_villa,Tunis,Tunis,110000.0,110000.0,785.7142857142857,140.0,2.0,2.0,1.0,1.0,,unknown,0,0,0,0,0,0
tayara_6a998842b6ae14216f5e9e75,tayara,vente,maison_villa,Tunis,El Omrane,300000.0,300000.0,,,,2.0,1.0,1.0,,unknown,0,0,0,0,0,0
tayara_6a85eb90374b022e6dcd2891,tayara,vente,maison_villa,Monastir,Autres Villes,,,,,,3.0,2.0,2.0,,unknown,0,0,0,0,0,0
tayara_6a99610c33f4b02206bf699d,tayara,vente,maison_villa,Sfax,Sakiet Eddaer,,,,,,3.0,2.0,2.0,,unknown,0,0,0,0,0,0
tayara_6a99bb49b6ae14216f5ebeb4,tayara,vente,maison_villa,Médenine,Ben Gardane,,,,,,3.0,2.0,2.0,,unknown,0,0,0,0,0,0
tayara_6a4cd98e4956ba003a3b35d2,tayara,vente,maison_villa,Nabeul,Yasmine Hammamet,,,,348.0,2.0,2.0,,2.0,,unknown,0,0,1,1,1,0
tayara_6a984dccb6ae14216f5e0bb0,tayara,vente,maison_villa,Sousse,Hergla,260000.0,260000.0,650.0,400.0,,4.0,3.0,1.0,,unknown,0,0,0,0,0,0
tayara_6a987b31b6ae14216f5e260b,tayara,vente,maison_villa,Tunis,Le Kram,,,,,2.0,2.0,2.0,,Rez-de-chaussée,ground_floor,0,0,0,0,1,0
tayara_6a98547133f4b02206bef834,tayara,vente,maison_villa,Médenine,Mdenine Sud,150000.0,150000.0,,,,6.0,5.0,5.0,,unknown,0,0,0,0,0,0
tayara_6a9865dcb6ae14216f5e1a0d,tayara,vente,maison_villa,Ben Arous,Sfax Ville,1111.0,,,88.0,,2.0,1.0,1.0,,unknown,0,0,0,0,0,0
tayara_6a470513c59ab3cb25a5094b,tayara,vente,maison_villa,Médenine,Djerba Midoun,,,,486.0,,5.0,4.0,4.0,,unknown,0,0,0,0,0,0
tayara_6a98a22bb6ae14216f5e3b83,tayara,vente,maison_villa,Ariana,Ariana Ville,,,,,,,,,,unknown,0,0,0,0,0,0
tayara_6a98a8f0b6ae14216f5e3e7b,tayara,vente,maison_villa,Ariana,Autres Villes,800000.0,800000.0,4705.882352941177,170.0,,4.0,3.0,0.0,rez de chaussée,ground_floor,0,0,0,0,0,0
tayara_6a47079542ac9a3b7d1fbb6b,tayara,vente,maison_villa,Médenine,Djerba Midoun,,,,372.0,,3.0,2.0,2.0,,unknown,0,0,0,0,0,0
tayara_6a98ca72b6ae14216f5e47af,tayara,vente,maison_villa,Médenine,Djerba Houmt Souk,440000.0,440000.0,,,,4.0,3.0,,,unknown,0,0,0,0,0,0
tayara_6a4706d5b3da6e91fdc2a764,tayara,vente,maison_villa,Médenine,Djerba Midoun,,,,456.0,,3.0,2.0,2.0,,unknown,0,0,0,0,0,0
tayara_6a9830fab6ae14216f5df80d,tayara,vente,maison_villa,Tunis,L Aouina,1000000.0,1000000.0,2500.0,400.0,3.0,3.0,,5.0,Rdc,ground_floor,0,0,0,0,0,0
tayara_6a992bd333f4b02206bf480f,tayara,vente,maison_villa,Manouba,Denden,230000.0,230000.0,,,3.0,3.0,2.0,2.0,,unknown,0,0,0,0,0,0
tayara_6a9015b533f4b02206bb3e09,tayara,vente,maison_villa,Tunis,Sidi Bou Said,2400000.0,2400000.0,7500.0,320.0,,6.0,5.0,0.0,,unknown,0,1,1,0,0,0
tayara_6a98965333f4b02206bf1e32,tayara,vente,maison_villa,Ariana,Ettadhamen,80000.0,80000.0,,,2.0,2.0,2.0,1.0,,unknown,0,0,0,0,0,0
tayara_6a9853b533f4b02206bef7ad,tayara,vente,maison_villa,Tunis,Le Bardo,890000.0,890000.0,1186.6666666666667,750.0,,6.0,4.0,2.0,,unknown,0,0,0,0,0,0
tayara_6a47060642ac9a3b7d1fbb04,tayara,vente,maison_villa,Médenine,Djerba Midoun,,,,459.0,,3.0,2.0,2.0,,unknown,0,0,0,0,0,0
tayara_6a1d96cea0501373f0832984,tayara,vente,maison_villa,Sousse,Hammam Sousse,530000.0,530000.0,2038.4615384615386,260.0,,2.0,1.0,,,unknown,0,0,0,0,0,0
tayara_6a89824c763dd571fac96b58,tayara,vente,maison_villa,Manouba,Manouba Ville,2350000.0,2350000.0,5000.0,470.0,,10.0,7.0,8.0,Rez-de-chaussée,ground_floor,0,0,1,1,1,0
tayara_6a5e0f554956ba003a449976,tayara,vente,maison_villa,Tunis,Carthage,5500000.0,5500000.0,,300.0,,5.0,4.0,0.0,,unknown,0,1,0,1,1,0
tayara_6a97f131b6ae14216f5dc885,tayara,vente,maison_villa,Ben Arous,Ezzahra,3350.0,,,,3.0,3.0,1.0,1.0,,unknown,0,0,0,0,0,0
tayara_6a97c45033f4b02206be98fa,tayara,vente,maison_villa,Tunis,Tunis,3290000.0,3290000.0,,,3.0,3.0,1.0,1.0,RDC,ground_floor,0,0,0,0,0,0
tayara_6a6dc599f1282c6658e13522,tayara,vente,maison_villa,Sousse,Akouda,850000.0,850000.0,753.5460992907801,1128.0,4.0,4.0,2.0,2.0,Rez de chaussée,ground_floor,0,0,0,0,0,0
tayara_6a4f8c5d7b31d9554f39d4bf,tayara,vente,maison_villa,Tunis,Le Bardo,520000.0,520000.0,1340.2061855670104,388.0,3.0,3.0,3.0,2.0,RDC,ground_floor,0,1,0,0,0,0
tayara_6a97c784b6ae14216f5db251,tayara,vente,maison_villa,Tunis,Tunis,350000.0,350000.0,,,,4.0,3.0,2.0,Rez-de-chaussée,ground_floor,0,0,0,0,0,0
tayara_6a32691914106929dedd99eb,tayara,vente,maison_villa,Tunis,El Omrane Suprieur,580000.0,580000.0,4142.857142857143,140.0,1.0,1.0,,4.0,RDC,ground_floor,0,1,0,0,1,0
tayara_69c3b1e718988b5c47812198,tayara,vente,maison_villa,Tunis,Le Bardo,385000.0,385000.0,,,,3.0,2.0,2.0,,unknown,0,0,0,0,0,0
tayara_6a9808f433f4b02206bec327,tayara,vente,maison_villa,Ben Arous,Ben Arous,,,,,,,,,,unknown,0,1,0,0,0,0
tayara_6a5773a84956ba003a415bfc,tayara,vente,maison_villa,Sousse,Kala Kebira,450000.0,450000.0,,,,4.0,3.0,3.0,rez-de-chaussée,ground_floor,0,0,0,0,0,0
tayara_6a368283b2b93a99b97474f4,tayara,vente,maison_villa,Nabeul,Klibia,379999.0,379999.0,,,,2.0,1.0,1.0,,unknown,0,0,1,0,0,0
tayara_6a97f65b33f4b02206beb4a0,tayara,vente,maison_villa,Ben Arous,Mohamedia,130000.0,130000.0,1000.0,130.0,2.0,2.0,2.0,,1er étage,floor_1,0,0,0,0,0,0
tayara_6a9820fd33f4b02206bed485,tayara,vente,maison_villa,Nabeul,Hammamet,340000.0,340000.0,,,2.0,2.0,2.0,2.0,2ème étage,floor_2,0,1,1,0,0,0
tayara_6a980077b6ae14216f5dd44b,tayara,vente,maison_villa,Tunis,Tunis,160000.0,160000.0,,,1.0,1.0,1.0,1.0,,unknown,0,0,0,0,0,0
tayara_6a75a4e06ef0e97a6c187f40,tayara,vente,maison_villa,Tunis,Manar,1598999.0,1598999.0,,,,3.0,2.0,2.0,rez de chaussée,ground_floor,0,1,0,0,0,0
tayara_68b81aee711369bbe4f74849,tayara,vente,maison_villa,Tunis,Tunis,4850000.0,4850000.0,4850.0,1000.0,4.0,4.0,3.0,3.0,,unknown,0,0,0,0,0,0
tayara_6a411938b3da6e91fdbf2765,tayara,vente,maison_villa,Tunis,La Marsa,2100000.0,2100000.0,,,6.0,6.0,6.0,0.0,rez-de-chaussée,ground_floor,0,1,0,1,1,0
tayara_6a97f28433f4b02206beb1a4,tayara,vente,maison_villa,Sousse,Sidi Bou Ali,300000.0,300000.0,,1500.0,4.0,4.0,4.0,0.0,,unknown,0,0,0,0,0,0
tayara_6a799fbe9b2a9eb2ca9f879b,tayara,vente,maison_villa,Tunis,Tunis,520000.0,520000.0,2524.2718446601943,206.0,,4.0,3.0,4.0,RDC,ground_floor,0,0,0,0,0,0
tayara_6a97e8ddb6ae14216f5dc265,tayara,vente,maison_villa,Tunis,Tunis,2100000.0,2100000.0,2625.0,800.0,,5.0,4.0,4.0,,unknown,0,0,0,0,0,0
tayara_6a98251d33f4b02206bed777,tayara,vente,maison_villa,Ariana,La Soukra,7000000.0,7000000.0,,545.0,4.0,4.0,4.0,4.0,,unknown,0,0,0,0,0,0
tayara_6a96ac5db6ae14216f5d1bf8,tayara,vente,maison_villa,Ariana,Mnihla,300000.0,300000.0,1500.0,200.0,,3.0,2.0,1.0,Rez de chaussée,ground_floor,0,1,0,0,0,0
tayara_6a96bcb333f4b02206be1025,tayara,vente,maison_villa,Ben Arous,Boumhel,850000.0,850000.0,,,6.0,6.0,6.0,3.0,,unknown,0,1,0,0,1,0
tayara_6a646c924956ba003a4793f9,tayara,vente,maison_villa,Tunis,Tunis,235000.0,235000.0,,,,2.0,1.0,1.0,,unknown,0,0,0,0,0,0
tayara_6a97059ab6ae14216f5d61b1,tayara,vente,maison_villa,Tunis,Monfleury,,,,420.0,,5.0,4.0,2.0,Rez-de-chaussée,ground_floor,0,0,0,0,0,0
tayara_6a974f6233f4b02206be78e3,tayara,vente,maison_villa,Tunis,Monfleury,260000000.0,,,240.0,3.0,3.0,1.0,1.0,,unknown,0,1,0,0,0,0
tayara_69ef75086488a0d7474223d2,tayara,vente,maison_villa,Bizerte,Bizerte Sud,180000.0,180000.0,994.4751381215469,181.0,3.0,3.0,2.0,2.0,,unknown,0,0,0,0,0,0
tayara_6a4fa3b87b31d9554f39e9d4,tayara,vente,maison_villa,Nabeul,Hammamet,790000.0,790000.0,,,,4.0,3.0,3.0,,unknown,0,0,1,1,1,0
tayara_6a60caa87b31d9554f42da26,tayara,vente,maison_villa,Tunis,Le Bardo,580000.0,580000.0,2071.4285714285716,280.0,,3.0,2.0,2.0,rez-de-chaussée,ground_floor,0,0,0,0,0,0
tayara_6a96a731b6ae14216f5d177e,tayara,vente,maison_villa,Ben Arous,Ezzahra,430000.0,430000.0,2311.8279569892475,186.0,3.0,3.0,2.0,2.0,,unknown,0,1,0,0,1,0
tayara_698de6ec8cc6eb8dfec2cea9,tayara,vente,maison_villa,Tunis,Le Bardo,790000.0,790000.0,1908.2125603864733,414.0,2.0,2.0,1.0,1.0,rez-de-chaussée,ground_floor,0,1,0,0,0,0
tayara_6a96ba4cb6ae14216f5d26f5,tayara,vente,maison_villa,Tunis,El Ouardia,800000.0,800000.0,1762.1145374449338,454.0,,,,,RDC,ground_floor,0,0,0,0,0,0
tayara_6a96be6733f4b02206be118b,tayara,vente,maison_villa,Tunis,La Marsa,,,,,1.0,1.0,1.0,1.0,,unknown,0,0,0,0,0,0
tayara_6a96d7dab6ae14216f5d3f21,tayara,vente,maison_villa,Nabeul,Nabeul,,,,1700.0,2.0,2.0,,4.0,,unknown,0,0,0,0,0,0
tayara_6a974a4a33f4b02206be7603,tayara,vente,maison_villa,Tunis,Route Tunis,3320000.0,3320000.0,7377.777777777777,450.0,,3.0,2.0,2.0,,unknown,0,1,0,0,0,0
tayara_6a9712a233f4b02206be5223,tayara,vente,maison_villa,Tunis,Agba,380000.0,380000.0,1085.7142857142858,350.0,,4.0,3.0,1.0,1er étage,floor_1,0,0,0,0,0,0
tayara_6a5b480c7b31d9554f403f1f,tayara,vente,maison_villa,Tunis,Tunis,90000.0,90000.0,900.0,100.0,,3.0,2.0,1.0,rdc,ground_floor,0,0,0,0,0,0
tayara_6a971746b6ae14216f5d6d80,tayara,vente,maison_villa,Ariana,Mnihla,,,,180.0,,4.0,3.0,2.0,,unknown,0,1,0,0,0,0
tayara_6a6dc56d6ef0e97a6c141a93,tayara,vente,maison_villa,Nabeul,Hammam Ghezze,290000.0,290000.0,,,3.0,3.0,2.0,2.0,,unknown,0,0,0,0,0,0
tayara_6a9722eb33f4b02206be5c43,tayara,vente,maison_villa,Tunis,Tunis Belvedere,1170000.0,1170000.0,2516.1290322580644,465.0,1.0,1.0,,4.0,Rez-de-chaussée,ground_floor,0,1,0,0,0,0
tayara_69e09a9688b506c231f5c03d,tayara,vente,maison_villa,Tunis,Le Bardo,740000.0,740000.0,1973.3333333333333,375.0,,3.0,2.0,0.0,rez-de-chaussée,ground_floor,0,0,0,0,1,0
tayara_6a972649b6ae14216f5d76da,tayara,vente,maison_villa,Tunis,Mdina,250000.0,250000.0,1865.6716417910447,134.0,,6.0,5.0,2.0,,unknown,0,0,0,0,0,0
tayara_6a9735ac33f4b02206be6838,tayara,vente,maison_villa,Ariana,Raoued,890000.0,890000.0,,,,4.0,3.0,3.0,Rez-de-chaussée,ground_floor,0,0,1,1,1,0
tayara_6a96bf84b6ae14216f5d2abe,tayara,vente,maison_villa,Nabeul,Klibia,,,,459.0,4.0,4.0,,5.0,,unknown,0,1,0,0,0,0
tayara_6a95ea5b33f4b02206bdb832,tayara,vente,maison_villa,Sousse,Kala Kebira,650000.0,650000.0,,,,,,3.0,rdc,ground_floor,0,0,0,0,0,0
tayara_69e9e3d26488a0d7473f212a,tayara,vente,maison_villa,Ariana,Ariana Ville,950000.0,950000.0,2380.9523809523807,399.0,,3.0,2.0,2.0,Rez-de-chaussée,ground_floor,0,0,0,0,0,0
tayara_6a95ef9f33f4b02206bdbb5f,tayara,vente,maison_villa,Ariana,Chotrana 1,,,,367.0,,3.0,2.0,3.0,rez de chaussée,ground_floor,0,0,0,0,0,0
tayara_6a959f09b6ae14216f5ca68f,tayara,vente,maison_villa,Tunis,Hraria,2520000.0,2520000.0,,,3.0,3.0,1.0,1.0,,unknown,0,0,0,0,0,0
tayara_6a849b2386fe4424fc339567,tayara,vente,maison_villa,Tunis,Tunis,270000.0,270000.0,1054.6875,256.0,4.0,4.0,4.0,2.0,,unknown,0,1,0,0,0,0
tayara_69e9d4509ab1fd1e10903ad6,tayara,vente,maison_villa,Tunis,Mutuelleville,1850000.0,1850000.0,3677.9324055666,503.0,,3.0,2.0,2.0,Rez-de-chaussée,ground_floor,0,1,0,0,0,0
tayara_6a96997d33f4b02206bdf462,tayara,vente,maison_villa,Ben Arous,Mgrine,780400000.0,,,,,3.0,2.0,2.0,RDC,ground_floor,0,1,0,0,0,0
tayara_6a95ca5033f4b02206bda625,tayara,vente,maison_villa,Nabeul,Hammamet Centre,160000.0,160000.0,320.0,500.0,,2.0,1.0,1.0,,unknown,0,0,0,0,0,0
tayara_692459a0da5d3acb89b341ae,tayara,vente,maison_villa,Tunis,Monfleury,790000.0,790000.0,1011.5236875800256,781.0,,5.0,4.0,2.0,Rez-de-chaussée,ground_floor,0,0,0,0,0,0
tayara_6a95824833f4b02206bd7afc,tayara,vente,maison_villa,Sfax,Route Gremda,,,,,4.0,4.0,4.0,2.0,,unknown,0,0,0,0,0,0
tayara_6a9683d7b6ae14216f5d001c,tayara,vente,maison_villa,Tunis,Khaznadar,2200000.0,2200000.0,,,,3.0,2.0,1.0,1er étage,floor_1,0,1,0,0,0,0
tayara_696750b50fe25058526477b8,tayara,vente,maison_villa,Nabeul,Hammamet,1390000.0,1390000.0,1654.7619047619048,840.0,,5.0,4.0,4.0,rez-de-chaussée,ground_floor,0,1,1,1,1,0
tayara_6a95a3a633f4b02206bd905c,tayara,vente,maison_villa,Ariana,Raoued,,490000.0,2289.7196261682243,214.0,,4.0,3.0,3.0,,unknown,0,0,0,0,0,0
tayara_6a95e51a33f4b02206bdb4e8,tayara,vente,maison_villa,Ariana,Mnihla,,,,127.0,3.0,3.0,2.0,2.0,1ER ÉTAGE,floor_1,0,0,0,0,1,0
tayara_68de3a416c505afdc05c7c2d,tayara,vente,maison_villa,Tunis,Mutuelleville,,1900000.0,3800.0,500.0,,4.0,3.0,3.0,Rez-de-chaussée,ground_floor,0,1,1,1,1,0
tayara_6a968fcb33f4b02206bdee1c,tayara,vente,maison_villa,Tunis,Tunis,2320000.0,2320000.0,3866.6666666666665,600.0,2.0,2.0,1.0,1.0,,unknown,0,0,0,0,0,0
tayara_6a9674d633f4b02206bde0f0,tayara,vente,maison_villa,Tunis,Le Kram,,,,,2.0,2.0,2.0,2.0,Rez-de-chaussée,ground_floor,0,0,0,0,0,0
tayara_6989968add758628862508c7,tayara,vente,maison_villa,Tunis,La Marsa,1600000.0,1600000.0,2909.090909090909,550.0,,5.0,4.0,4.0,rez-de-chaussée,ground_floor,0,1,1,0,0,0
tayara_69f1db569ab1fd1e10944b59,tayara,vente,maison_villa,Tunis,Alain Savary,2200000.0,2200000.0,2816.9014084507044,781.0,,3.0,2.0,2.0,,unknown,0,0,0,0,0,0
tayara_6a94c2fdb6ae14216f5c49ab,tayara,vente,maison_villa,Gafsa,Gafsa Sud,400000.0,400000.0,,,,4.0,3.0,3.0,,unknown,0,0,0,0,0,0
tayara_6a9485e977308dd7f229362c,tayara,vente,maison_villa,Sfax,Route Taniour,,,,,,3.0,2.0,2.0,,unknown,0,0,0,0,0,0
tayara_6a4505c6b3da6e91fdc18598,tayara,vente,maison_villa,Nabeul,Klibia,700000.0,700000.0,,,,3.0,2.0,2.0,,unknown,0,0,0,0,0,0
tayara_6a9557d1b6ae14216f5c74ca,tayara,vente,maison_villa,Tunis,Sidi Hassine,,,,,,3.0,2.0,2.0,,unknown,0,0,0,0,0,0
tayara_6a94a47bb6ae14216f5c413e,tayara,vente,maison_villa,Sousse,Sousse Riadh,858230.0,858230.0,,,,3.0,2.0,2.0,,unknown,0,0,0,0,0,0
tayara_6a9563e133f4b02206bd656b,tayara,vente,maison_villa,Ben Arous,Ezzahra,,,,98.0,,5.0,3.0,2.0,Rez-de-chaussée,ground_floor,0,1,0,0,0,0
tayara_6a9476e677308dd7f22930c7,tayara,vente,maison_villa,Nabeul,Klibia,111111.0,111111.0,,,,3.0,2.0,2.0,,unknown,0,0,0,0,0,0
tayara_6a955f75b6ae14216f5c7ac1,tayara,vente,maison_villa,Tunis,Tunis,,,,,,3.0,2.0,1.0,,unknown,0,0,0,0,0,0
tayara_6a116d76e853e69bec064d2a,tayara,vente,maison_villa,Nabeul,Klibia,650000.0,650000.0,,,,4.0,3.0,3.0,,unknown,0,0,1,0,0,0
tayara_6a956f2733f4b02206bd6d6e,tayara,vente,maison_villa,Tunis,Hraria,770000.0,770000.0,1040.5405405405406,740.0,,2.0,1.0,1.0,,unknown,0,0,0,0,0,0
tayara_6a954ab5b6ae14216f5c6aed,tayara,vente,maison_villa,Tunis,Tunis,1100000.0,1100000.0,,,,7.0,5.0,0.0,RDC,ground_floor,0,0,0,0,0,0
tayara_6a954557b6ae14216f5c67be,tayara,vente,maison_villa,Tunis,Hraria,125000.0,125000.0,,,2.0,2.0,2.0,0.0,,unknown,0,1,0,0,0,0
tayara_6a94ab1fb6ae14216f5c4347,tayara,vente,maison_villa,Mahdia,Mahdia,260000.0,260000.0,1405.4054054054054,185.0,3.0,3.0,1.0,1.0,1er étage,floor_1,0,0,0,0,0,0
tecnocasa_68500_html,tecnocasa,vente,appartement,Ariana,Ariana Ville,2381.0,135000.0,1205.357142857143,112.0,2.0,2.0,2.0,,rez-de-chaussée,ground_floor,0,1,0,0,1,0
tecnocasa_66070_html,tecnocasa,vente,appartement,Ariana,La Petite Ariana,4674.0,265000.0,2409.090909090909,110.0,2.0,2.0,2.0,,,unknown,1,0,0,0,1,0
tecnocasa_68789_html,tecnocasa,vente,appartement,Ariana,El Ghazela 2,6173.0,350000.0,2397.2602739726026,146.0,,,,,rez-de-chaussée,ground_floor,0,0,0,0,0,0
tecnocasa_70032_html,tecnocasa,vente,appartement,Ariana,Hedi Nouira Ariana,5644.0,320000.0,2424.242424242424,132.0,3.0,3.0,3.0,,rez-de-chaussée,ground_floor,0,1,0,0,1,0
tecnocasa_70435_html,tecnocasa,vente,appartement,Ariana,Ariana Ville,2646.0,150000.0,2173.913043478261,69.0,1.0,1.0,1.0,,,unknown,0,0,0,0,1,0
tecnocasa_60736_html,tecnocasa,vente,appartement,Ariana,Ariana Ville,3122.0,177000.0,1923.9130434782608,92.0,2.0,2.0,2.0,,,unknown,0,1,0,1,0,0
tecnocasa_70068_html,tecnocasa,vente,appartement,Ariana,Ariana Ville,4057.0,230000.0,1916.6666666666667,120.0,3.0,3.0,3.0,,,unknown,0,1,0,1,1,0
tecnocasa_69447_html,tecnocasa,vente,appartement,Ariana,Riadh Landalous,7585.0,430000.0,2559.5238095238096,168.0,3.0,3.0,3.0,,,unknown,0,1,0,1,1,0
tecnocasa_70670_html,tecnocasa,vente,appartement,Ariana,Hedi Nouira Ariana,3175.0,180000.0,2400.0,75.0,3.0,3.0,3.0,,,unknown,1,1,0,1,1,0
tecnocasa_70589_html,tecnocasa,vente,appartement,Ariana,Hedi Nouira Ariana,3263.0,185000.0,1697.2477064220184,109.0,2.0,2.0,2.0,,,unknown,0,0,0,1,1,0
tecnocasa_69199_html,tecnocasa,vente,appartement,Ariana,Hedi Nouira Ariana,2734.0,155000.0,1823.5294117647059,85.0,2.0,2.0,2.0,,,unknown,0,1,0,0,1,0
tecnocasa_67960_html,tecnocasa,vente,appartement,Ariana,Riadh Landalous,6967.0,395000.0,2821.4285714285716,140.0,3.0,3.0,3.0,,,unknown,0,1,0,0,0,0
tecnocasa_69780_html,tecnocasa,vente,appartement,Ariana,Riadh Landalous,4568.0,259000.0,2590.0,100.0,2.0,2.0,2.0,,2ème étage,floor_2,1,0,0,0,1,0
tecnocasa_65700_html,tecnocasa,vente,appartement,Ariana,Cité El Ghazala,5997.0,340000.0,2236.842105263158,152.0,3.0,3.0,3.0,,,unknown,1,1,0,0,1,0
tecnocasa_69928_html,tecnocasa,vente,appartement,Ariana,Hedi Nouira Ariana,3351.0,190000.0,1900.0,100.0,3.0,3.0,3.0,,,unknown,0,1,0,1,1,0
tecnocasa_70840_html,tecnocasa,vente,appartement,Ariana,Ennasr 2,6703.0,380000.0,3454.5454545454545,110.0,2.0,2.0,2.0,,1er étage,floor_1,0,1,0,1,1,0
tecnocasa_66156_html,tecnocasa,vente,appartement,Ariana,Ennasr 2,2910.0,165000.0,3000.0,55.0,1.0,1.0,1.0,,,unknown,0,0,0,1,1,0
tecnocasa_66199_html,tecnocasa,vente,appartement,Ariana,,6791.0,385000.0,2081.0810810810813,185.0,3.0,3.0,3.0,,,unknown,1,1,0,1,1,0
tecnocasa_68499_html,tecnocasa,vente,appartement,Ariana,Ennasr 2,3528.0,200000.0,3389.830508474576,59.0,1.0,1.0,1.0,,,unknown,1,0,0,0,1,0
tecnocasa_70414_html,tecnocasa,vente,appartement,Ariana,Ennasr 2,4851.0,275000.0,3055.5555555555557,90.0,2.0,2.0,2.0,,,unknown,1,1,0,1,1,0
tecnocasa_70457_html,tecnocasa,vente,appartement,Ariana,Ennasr 2,6703.0,380000.0,2733.8129496402876,139.0,3.0,3.0,3.0,,,unknown,1,1,0,1,1,0
tecnocasa_66716_html,tecnocasa,vente,appartement,Ariana,Ennasr 2,7055.0,400000.0,2836.8794326241136,141.0,3.0,3.0,3.0,,,unknown,1,1,0,1,1,0
tecnocasa_68950_html,tecnocasa,vente,appartement,Ariana,Ennasr,6703.0,380000.0,2814.814814814815,135.0,3.0,3.0,3.0,,,unknown,1,1,0,0,1,0
tecnocasa_68555_html,tecnocasa,vente,appartement,Ariana,,5733.0,325000.0,2708.3333333333335,120.0,2.0,2.0,2.0,,,unknown,0,1,0,0,1,0
tecnocasa_70386_html,tecnocasa,vente,appartement,Ariana,Ennasr 2,5821.0,330000.0,2500.0,132.0,3.0,3.0,3.0,,1er étage,floor_1,0,1,0,1,1,0
tecnocasa_66462_html,tecnocasa,vente,appartement,Ariana,Jardins D'Ennasr,9172.0,520000.0,2905.027932960894,179.0,3.0,3.0,3.0,,,unknown,0,1,0,0,1,0
tecnocasa_63766_html,tecnocasa,vente,appartement,Ariana,Ennasr 2,5468.0,310000.0,2605.0420168067226,119.0,2.0,2.0,2.0,,,unknown,1,0,0,1,1,0
tecnocasa_69862_html,tecnocasa,vente,appartement,Ariana,Ennasr 2,6703.0,380000.0,2500.0,152.0,3.0,3.0,3.0,,,unknown,1,1,0,1,1,0
tecnocasa_68946_html,tecnocasa,vente,appartement,Ariana,Ennasr 2,7673.0,435000.0,3020.8333333333335,144.0,3.0,3.0,3.0,,rez-de-chaussée,ground_floor,1,1,0,1,1,0
tecnocasa_69351_html,tecnocasa,vente,appartement,Ariana,Ennasr 2,3087.0,175000.0,3181.818181818182,55.0,1.0,1.0,1.0,,,unknown,1,0,0,1,1,0
tecnocasa_70791_html,tecnocasa,vente,appartement,Tunis,Menzah 7,6526.0,370000.0,2846.153846153846,130.0,4.0,4.0,4.0,,,unknown,1,0,0,1,1,0
tecnocasa_69762_html,tecnocasa,vente,appartement,Tunis,Menzah 9,11253.0,638000.0,2091.8032786885246,305.0,3.0,3.0,3.0,,,unknown,1,1,0,1,1,0
tecnocasa_69504_html,tecnocasa,vente,appartement,Tunis,Menzah 9,5027.0,285000.0,2478.2608695652175,115.0,3.0,3.0,3.0,,,unknown,0,0,0,0,0,0
tecnocasa_66075_html,tecnocasa,vente,appartement,Tunis,Menzah 6,7937.0,450000.0,3750.0,120.0,,,,,rez-de-chaussée,ground_floor,0,1,0,0,0,0
tecnocasa_66987_html,tecnocasa,vente,appartement,Tunis,Menzah 9,6879.0,390000.0,3250.0,120.0,3.0,3.0,3.0,,,unknown,1,1,0,1,1,0
tecnocasa_69227_html,tecnocasa,vente,appartement,Tunis,Menzah 6,8114.0,460000.0,1769.2307692307693,260.0,3.0,3.0,3.0,,rez-de-chaussée,ground_floor,0,0,0,0,1,0
tecnocasa_64701_html,tecnocasa,vente,appartement,Tunis,Menzah 7,4939.0,280000.0,2058.823529411765,136.0,3.0,3.0,3.0,,,unknown,1,1,0,1,1,0
tecnocasa_69205_html,tecnocasa,vente,appartement,Tunis,Menzah 7,4939.0,280000.0,2434.782608695652,115.0,3.0,3.0,3.0,,rez-de-chaussée,ground_floor,0,0,0,0,1,0
tecnocasa_68874_html,tecnocasa,vente,appartement,Tunis,Menzah 5,4586.0,260000.0,2166.6666666666665,120.0,2.0,2.0,2.0,,,unknown,0,0,0,0,1,0
tecnocasa_68344_html,tecnocasa,vente,appartement,Tunis,Menzah 8,5997.0,340000.0,2615.3846153846152,130.0,3.0,3.0,3.0,,,unknown,1,0,0,1,1,0
tecnocasa_68442_html,tecnocasa,vente,appartement,Tunis,Menzah 1-4,4939.0,280000.0,2000.0,140.0,2.0,2.0,2.0,,rez-de-chaussée,ground_floor,0,1,0,0,1,0
tecnocasa_66557_html,tecnocasa,vente,appartement,Tunis,Menzah 9,16933.0,960000.0,3692.3076923076924,260.0,,,,,rez-de-chaussée,ground_floor,0,1,1,0,0,0
tecnocasa_68093_html,tecnocasa,vente,appartement,Tunis,Menzah 6,7761.0,440000.0,2750.0,160.0,3.0,3.0,3.0,,,unknown,0,0,0,0,1,0
tecnocasa_67148_html,tecnocasa,vente,appartement,Tunis,Menzah 9,6526.0,370000.0,2387.0967741935483,155.0,3.0,3.0,3.0,,rez-de-chaussée,ground_floor,0,1,0,0,1,0
tecnocasa_65643_html,tecnocasa,vente,appartement,Tunis,Menzah 9,5821.0,330000.0,2920.353982300885,113.0,3.0,3.0,3.0,,,unknown,0,0,0,1,1,0
tecnocasa_70458_html,tecnocasa,vente,appartement,Tunis,Bardo,1499.0,85000.0,1700.0,50.0,2.0,2.0,2.0,,,unknown,0,0,0,0,0,0
tecnocasa_68328_html,tecnocasa,vente,appartement,Tunis,Bardo,1676.0,95000.0,1583.3333333333333,60.0,2.0,2.0,2.0,,,unknown,0,0,0,0,0,0
tecnocasa_63443_html,tecnocasa,vente,appartement,Tunis,Bardo,2999.0,170000.0,1545.4545454545455,110.0,3.0,3.0,3.0,,,unknown,0,0,0,0,1,0
tecnocasa_64031_html,tecnocasa,vente,appartement,Tunis,Bardo,3704.0,210000.0,2000.0,105.0,3.0,3.0,3.0,,,unknown,0,1,0,1,1,0
tecnocasa_68162_html,tecnocasa,vente,appartement,Tunis,Bardo,4145.0,235000.0,2350.0,100.0,2.0,2.0,2.0,,rez-de-chaussée,ground_floor,0,0,0,1,1,0
tecnocasa_52242_html,tecnocasa,vente,appartement,Tunis,St Clement,7585.0,430000.0,3307.6923076923076,130.0,3.0,3.0,3.0,,,unknown,0,0,0,0,1,0
tecnocasa_70423_html,tecnocasa,vente,appartement,Bizerte,Bizerte,6614.0,375000.0,2450.9803921568628,153.0,2.0,2.0,2.0,,,unknown,0,0,0,0,0,0
tecnocasa_69794_html,tecnocasa,vente,appartement,Bizerte,Bizerte,4057.0,230000.0,2875.0,80.0,1.0,1.0,1.0,,,unknown,0,1,0,0,0,0
tecnocasa_65110_html,tecnocasa,vente,appartement,Bizerte,Bizerte,3440.0,195000.0,1805.5555555555557,108.0,3.0,3.0,3.0,,,unknown,0,0,0,0,0,0
tecnocasa_70122_html,tecnocasa,vente,appartement,Bizerte,Bizerte,7408.0,420000.0,3230.769230769231,130.0,3.0,3.0,3.0,,,unknown,0,0,0,0,0,0
tecnocasa_70118_html,tecnocasa,vente,appartement,Bizerte,Bizerte,3792.0,215000.0,2687.5,80.0,2.0,2.0,2.0,,,unknown,0,0,0,0,0,0
tecnocasa_69072_html,tecnocasa,vente,appartement,Bizerte,Bizerte,6173.0,350000.0,2536.231884057971,138.0,3.0,3.0,3.0,,1er étage,floor_1,0,0,0,0,0,0
tecnocasa_67319_html,tecnocasa,vente,appartement,Bizerte,Bizerte,3528.0,200000.0,2247.191011235955,89.0,3.0,3.0,3.0,,,unknown,0,0,0,0,0,0
tecnocasa_67133_html,tecnocasa,vente,appartement,Bizerte,Bizerte,2646.0,150000.0,2941.176470588235,51.0,1.0,1.0,1.0,,,unknown,0,0,0,0,0,0
tecnocasa_51008_html,tecnocasa,vente,appartement,Bizerte,Bizerte,5115.0,290000.0,2265.625,128.0,2.0,2.0,2.0,,,unknown,0,0,0,0,0,0
tecnocasa_66589_html,tecnocasa,vente,appartement,Bizerte,Bizerte,2646.0,150000.0,1578.9473684210527,95.0,2.0,2.0,2.0,,,unknown,0,0,0,0,0,0
tecnocasa_66023_html,tecnocasa,vente,appartement,Bizerte,Bizerte,3351.0,190000.0,1067.4157303370787,178.0,4.0,4.0,4.0,,,unknown,0,1,0,0,0,0
tecnocasa_64076_html,tecnocasa,vente,appartement,Bizerte,Bizerte,3175.0,180000.0,1250.0,144.0,2.0,2.0,2.0,,,unknown,0,0,0,0,0,0
tecnocasa_58845_html,tecnocasa,vente,appartement,Bizerte,,3528.0,200000.0,975.609756097561,205.0,,,,,,unknown,0,1,0,0,0,0
tecnocasa_56418_html,tecnocasa,vente,appartement,Bizerte,,2646.0,150000.0,2941.176470588235,51.0,2.0,2.0,2.0,,,unknown,0,1,0,0,0,0
tecnocasa_48999_html,tecnocasa,vente,appartement,Bizerte,,6173.0,350000.0,1750.0,200.0,2.0,2.0,2.0,,,unknown,0,0,0,0,0,0
tecnocasa_55190_html,tecnocasa,vente,appartement,Nabeul,Nabeul Centre-Ville,3704.0,210000.0,1206.896551724138,174.0,2.0,2.0,2.0,,,unknown,0,0,0,0,0,0
tecnocasa_65184_html,tecnocasa,vente,appartement,Nabeul,,8555.0,485000.0,3943.089430894309,123.0,2.0,2.0,2.0,,rez-de-chaussée,ground_floor,1,0,1,1,0,0
tecnocasa_69637_html,tecnocasa,vente,appartement,Nabeul,Nabeul Centre-Ville,6350.0,360000.0,3272.7272727272725,110.0,3.0,3.0,3.0,,,unknown,0,0,0,1,1,0
tecnocasa_44426_html,tecnocasa,vente,appartement,Nabeul,Nabeul Centre-Ville,5292.0,300000.0,2564.102564102564,117.0,2.0,2.0,2.0,,,unknown,0,1,1,0,0,0
tecnocasa_69328_html,tecnocasa,vente,appartement,Nabeul,Hammamet Nord,10583.0,600000.0,3174.6031746031745,189.0,2.0,2.0,2.0,,rez-de-chaussée,ground_floor,0,0,1,1,1,0
tecnocasa_56365_html,tecnocasa,vente,appartement,Nabeul,Nabeul Centre-Ville,9878.0,560000.0,1842.1052631578948,304.0,3.0,3.0,3.0,,,unknown,1,0,0,1,1,0
tecnocasa_70150_html,tecnocasa,vente,appartement,Nabeul,,6738.0,382000.0,2260.355029585799,169.0,2.0,2.0,2.0,,,unknown,1,1,1,0,0,0
tecnocasa_66104_html,tecnocasa,vente,appartement,Nabeul,Nabeul Centre-Ville,5644.0,320000.0,2335.7664233576643,137.0,2.0,2.0,2.0,,,unknown,0,1,0,0,0,0
tecnocasa_61216_html,tecnocasa,vente,appartement,Nabeul,Nabeul Centre-Ville,7055.0,400000.0,3333.3333333333335,120.0,2.0,2.0,2.0,,,unknown,1,1,0,1,1,0
tecnocasa_67831_html,tecnocasa,vente,appartement,Nabeul,Nabeul Centre-Ville,4233.0,240000.0,3636.3636363636365,66.0,2.0,2.0,2.0,,,unknown,0,1,0,0,0,0
tecnocasa_70321_html,tecnocasa,vente,appartement,Nabeul,Nabeul Centre-Ville,7232.0,410000.0,3416.6666666666665,120.0,2.0,2.0,2.0,,2ème étage,floor_2,0,0,0,0,0,0
tecnocasa_69961_html,tecnocasa,vente,appartement,Nabeul,Nabeul Afh,5909.0,335000.0,3722.222222222222,90.0,2.0,2.0,2.0,,1er étage,floor_1,1,1,0,1,1,0
tecnocasa_62025_html,tecnocasa,vente,appartement,Nabeul,Nabeul Centre-Ville,5644.0,320000.0,1600.0,200.0,3.0,3.0,3.0,,,unknown,0,0,0,0,0,0
tecnocasa_64367_html,tecnocasa,vente,appartement,Nabeul,Nabeul Afh,5644.0,320000.0,2782.608695652174,115.0,2.0,2.0,2.0,,,unknown,1,0,0,1,1,0
tecnocasa_67618_html,tecnocasa,vente,appartement,Nabeul,Nabeul Centre-Ville,4057.0,230000.0,3593.75,64.0,1.0,1.0,1.0,,,unknown,0,0,0,0,0,0
tecnocasa_70798_html,tecnocasa,vente,appartement,Sousse,Sahloul 1-2,7937.0,450000.0,2903.2258064516127,155.0,3.0,3.0,3.0,,1er étage,floor_1,0,0,0,0,0,0
tecnocasa_70632_html,tecnocasa,vente,appartement,Sousse,,4057.0,230000.0,2875.0,80.0,2.0,2.0,2.0,,,unknown,0,1,0,0,0,0
tecnocasa_69501_html,tecnocasa,vente,appartement,Sousse,Sahloul 4,8502.0,482000.0,3651.5151515151515,132.0,3.0,3.0,3.0,,rez-de-chaussée,ground_floor,0,1,0,0,0,0
tecnocasa_67586_html,tecnocasa,vente,appartement,Sousse,Bouhsina,13052.0,740000.0,1709.0069284064666,433.0,3.0,3.0,3.0,,Rez-de-chaussée,ground_floor,0,0,1,0,0,0
tecnocasa_70075_html,tecnocasa,vente,appartement,Sousse,Sahloul 4,4304.0,244000.0,4603.773584905661,53.0,1.0,1.0,1.0,,,unknown,0,1,0,0,0,0
tecnocasa_70174_html,tecnocasa,vente,appartement,Sousse,Sahloul 4,4586.0,260000.0,3333.3333333333335,78.0,1.0,1.0,1.0,,,unknown,0,0,0,0,0,1
tecnocasa_57247_html,tecnocasa,vente,appartement,Sousse,Bouhsina,6456.0,366000.0,2904.7619047619046,126.0,3.0,3.0,3.0,,,unknown,0,0,1,0,0,0
tecnocasa_69580_html,tecnocasa,vente,appartement,Sousse,,7408.0,420000.0,1615.3846153846155,260.0,3.0,3.0,3.0,,rez-de-chaussée,ground_floor,0,1,0,0,0,0
tecnocasa_70132_html,tecnocasa,vente,appartement,Sousse,El Menchia,5468.0,310000.0,2818.181818181818,110.0,2.0,2.0,2.0,,,unknown,0,1,0,0,0,0
tecnocasa_66331_html,tecnocasa,vente,appartement,Sousse,Cité Riadh,3863.0,219000.0,1825.0,120.0,2.0,2.0,2.0,,,unknown,1,1,0,0,0,0
tecnocasa_69887_html,tecnocasa,vente,appartement,Sousse,Cité Riadh,2205.0,125000.0,1041.6666666666667,120.0,3.0,3.0,3.0,,,unknown,0,0,0,0,0,0
tecnocasa_69034_html,tecnocasa,vente,appartement,Sousse,Cité Riadh,1552.0,88000.0,880.0,100.0,2.0,2.0,2.0,,,unknown,0,0,0,0,0,0
tecnocasa_64839_html,tecnocasa,vente,appartement,Sousse,Cité Riadh,1358.0,77000.0,950.6172839506173,81.0,2.0,2.0,2.0,,rez-de-chaussée,ground_floor,0,0,0,0,0,0
tecnocasa_66715_html,tecnocasa,vente,appartement,Sousse,Cité Riadh,2099.0,119000.0,1034.7826086956522,115.0,2.0,2.0,2.0,,,unknown,1,0,0,0,0,0
tecnocasa_68012_html,tecnocasa,vente,appartement,Sousse,Khezema Est,7761.0,440000.0,2933.3333333333335,150.0,3.0,3.0,3.0,,,unknown,0,1,0,1,0,0
